1,SU-14608,0140420685,2021,3,23,5,44,52,0,930,279,84
1,SU-14608,0140420685,2021,3,23,5,44,52,600,930,279,84
1,SU-14608,0140420685,2021,3,23,5,44,52,1200,928,279,84
1,SU-14608,0140420685,2021,3,23,5,44,52,1800,930,279,84
1,SU-14608,0140420685,2021,3,23,5,44,52,2400,930,279,84
1,SU-14608,0140420685,2021,3,23,5,44,52,3000,930,279,84
1,SU-14608,0140420685,2021,3,23,5,44,52,3600,930,279,84
1,SU-14608,0140420685,2021,3,23,5,44,52,4200,930,279,84
1,SU-14608,0140420685,2021,3,23,5,44,52,4800,930,279,84
1,SU-14608,0140420685,2021,3,23,5,44,52,5400,931,279,82
1,SU-14608,0140420685,2021,3,23,5,44,52,6000,931,279,83
1,SU-14608,0140420685,2021,3,23,5,44,52,6600,931,279,82
1,SU-14608,0140420685,2021,3,23,5,44,52,7200,931,279,83
1,SU-14608,0140420685,2021,3,23,5,44,52,7800,930,279,82
1,SU-14608,0140420685,2021,3,23,5,44,52,8400,931,279,82
1,SU-14608,0140420685,2021,3,23,5,44,52,9000,930,279,82
1,SU-14608,0140420685,2021,3,23,5,44,52,9600,931,279,82
1,SU-14608,0140420685,2021,3,23,5,44,52,10200,931,279,82
1,SU-14608,0140420685,2021,3,23,5,44,52,10800,931,279,82
1,SU-14608,0140420685,2021,3,23,5,44,52,11400,931,279,81
1,SU-14608,0140420685,2021,3,23,5,44,52,12000,931,279,82
1,SU-14608,0140420685,2021,3,23,5,44,52,12600,931,279,82
1,SU-14608,0140420685,2021,3,23,5,44,52,13200,931,279,82
1,SU-14608,0140420685,2021,3,23,5,44,52,13800,931,279,83
1,SU-14608,0140420685,2021,3,23,5,44,52,14400,931,279,83
1,SU-14608,0140420685,2021,3,23,5,44,52,15000,931,279,83
1,SU-14608,0140420685,2021,3,23,5,44,52,15600,931,279,83
1,SU-14608,0140420685,2021,3,23,5,44,52,16200,932,279,83
1,SU-14608,0140420685,2021,3,23,5,44,52,16800,931,279,83
1,SU-14608,0140420685,2021,3,23,5,44,52,17400,931,279,83
1,SU-14608,0140420685,2021,3,23,5,44,52,18000,931,279,83
1,SU-14608,0140420685,2021,3,23,5,44,52,18600,931,279,84
1,SU-14608,0140420685,2021,3,23,5,44,52,19200,931,279,83
1,SU-14608,0140420685,2021,3,23,5,44,52,19800,931,279,83
1,SU-14608,0140420685,2021,3,23,5,44,52,20400,931,279,84
1,SU-14608,0140420685,2021,3,23,5,44,52,21000,930,279,84
1,SU-14608,0140420685,2021,3,23,5,44,52,21600,931,279,84
1,SU-14608,0140420685,2021,3,23,5,44,52,22200,930,279,84
1,SU-14608,0140420685,2021,3,23,5,44,52,22800,931,279,84
1,SU-14608,0140420685,2021,3,23,5,44,52,23400,931,279,84
1,SU-14608,0140420685,2021,3,23,5,44,52,24000,930,279,84
1,SU-14608,0140420685,2021,3,23,5,44,52,24600,930,279,84
1,SU-14608,0140420685,2021,3,23,5,44,52,25200,931,279,84
1,SU-14608,0140420685,2021,3,23,5,44,52,25800,931,279,85
1,SU-14608,0140420685,2021,3,23,5,44,52,26400,930,279,84
1,SU-14608,0140420685,2021,3,23,5,44,52,27000,931,279,85
1,SU-14608,0140420685,2021,3,23,5,44,52,27600,930,279,85
1,SU-14608,0140420685,2021,3,23,5,44,52,28200,930,279,85
1,SU-14608,0140420685,2021,3,23,5,44,52,28800,929,279,86
1,SU-14608,0140420685,2021,3,23,5,44,52,29400,929,279,85
1,SU-14608,0140420685,2021,3,23,5,44,52,30000,929,279,85
1,SU-14608,0140420685,2021,3,23,5,44,52,30600,930,279,86
1,SU-14608,0140420685,2021,3,23,5,44,52,31200,929,279,85
1,SU-14608,0140420685,2021,3,23,5,44,52,31800,930,279,86
1,SU-14608,0140420685,2021,3,23,5,44,52,32400,929,279,86
1,SU-14608,0140420685,2021,3,23,5,44,52,33000,929,279,86
1,SU-14608,0140420685,2021,3,23,5,44,52,33600,930,279,86
1,SU-14608,0140420685,2021,3,23,5,44,52,34200,929,279,87
1,SU-14608,0140420685,2021,3,23,5,44,52,34800,929,279,86
1,SU-14608,0140420685,2021,3,23,5,44,52,35400,929,279,86
1,SU-14608,0140420685,2021,3,23,5,44,52,36000,929,279,87
1,SU-14608,0140420685,2021,3,23,5,44,52,36600,929,279,87
1,SU-14608,0140420685,2021,3,23,5,44,52,37200,929,279,87
1,SU-14608,0140420685,2021,3,23,5,44,52,37800,929,279,86
1,SU-14608,0140420685,2021,3,23,5,44,52,38400,929,279,87
1,SU-14608,0140420685,2021,3,23,5,44,52,39000,929,279,87
1,SU-14608,0140420685,2021,3,23,5,44,52,39600,930,279,87
1,SU-14608,0140420685,2021,3,23,5,44,52,40200,929,279,87
1,SU-14608,0140420685,2021,3,23,5,44,52,40800,930,279,87
1,SU-14608,0140420685,2021,3,23,5,44,52,41400,930,279,87
1,SU-14608,0140420685,2021,3,23,5,44,52,42000,930,279,87
1,SU-14608,0140420685,2021,3,23,5,44,52,42600,930,279,87
1,SU-14608,0140420685,2021,3,23,5,44,52,43200,930,279,87
1,SU-14608,0140420685,2021,3,23,5,44,52,43800,931,279,87
1,SU-14608,0140420685,2021,3,23,5,44,52,44400,931,279,87
1,SU-14608,0140420685,2021,3,23,5,44,52,45000,931,279,87
1,SU-14608,0140420685,2021,3,23,5,44,52,45600,931,279,87
1,SU-14608,0140420685,2021,3,23,5,44,52,46200,931,279,87
1,SU-14608,0140420685,2021,3,23,5,44,52,46800,931,279,87
1,SU-14608,0140420685,2021,3,23,5,44,52,47400,931,279,87
1,SU-14608,0140420685,2021,3,23,5,44,52,48000,931,279,87
1,SU-14608,0140420685,2021,3,23,5,44,52,48600,931,279,87
1,SU-14608,0140420685,2021,3,23,5,44,52,49200,931,279,87
1,SU-14608,0140420685,2021,3,23,5,44,52,49800,932,279,87
1,SU-14608,0140420685,2021,3,23,5,44,52,50400,932,279,87
1,SU-14608,0140420685,2021,3,23,5,44,52,51000,932,279,87
1,SU-14608,0140420685,2021,3,23,5,44,52,51600,933,279,87
1,SU-14608,0140420685,2021,3,23,5,44,52,52200,932,279,87
1,SU-14608,0140420685,2021,3,23,5,44,52,52800,932,279,87
1,SU-14608,0140420685,2021,3,23,5,44,52,53400,932,279,87
1,SU-14608,0140420685,2021,3,23,5,44,52,54000,932,279,87
1,SU-14608,0140420685,2021,3,23,5,44,52,54600,932,279,87
1,SU-14608,0140420685,2021,3,23,5,44,52,55200,933,279,88
1,SU-14608,0140420685,2021,3,23,5,44,52,55800,933,279,87
1,SU-14608,0140420685,2021,3,23,5,44,52,56400,932,279,87
1,SU-14608,0140420685,2021,3,23,5,44,52,57000,932,279,88
1,SU-14608,0140420685,2021,3,23,5,44,52,57600,933,279,87
1,SU-14608,0140420685,2021,3,23,5,44,52,58200,933,279,88
1,SU-14608,0140420685,2021,3,23,5,44,52,58800,933,279,88
1,SU-14608,0140420685,2021,3,23,5,44,52,59400,933,279,88
1,SU-14608,0140420685,2021,3,23,5,44,52,60000,933,279,88
1,SU-14608,0140420685,2021,3,23,5,44,52,60600,933,279,88
1,SU-14608,0140420685,2021,3,23,5,44,52,61200,933,279,87
1,SU-14608,0140420685,2021,3,23,5,44,52,61800,933,279,87
1,SU-14608,0140420685,2021,3,23,5,44,52,62400,933,279,88
1,SU-14608,0140420685,2021,3,23,5,44,52,63000,933,279,88
1,SU-14608,0140420685,2021,3,23,5,44,52,63600,933,279,87
1,SU-14608,0140420685,2021,3,23,5,44,52,64200,933,279,87
1,SU-14608,0140420685,2021,3,23,5,44,52,64800,933,279,87
1,SU-14608,0140420685,2021,3,23,5,44,52,65400,933,279,87
1,SU-14608,0140420685,2021,3,23,5,44,52,66000,933,279,87
1,SU-14608,0140420685,2021,3,23,5,44,52,66600,933,279,87
1,SU-14608,0140420685,2021,3,23,5,44,52,67200,933,279,87
1,SU-14608,0140420685,2021,3,23,5,44,52,67800,933,279,87
1,SU-14608,0140420685,2021,3,23,5,44,52,68400,933,279,88
1,SU-14608,0140420685,2021,3,23,5,44,52,69000,933,279,87
1,SU-14608,0140420685,2021,3,23,5,44,52,69600,933,279,87
1,SU-14608,0140420685,2021,3,23,5,44,52,70200,933,279,88
1,SU-14608,0140420685,2021,3,23,5,44,52,70800,933,279,87
1,SU-14608,0140420685,2021,3,23,5,44,52,71400,933,279,88
1,SU-14608,0140420685,2021,3,23,5,44,52,72000,933,279,88
1,SU-14608,0140420685,2021,3,23,5,44,52,72600,933,279,89
1,SU-14608,0140420685,2021,3,23,5,44,52,73200,935,279,98
1,SU-14608,0140420685,2021,3,23,5,44,52,73800,957,280,43
1,SU-14608,0140420685,2021,3,23,5,44,52,74400,968,280,51
1,SU-14608,0140420685,2021,3,23,5,44,52,75000,978,280,55
1,SU-14608,0140420685,2021,3,23,5,44,52,75600,990,280,57
1,SU-14608,0140420685,2021,3,23,5,44,52,76200,1003,280,56
1,SU-14608,0140420685,2021,3,23,5,44,52,76800,1016,280,54
1,SU-14608,0140420685,2021,3,23,5,44,52,77400,1030,280,54
1,SU-14608,0140420685,2021,3,23,5,44,52,78000,1040,280,54
1,SU-14608,0140420685,2021,3,23,5,44,52,78600,1050,280,54
1,SU-14608,0140420685,2021,3,23,5,44,52,79200,1058,280,54
1,SU-14608,0140420685,2021,3,23,5,44,52,79800,1064,280,53
1,SU-14608,0140420685,2021,3,23,5,44,52,80400,1067,280,52
1,SU-14608,0140420685,2021,3,23,5,44,52,81000,1068,280,51
1,SU-14608,0140420685,2021,3,23,5,44,52,81600,1070,280,52
1,SU-14608,0140420685,2021,3,23,5,44,52,82200,1070,280,51
1,SU-14608,0140420685,2021,3,23,5,44,52,82800,1071,280,51
1,SU-14608,0140420685,2021,3,23,5,44,52,83400,1071,280,51
1,SU-14608,0140420685,2021,3,23,5,44,52,84000,1071,280,51
1,SU-14608,0140420685,2021,3,23,5,44,52,84600,1072,280,50
1,SU-14608,0140420685,2021,3,23,5,44,52,85200,1073,280,50
1,SU-14608,0140420685,2021,3,23,5,44,52,85800,1072,280,50
1,SU-14608,0140420685,2021,3,23,5,44,52,86400,1073,280,49
1,SU-14608,0140420685,2021,3,23,5,44,52,87000,1072,280,50
1,SU-14608,0140420685,2021,3,23,5,44,52,87600,1073,280,49
1,SU-14608,0140420685,2021,3,23,5,44,52,88200,1073,280,49
1,SU-14608,0140420685,2021,3,23,5,44,52,88800,1073,280,49
1,SU-14608,0140420685,2021,3,23,5,44,52,89400,1073,280,49
1,SU-14608,0140420685,2021,3,23,5,44,52,90000,1073,280,50
1,SU-14608,0140420685,2021,3,23,5,44,52,90600,1073,280,50
1,SU-14608,0140420685,2021,3,23,5,44,52,91200,1073,280,50
1,SU-14608,0140420685,2021,3,23,5,44,52,91800,1073,280,51
1,SU-14608,0140420685,2021,3,23,5,44,52,92400,1072,280,51
1,SU-14608,0140420685,2021,3,23,5,44,52,93000,1073,280,51
1,SU-14608,0140420685,2021,3,23,5,44,52,93600,1072,280,51
1,SU-14608,0140420685,2021,3,23,5,44,52,94200,1073,280,52
1,SU-14608,0140420685,2021,3,23,5,44,52,94800,1072,280,52
1,SU-14608,0140420685,2021,3,23,5,44,52,95400,1072,280,52
1,SU-14608,0140420685,2021,3,23,5,44,52,96000,1072,280,54
1,SU-14608,0140420685,2021,3,23,5,44,52,96600,1072,280,54
1,SU-14608,0140420685,2021,3,23,5,44,52,97200,1071,280,54
1,SU-14608,0140420685,2021,3,23,5,44,52,97800,1072,280,55
1,SU-14608,0140420685,2021,3,23,5,44,52,98400,1071,280,56
1,SU-14608,0140420685,2021,3,23,5,44,52,99000,1070,280,56
1,SU-14608,0140420685,2021,3,23,5,44,52,99600,1071,280,57
1,SU-14608,0140420685,2021,3,23,5,44,52,100200,1071,280,57
1,SU-14608,0140420685,2021,3,23,5,44,52,100800,1070,280,57
1,SU-14608,0140420685,2021,3,23,5,44,52,101400,1071,280,58
1,SU-14608,0140420685,2021,3,23,5,44,52,102000,1071,280,58
1,SU-14608,0140420685,2021,3,23,5,44,52,102600,1070,280,59
1,SU-14608,0140420685,2021,3,23,5,44,52,103200,1070,280,59
1,SU-14608,0140420685,2021,3,23,5,44,52,103800,1069,280,59
1,SU-14608,0140420685,2021,3,23,5,44,52,104400,1070,280,60
1,SU-14608,0140420685,2021,3,23,5,44,52,105000,1068,280,60
1,SU-14608,0140420685,2021,3,23,5,44,52,105600,1069,280,60
1,SU-14608,0140420685,2021,3,23,5,44,52,106200,1069,280,61
1,SU-14608,0140420685,2021,3,23,5,44,52,106800,1068,280,61
1,SU-14608,0140420685,2021,3,23,5,44,52,107400,1068,280,60
1,SU-14608,0140420685,2021,3,23,5,44,52,108000,1067,280,60
1,SU-14608,0140420685,2021,3,23,5,44,52,108600,1067,280,61
1,SU-14608,0140420685,2021,3,23,5,44,52,109200,1066,280,61
1,SU-14608,0140420685,2021,3,23,5,44,52,109800,1066,280,61
1,SU-14608,0140420685,2021,3,23,5,44,52,110400,1066,280,61
1,SU-14608,0140420685,2021,3,23,5,44,52,111000,1065,280,61
1,SU-14608,0140420685,2021,3,23,5,44,52,111600,1065,280,61
1,SU-14608,0140420685,2021,3,23,5,44,52,112200,1064,280,61
1,SU-14608,0140420685,2021,3,23,5,44,52,112800,1064,280,61
1,SU-14608,0140420685,2021,3,23,5,44,52,113400,1063,280,61
1,SU-14608,0140420685,2021,3,23,5,44,52,114000,1062,280,61
1,SU-14608,0140420685,2021,3,23,5,44,52,114600,1062,280,61
1,SU-14608,0140420685,2021,3,23,5,44,52,115200,1061,280,61
1,SU-14608,0140420685,2021,3,23,5,44,52,115800,1061,280,61
1,SU-14608,0140420685,2021,3,23,5,44,52,116400,1061,280,61
1,SU-14608,0140420685,2021,3,23,5,44,52,117000,1059,280,61
1,SU-14608,0140420685,2021,3,23,5,44,52,117600,1060,280,61
1,SU-14608,0140420685,2021,3,23,5,44,52,118200,1058,280,60
1,SU-14608,0140420685,2021,3,23,5,44,52,118800,1058,280,60
1,SU-14608,0140420685,2021,3,23,5,44,52,119400,1057,280,61
1,SU-14608,0140420685,2021,3,23,5,44,52,120000,1056,280,60
1,SU-14608,0140420685,2021,3,23,5,44,52,120600,1056,280,60
1,SU-14608,0140420685,2021,3,23,5,44,52,121200,1055,280,61
1,SU-14608,0140420685,2021,3,23,5,44,52,121800,1054,280,60
1,SU-14608,0140420685,2021,3,23,5,44,52,122400,1053,280,60
1,SU-14608,0140420685,2021,3,23,5,44,52,123000,1053,280,60
1,SU-14608,0140420685,2021,3,23,5,44,52,123600,1051,280,60
1,SU-14608,0140420685,2021,3,23,5,44,52,124200,1051,280,60
1,SU-14608,0140420685,2021,3,23,5,44,52,124800,1050,280,60
1,SU-14608,0140420685,2021,3,23,5,44,52,125400,1049,280,60
1,SU-14608,0140420685,2021,3,23,5,44,52,126000,1049,280,60
1,SU-14608,0140420685,2021,3,23,5,44,52,126600,1048,280,59
1,SU-14608,0140420685,2021,3,23,5,44,52,127200,1048,280,60
1,SU-14608,0140420685,2021,3,23,5,44,52,127800,1046,280,60
1,SU-14608,0140420685,2021,3,23,5,44,52,128400,1046,280,60
1,SU-14608,0140420685,2021,3,23,5,44,52,129000,1045,280,60
1,SU-14608,0140420685,2021,3,23,5,44,52,129600,1045,280,60
1,SU-14608,0140420685,2021,3,23,5,44,52,130200,1045,280,59
1,SU-14608,0140420685,2021,3,23,5,44,52,130800,1044,280,60
1,SU-14608,0140420685,2021,3,23,5,44,52,131400,1045,280,59
1,SU-14608,0140420685,2021,3,23,5,44,52,132000,1045,280,59
1,SU-14608,0140420685,2021,3,23,5,44,52,132600,1045,280,60
1,SU-14608,0140420685,2021,3,23,5,44,52,133200,1046,280,59
1,SU-14608,0140420685,2021,3,23,5,44,52,133800,1047,280,58
1,SU-14608,0140420685,2021,3,23,5,44,52,134400,1048,280,59
1,SU-14608,0140420685,2021,3,23,5,44,52,135000,1051,280,58
1,SU-14608,0140420685,2021,3,23,5,44,52,135600,1054,280,58
1,SU-14608,0140420685,2021,3,23,5,44,52,136200,1057,280,58
1,SU-14608,0140420685,2021,3,23,5,44,52,136800,1060,280,58
1,SU-14608,0140420685,2021,3,23,5,44,52,137400,1064,280,58
1,SU-14608,0140420685,2021,3,23,5,44,52,138000,1067,280,58
1,SU-14608,0140420685,2021,3,23,5,44,52,138600,1071,280,58
1,SU-14608,0140420685,2021,3,23,5,44,52,139200,1073,280,57
1,SU-14608,0140420685,2021,3,23,5,44,52,139800,1075,280,57
1,SU-14608,0140420685,2021,3,23,5,44,52,140400,1077,280,57
1,SU-14608,0140420685,2021,3,23,5,44,52,141000,1079,280,56
1,SU-14608,0140420685,2021,3,23,5,44,52,141600,1081,280,56
1,SU-14608,0140420685,2021,3,23,5,44,52,142200,1083,280,55
1,SU-14608,0140420685,2021,3,23,5,44,52,142800,1085,280,54
1,SU-14608,0140420685,2021,3,23,5,44,52,143400,1087,280,54
1,SU-14608,0140420685,2021,3,23,5,44,52,144000,1089,280,54
1,SU-14608,0140420685,2021,3,23,5,44,52,144600,1095,280,54
1,SU-14608,0140420685,2021,3,23,5,44,52,145200,1100,280,53
1,SU-14608,0140420685,2021,3,23,5,44,52,145800,1107,280,52
1,SU-14608,0140420685,2021,3,23,5,44,52,146400,1116,280,51
1,SU-14608,0140420685,2021,3,23,5,44,52,147000,1126,280,51
1,SU-14608,0140420685,2021,3,23,5,44,52,147600,1136,280,51
1,SU-14608,0140420685,2021,3,23,5,44,52,148200,1146,280,51
1,SU-14608,0140420685,2021,3,23,5,44,52,148800,1159,280,50
1,SU-14608,0140420685,2021,3,23,5,44,52,149400,1173,280,49
1,SU-14608,0140420685,2021,3,23,5,44,52,150000,1187,280,49
1,SU-14608,0140420685,2021,3,23,5,44,52,150600,1202,280,49
1,SU-14608,0140420685,2021,3,23,5,44,52,151200,1216,280,49
1,SU-14608,0140420685,2021,3,23,5,44,52,151800,1231,280,48
1,SU-14608,0140420685,2021,3,23,5,44,52,152400,1246,280,49
1,SU-14608,0140420685,2021,3,23,5,44,52,153000,1262,280,47
1,SU-14608,0140420685,2021,3,23,5,44,52,153600,1277,280,47
1,SU-14608,0140420685,2021,3,23,5,44,52,154200,1291,280,46
1,SU-14608,0140420685,2021,3,23,5,44,52,154800,1308,280,46
1,SU-14608,0140420685,2021,3,23,5,44,52,155400,1323,280,46
1,SU-14608,0140420685,2021,3,23,5,44,52,156000,1339,280,46
1,SU-14608,0140420685,2021,3,23,5,44,52,156600,1351,280,46
1,SU-14608,0140420685,2021,3,23,5,44,52,157200,1356,280,46
1,SU-14608,0140420685,2021,3,23,5,44,52,157800,1358,280,45
1,SU-14608,0140420685,2021,3,23,5,44,52,158400,1359,280,45
1,SU-14608,0140420685,2021,3,23,5,44,52,159000,1359,280,45
1,SU-14608,0140420685,2021,3,23,5,44,52,159600,1360,280,45
1,SU-14608,0140420685,2021,3,23,5,44,52,160200,1360,280,45
1,SU-14608,0140420685,2021,3,23,5,44,52,160800,1361,280,45
1,SU-14608,0140420685,2021,3,23,5,44,52,161400,1362,280,45
1,SU-14608,0140420685,2021,3,23,5,44,52,162000,1364,280,45
1,SU-14608,0140420685,2021,3,23,5,44,52,162600,1365,280,45
1,SU-14608,0140420685,2021,3,23,5,44,52,163200,1367,280,45
1,SU-14608,0140420685,2021,3,23,5,44,52,163800,1368,280,45
1,SU-14608,0140420685,2021,3,23,5,44,52,164400,1369,280,45
1,SU-14608,0140420685,2021,3,23,5,44,52,165000,1371,280,44
1,SU-14608,0140420685,2021,3,23,5,44,52,165600,1371,280,45
1,SU-14608,0140420685,2021,3,23,5,44,52,166200,1372,280,45
1,SU-14608,0140420685,2021,3,23,5,44,52,166800,1373,280,45
1,SU-14608,0140420685,2021,3,23,5,44,52,167400,1373,280,45
1,SU-14608,0140420685,2021,3,23,5,44,52,168000,1374,280,44
1,SU-14608,0140420685,2021,3,23,5,44,52,168600,1375,280,45
1,SU-14608,0140420685,2021,3,23,5,44,52,169200,1375,280,44
1,SU-14608,0140420685,2021,3,23,5,44,52,169800,1375,280,44
1,SU-14608,0140420685,2021,3,23,5,44,52,170400,1375,280,44
1,SU-14608,0140420685,2021,3,23,5,44,52,171000,1376,280,43
1,SU-14608,0140420685,2021,3,23,5,44,52,171600,1376,280,44
1,SU-14608,0140420685,2021,3,23,5,44,52,172200,1376,280,44
1,SU-14608,0140420685,2021,3,23,5,44,52,172800,1376,280,43
1,SU-14608,0140420685,2021,3,23,5,44,52,173400,1376,280,44
1,SU-14608,0140420685,2021,3,23,5,44,52,174000,1377,280,44
1,SU-14608,0140420685,2021,3,23,5,44,52,174600,1377,280,43
1,SU-14608,0140420685,2021,3,23,5,44,52,175200,1377,280,45
1,SU-14608,0140420685,2021,3,23,5,44,52,175800,1376,280,44
1,SU-14608,0140420685,2021,3,23,5,44,52,176400,1376,280,46
1,SU-14608,0140420685,2021,3,23,5,44,52,177000,1376,280,46
1,SU-14608,0140420685,2021,3,23,5,44,52,177600,1376,280,47
1,SU-14608,0140420685,2021,3,23,5,44,52,178200,1376,280,48
1,SU-14608,0140420685,2021,3,23,5,44,52,178800,1375,280,49
1,SU-14608,0140420685,2021,3,23,5,44,52,179400,1375,280,49
1,SU-14608,0140420685,2021,3,23,5,44,52,180000,1375,280,49
1,SU-14608,0140420685,2021,3,23,5,44,52,180600,1374,280,50
1,SU-14608,0140420685,2021,3,23,5,44,52,181200,1374,280,50
1,SU-14608,0140420685,2021,3,23,5,44,52,181800,1373,280,50
1,SU-14608,0140420685,2021,3,23,5,44,52,182400,1372,280,50
1,SU-14608,0140420685,2021,3,23,5,44,52,183000,1372,280,50
1,SU-14608,0140420685,2021,3,23,5,44,52,183600,1372,280,49
1,SU-14608,0140420685,2021,3,23,5,44,52,184200,1372,280,49
1,SU-14608,0140420685,2021,3,23,5,44,52,184800,1370,280,49
1,SU-14608,0140420685,2021,3,23,5,44,52,185400,1370,280,48
1,SU-14608,0140420685,2021,3,23,5,44,52,186000,1368,280,48
1,SU-14608,0140420685,2021,3,23,5,44,52,186600,1368,280,47
1,SU-14608,0140420685,2021,3,23,5,44,52,187200,1367,280,46
1,SU-14608,0140420685,2021,3,23,5,44,52,187800,1367,280,46
1,SU-14608,0140420685,2021,3,23,5,44,52,188400,1365,280,46
1,SU-14608,0140420685,2021,3,23,5,44,52,189000,1365,280,46
1,SU-14608,0140420685,2021,3,23,5,44,52,189600,1364,280,45
1,SU-14608,0140420685,2021,3,23,5,44,52,190200,1362,280,44
1,SU-14608,0140420685,2021,3,23,5,44,52,190800,1361,280,43
1,SU-14608,0140420685,2021,3,23,5,44,52,191400,1361,280,43
1,SU-14608,0140420685,2021,3,23,5,44,52,192000,1359,280,43
1,SU-14608,0140420685,2021,3,23,5,44,52,192600,1358,280,43
1,SU-14608,0140420685,2021,3,23,5,44,52,193200,1357,280,42
1,SU-14608,0140420685,2021,3,23,5,44,52,193800,1356,280,41
1,SU-14608,0140420685,2021,3,23,5,44,52,194400,1355,280,42
1,SU-14608,0140420685,2021,3,23,5,44,52,195000,1353,280,41
1,SU-14608,0140420685,2021,3,23,5,44,52,195600,1352,280,41
1,SU-14608,0140420685,2021,3,23,5,44,52,196200,1351,280,40
1,SU-14608,0140420685,2021,3,23,5,44,52,196800,1349,280,40
1,SU-14608,0140420685,2021,3,23,5,44,52,197400,1349,280,40
1,SU-14608,0140420685,2021,3,23,5,44,52,198000,1347,280,40
1,SU-14608,0140420685,2021,3,23,5,44,52,198600,1346,280,40
1,SU-14608,0140420685,2021,3,23,5,44,52,199200,1345,280,39
1,SU-14608,0140420685,2021,3,23,5,44,52,199800,1343,280,39
1,SU-14608,0140420685,2021,3,23,5,44,52,200400,1342,280,40
1,SU-14608,0140420685,2021,3,23,5,44,52,201000,1340,280,40
1,SU-14608,0140420685,2021,3,23,5,44,52,201600,1340,280,39
1,SU-14608,0140420685,2021,3,23,5,44,52,202200,1339,280,39
1,SU-14608,0140420685,2021,3,23,5,44,52,202800,1338,280,39
1,SU-14608,0140420685,2021,3,23,5,44,52,203400,1336,280,39
1,SU-14608,0140420685,2021,3,23,5,44,52,204000,1336,280,39
1,SU-14608,0140420685,2021,3,23,5,44,52,204600,1336,280,39
1,SU-14608,0140420685,2021,3,23,5,44,52,205200,1334,280,37
1,SU-14608,0140420685,2021,3,23,5,44,52,205800,1333,280,38
1,SU-14608,0140420685,2021,3,23,5,44,52,206400,1331,280,37
1,SU-14608,0140420685,2021,3,23,5,44,52,207000,1330,280,38
1,SU-14608,0140420685,2021,3,23,5,44,52,207600,1327,280,38
1,SU-14608,0140420685,2021,3,23,5,44,52,208200,1325,280,37
1,SU-14608,0140420685,2021,3,23,5,44,52,208800,1325,280,38
1,SU-14608,0140420685,2021,3,23,5,44,52,209400,1323,280,37
1,SU-14608,0140420685,2021,3,23,5,44,52,210000,1321,280,37
1,SU-14608,0140420685,2021,3,23,5,44,52,210600,1318,280,37
1,SU-14608,0140420685,2021,3,23,5,44,52,211200,1316,280,37
1,SU-14608,0140420685,2021,3,23,5,44,52,211800,1314,280,38
1,SU-14608,0140420685,2021,3,23,5,44,52,212400,1311,280,37
1,SU-14608,0140420685,2021,3,23,5,44,52,213000,1309,280,37
1,SU-14608,0140420685,2021,3,23,5,44,52,213600,1304,280,37
1,SU-14608,0140420685,2021,3,23,5,44,52,214200,1302,280,37
1,SU-14608,0140420685,2021,3,23,5,44,52,214800,1298,280,37
1,SU-14608,0140420685,2021,3,23,5,44,52,215400,1296,280,37
1,SU-14608,0140420685,2021,3,23,5,44,52,216000,1292,280,37
1,SU-14608,0140420685,2021,3,23,5,44,52,216600,1290,280,37
1,SU-14608,0140420685,2021,3,23,5,44,52,217200,1288,280,37
1,SU-14608,0140420685,2021,3,23,5,44,52,217800,1286,280,37
1,SU-14608,0140420685,2021,3,23,5,44,52,218400,1283,280,37
1,SU-14608,0140420685,2021,3,23,5,44,52,219000,1281,280,37
1,SU-14608,0140420685,2021,3,23,5,44,52,219600,1280,280,37
1,SU-14608,0140420685,2021,3,23,5,44,52,220200,1279,280,37
1,SU-14608,0140420685,2021,3,23,5,44,52,220800,1278,280,37
1,SU-14608,0140420685,2021,3,23,5,44,52,221400,1278,280,37
1,SU-14608,0140420685,2021,3,23,5,44,52,222000,1278,280,37
1,SU-14608,0140420685,2021,3,23,5,44,52,222600,1277,280,37
1,SU-14608,0140420685,2021,3,23,5,44,52,223200,1278,280,37
1,SU-14608,0140420685,2021,3,23,5,44,52,223800,1279,280,37
1,SU-14608,0140420685,2021,3,23,5,44,52,224400,1282,280,37
1,SU-14608,0140420685,2021,3,23,5,44,52,225000,1283,280,37
1,SU-14608,0140420685,2021,3,23,5,44,52,225600,1285,280,37
1,SU-14608,0140420685,2021,3,23,5,44,52,226200,1290,280,37
1,SU-14608,0140420685,2021,3,23,5,44,52,226800,1293,280,37
1,SU-14608,0140420685,2021,3,23,5,44,52,227400,1297,280,37
1,SU-14608,0140420685,2021,3,23,5,44,52,228000,1302,280,37
1,SU-14608,0140420685,2021,3,23,5,44,52,228600,1307,280,37
1,SU-14608,0140420685,2021,3,23,5,44,52,229200,1313,280,36
1,SU-14608,0140420685,2021,3,23,5,44,52,229800,1319,280,37
1,SU-14608,0140420685,2021,3,23,5,44,52,230400,1327,280,37
1,SU-14608,0140420685,2021,3,23,5,44,52,231000,1334,280,37
1,SU-14608,0140420685,2021,3,23,5,44,52,231600,1340,280,36
1,SU-14608,0140420685,2021,3,23,5,44,52,232200,1344,280,36
1,SU-14608,0140420685,2021,3,23,5,44,52,232800,1346,280,36
1,SU-14608,0140420685,2021,3,23,5,44,52,233400,1349,280,37
1,SU-14608,0140420685,2021,3,23,5,44,52,234000,1349,280,37
1,SU-14608,0140420685,2021,3,23,5,44,52,234600,1351,280,36
1,SU-14608,0140420685,2021,3,23,5,44,52,235200,1352,280,36
1,SU-14608,0140420685,2021,3,23,5,44,52,235800,1352,280,37
1,SU-14608,0140420685,2021,3,23,5,44,52,236400,1353,280,37
1,SU-14608,0140420685,2021,3,23,5,44,52,237000,1354,280,36
1,SU-14608,0140420685,2021,3,23,5,44,52,237600,1355,280,36
1,SU-14608,0140420685,2021,3,23,5,44,52,238200,1355,280,36
1,SU-14608,0140420685,2021,3,23,5,44,52,238800,1356,280,36
1,SU-14608,0140420685,2021,3,23,5,44,52,239400,1358,280,36
1,SU-14608,0140420685,2021,3,23,5,44,52,240000,1359,280,36
1,SU-14608,0140420685,2021,3,23,5,44,52,240600,1359,280,36
1,SU-14608,0140420685,2021,3,23,5,44,52,241200,1360,280,36
1,SU-14608,0140420685,2021,3,23,5,44,52,241800,1361,280,36
1,SU-14608,0140420685,2021,3,23,5,44,52,242400,1362,280,36
1,SU-14608,0140420685,2021,3,23,5,44,52,243000,1362,280,35
1,SU-14608,0140420685,2021,3,23,5,44,52,243600,1362,280,36
1,SU-14608,0140420685,2021,3,23,5,44,52,244200,1363,280,35
1,SU-14608,0140420685,2021,3,23,5,44,52,244800,1364,280,35
1,SU-14608,0140420685,2021,3,23,5,44,52,245400,1365,280,35
1,SU-14608,0140420685,2021,3,23,5,44,52,246000,1365,280,35
1,SU-14608,0140420685,2021,3,23,5,44,52,246600,1365,280,36
1,SU-14608,0140420685,2021,3,23,5,44,52,247200,1366,280,35
1,SU-14608,0140420685,2021,3,23,5,44,52,247800,1367,280,35
1,SU-14608,0140420685,2021,3,23,5,44,52,248400,1366,280,35
1,SU-14608,0140420685,2021,3,23,5,44,52,249000,1367,280,36
1,SU-14608,0140420685,2021,3,23,5,44,52,249600,1366,280,35
1,SU-14608,0140420685,2021,3,23,5,44,52,250200,1366,280,35
1,SU-14608,0140420685,2021,3,23,5,44,52,250800,1367,280,35
1,SU-14608,0140420685,2021,3,23,5,44,52,251400,1367,280,35
1,SU-14608,0140420685,2021,3,23,5,44,52,252000,1367,280,35
1,SU-14608,0140420685,2021,3,23,5,44,52,252600,1367,280,36
1,SU-14608,0140420685,2021,3,23,5,44,52,253200,1367,280,35
1,SU-14608,0140420685,2021,3,23,5,44,52,253800,1367,280,36
1,SU-14608,0140420685,2021,3,23,5,44,52,254400,1367,280,37
1,SU-14608,0140420685,2021,3,23,5,44,52,255000,1367,280,36
1,SU-14608,0140420685,2021,3,23,5,44,52,255600,1366,280,37
1,SU-14608,0140420685,2021,3,23,5,44,52,256200,1367,280,37
1,SU-14608,0140420685,2021,3,23,5,44,52,256800,1367,280,37
1,SU-14608,0140420685,2021,3,23,5,44,52,257400,1366,280,37
1,SU-14608,0140420685,2021,3,23,5,44,52,258000,1367,280,37
1,SU-14608,0140420685,2021,3,23,5,44,52,258600,1366,280,37
1,SU-14608,0140420685,2021,3,23,5,44,52,259200,1366,280,37
1,SU-14608,0140420685,2021,3,23,5,44,52,259800,1366,280,37
1,SU-14608,0140420685,2021,3,23,5,44,52,260400,1366,280,38
1,SU-14608,0140420685,2021,3,23,5,44,52,261000,1365,280,38
1,SU-14608,0140420685,2021,3,23,5,44,52,261600,1365,280,37
1,SU-14608,0140420685,2021,3,23,5,44,52,262200,1365,280,38
1,SU-14608,0140420685,2021,3,23,5,44,52,262800,1364,280,37
1,SU-14608,0140420685,2021,3,23,5,44,52,263400,1364,280,37
1,SU-14608,0140420685,2021,3,23,5,44,52,264000,1364,280,37
1,SU-14608,0140420685,2021,3,23,5,44,52,264600,1364,280,37
1,SU-14608,0140420685,2021,3,23,5,44,52,265200,1362,280,37
1,SU-14608,0140420685,2021,3,23,5,44,52,265800,1361,280,37
1,SU-14608,0140420685,2021,3,23,5,44,52,266400,1360,280,37
1,SU-14608,0140420685,2021,3,23,5,44,52,267000,1361,280,37
1,SU-14608,0140420685,2021,3,23,5,44,52,267600,1359,280,36
1,SU-14608,0140420685,2021,3,23,5,44,52,268200,1359,280,36
1,SU-14608,0140420685,2021,3,23,5,44,52,268800,1359,280,36
1,SU-14608,0140420685,2021,3,23,5,44,52,269400,1357,280,35
1,SU-14608,0140420685,2021,3,23,5,44,52,270000,1358,280,35
1,SU-14608,0140420685,2021,3,23,5,44,52,270600,1356,280,35
1,SU-14608,0140420685,2021,3,23,5,44,52,271200,1356,280,35
1,SU-14608,0140420685,2021,3,23,5,44,52,271800,1355,280,35
1,SU-14608,0140420685,2021,3,23,5,44,52,272400,1354,280,35
1,SU-14608,0140420685,2021,3,23,5,44,52,273000,1353,280,35
1,SU-14608,0140420685,2021,3,23,5,44,52,273600,1353,280,35
1,SU-14608,0140420685,2021,3,23,5,44,52,274200,1352,280,35
1,SU-14608,0140420685,2021,3,23,5,44,52,274800,1350,280,35
1,SU-14608,0140420685,2021,3,23,5,44,52,275400,1349,280,34
1,SU-14608,0140420685,2021,3,23,5,44,52,276000,1348,280,34
1,SU-14608,0140420685,2021,3,23,5,44,52,276600,1348,280,34
1,SU-14608,0140420685,2021,3,23,5,44,52,277200,1347,280,34
1,SU-14608,0140420685,2021,3,23,5,44,52,277800,1346,280,34
1,SU-14608,0140420685,2021,3,23,5,44,52,278400,1346,280,34
1,SU-14608,0140420685,2021,3,23,5,44,52,279000,1345,280,34
1,SU-14608,0140420685,2021,3,23,5,44,52,279600,1343,280,33
1,SU-14608,0140420685,2021,3,23,5,44,52,280200,1343,280,34
1,SU-14608,0140420685,2021,3,23,5,44,52,280800,1341,280,34
1,SU-14608,0140420685,2021,3,23,5,44,52,281400,1340,280,33
1,SU-14608,0140420685,2021,3,23,5,44,52,282000,1339,280,34
1,SU-14608,0140420685,2021,3,23,5,44,52,282600,1339,280,33
1,SU-14608,0140420685,2021,3,23,5,44,52,283200,1337,280,33
1,SU-14608,0140420685,2021,3,23,5,44,52,283800,1336,280,33
1,SU-14608,0140420685,2021,3,23,5,44,52,284400,1335,280,33
1,SU-14608,0140420685,2021,3,23,5,44,52,285000,1334,280,33
1,SU-14608,0140420685,2021,3,23,5,44,52,285600,1334,280,33
1,SU-14608,0140420685,2021,3,23,5,44,52,286200,1333,280,33
1,SU-14608,0140420685,2021,3,23,5,44,52,286800,1332,280,32
1,SU-14608,0140420685,2021,3,23,5,44,52,287400,1331,280,32
1,SU-14608,0140420685,2021,3,23,5,44,52,288000,1331,280,32
1,SU-14608,0140420685,2021,3,23,5,44,52,288600,1329,280,32
1,SU-14608,0140420685,2021,3,23,5,44,52,289200,1328,280,32
1,SU-14608,0140420685,2021,3,23,5,44,52,289800,1327,280,33
1,SU-14608,0140420685,2021,3,23,5,44,52,290400,1326,280,32
1,SU-14608,0140420685,2021,3,23,5,44,52,291000,1326,280,33
1,SU-14608,0140420685,2021,3,23,5,44,52,291600,1324,280,33
1,SU-14608,0140420685,2021,3,23,5,44,52,292200,1321,280,32
1,SU-14608,0140420685,2021,3,23,5,44,52,292800,1320,280,32
1,SU-14608,0140420685,2021,3,23,5,44,52,293400,1318,280,33
1,SU-14608,0140420685,2021,3,23,5,44,52,294000,1316,280,33
1,SU-14608,0140420685,2021,3,23,5,44,52,294600,1315,280,33
1,SU-14608,0140420685,2021,3,23,5,44,52,295200,1311,280,32
1,SU-14608,0140420685,2021,3,23,5,44,52,295800,1309,280,32
1,SU-14608,0140420685,2021,3,23,5,44,52,296400,1306,280,32
1,SU-14608,0140420685,2021,3,23,5,44,52,297000,1303,280,32
1,SU-14608,0140420685,2021,3,23,5,44,52,297600,1300,280,32
1,SU-14608,0140420685,2021,3,23,5,44,52,298200,1297,280,32
1,SU-14608,0140420685,2021,3,23,5,44,52,298800,1293,280,32
1,SU-14608,0140420685,2021,3,23,5,44,52,299400,1290,280,32
1,SU-14608,0140420685,2021,3,23,5,44,52,300000,1288,280,32
1,SU-14608,0140420685,2021,3,23,5,44,52,300600,1284,280,32
1,SU-14608,0140420685,2021,3,23,5,44,52,301200,1282,280,32
1,SU-14608,0140420685,2021,3,23,5,44,52,301800,1278,280,33
1,SU-14608,0140420685,2021,3,23,5,44,52,302400,1276,280,32
1,SU-14608,0140420685,2021,3,23,5,44,52,303000,1273,280,32
1,SU-14608,0140420685,2021,3,23,5,44,52,303600,1270,280,33
1,SU-14608,0140420685,2021,3,23,5,44,52,304200,1267,280,33
1,SU-14608,0140420685,2021,3,23,5,44,52,304800,1265,280,32
1,SU-14608,0140420685,2021,3,23,5,44,52,305400,1262,280,32
1,SU-14608,0140420685,2021,3,23,5,44,52,306000,1259,280,33
1,SU-14608,0140420685,2021,3,23,5,44,52,306600,1256,280,33
1,SU-14608,0140420685,2021,3,23,5,44,52,307200,1254,280,32
1,SU-14608,0140420685,2021,3,23,5,44,52,307800,1251,280,33
1,SU-14608,0140420685,2021,3,23,5,44,52,308400,1250,280,33
1,SU-14608,0140420685,2021,3,23,5,44,52,309000,1248,280,32
1,SU-14608,0140420685,2021,3,23,5,44,52,309600,1247,280,32
1,SU-14608,0140420685,2021,3,23,5,44,52,310200,1245,280,32
1,SU-14608,0140420685,2021,3,23,5,44,52,310800,1244,280,33
1,SU-14608,0140420685,2021,3,23,5,44,52,311400,1244,280,32
1,SU-14608,0140420685,2021,3,23,5,44,52,312000,1244,280,33
1,SU-14608,0140420685,2021,3,23,5,44,52,312600,1245,280,33
1,SU-14608,0140420685,2021,3,23,5,44,52,313200,1245,280,32
1,SU-14608,0140420685,2021,3,23,5,44,52,313800,1246,280,33
1,SU-14608,0140420685,2021,3,23,5,44,52,314400,1248,280,33
1,SU-14608,0140420685,2021,3,23,5,44,52,315000,1250,280,32
1,SU-14608,0140420685,2021,3,23,5,44,52,315600,1253,280,32
1,SU-14608,0140420685,2021,3,23,5,44,52,316200,1255,280,33
1,SU-14608,0140420685,2021,3,23,5,44,52,316800,1258,280,33
1,SU-14608,0140420685,2021,3,23,5,44,52,317400,1262,280,33
1,SU-14608,0140420685,2021,3,23,5,44,52,318000,1266,280,33
1,SU-14608,0140420685,2021,3,23,5,44,52,318600,1271,280,33
1,SU-14608,0140420685,2021,3,23,5,44,52,319200,1276,280,32
1,SU-14608,0140420685,2021,3,23,5,44,52,319800,1281,280,33
1,SU-14608,0140420685,2021,3,23,5,44,52,320400,1288,280,32
1,SU-14608,0140420685,2021,3,23,5,44,52,321000,1295,280,32
1,SU-14608,0140420685,2021,3,23,5,44,52,321600,1302,280,32
1,SU-14608,0140420685,2021,3,23,5,44,52,322200,1311,280,32
1,SU-14608,0140420685,2021,3,23,5,44,52,322800,1318,280,32
1,SU-14608,0140420685,2021,3,23,5,44,52,323400,1328,280,32
1,SU-14608,0140420685,2021,3,23,5,44,52,324000,1336,280,32
1,SU-14608,0140420685,2021,3,23,5,44,52,324600,1341,280,32
1,SU-14608,0140420685,2021,3,23,5,44,52,325200,1343,280,32
1,SU-14608,0140420685,2021,3,23,5,44,52,325800,1346,280,32
1,SU-14608,0140420685,2021,3,23,5,44,52,326400,1346,280,32
1,SU-14608,0140420685,2021,3,23,5,44,52,327000,1347,280,32
1,SU-14608,0140420685,2021,3,23,5,44,52,327600,1349,280,32
1,SU-14608,0140420685,2021,3,23,5,44,52,328200,1349,280,32
1,SU-14608,0140420685,2021,3,23,5,44,52,328800,1349,280,32
1,SU-14608,0140420685,2021,3,23,5,44,52,329400,1350,280,32
1,SU-14608,0140420685,2021,3,23,5,44,52,330000,1350,280,31
1,SU-14608,0140420685,2021,3,23,5,44,52,330600,1351,280,32
1,SU-14608,0140420685,2021,3,23,5,44,52,331200,1351,280,32
1,SU-14608,0140420685,2021,3,23,5,44,52,331800,1352,280,32
1,SU-14608,0140420685,2021,3,23,5,44,52,332400,1351,280,31
1,SU-14608,0140420685,2021,3,23,5,44,52,333000,1353,280,32
1,SU-14608,0140420685,2021,3,23,5,44,52,333600,1355,280,31
1,SU-14608,0140420685,2021,3,23,5,44,52,334200,1355,280,31
1,SU-14608,0140420685,2021,3,23,5,44,52,334800,1356,280,30
1,SU-14608,0140420685,2021,3,23,5,44,52,335400,1357,280,30
1,SU-14608,0140420685,2021,3,23,5,44,52,336000,1357,280,30
1,SU-14608,0140420685,2021,3,23,5,44,52,336600,1357,280,30
1,SU-14608,0140420685,2021,3,23,5,44,52,337200,1358,280,30
1,SU-14608,0140420685,2021,3,23,5,44,52,337800,1358,280,30
1,SU-14608,0140420685,2021,3,23,5,44,52,338400,1358,280,30
1,SU-14608,0140420685,2021,3,23,5,44,52,339000,1359,280,29
1,SU-14608,0140420685,2021,3,23,5,44,52,339600,1360,280,30
1,SU-14608,0140420685,2021,3,23,5,44,52,340200,1359,280,30
1,SU-14608,0140420685,2021,3,23,5,44,52,340800,1359,280,29
1,SU-14608,0140420685,2021,3,23,5,44,52,341400,1361,280,30
1,SU-14608,0140420685,2021,3,23,5,44,52,342000,1360,280,30
1,SU-14608,0140420685,2021,3,23,5,44,52,342600,1360,280,30
1,SU-14608,0140420685,2021,3,23,5,44,52,343200,1359,280,29
1,SU-14608,0140420685,2021,3,23,5,44,52,343800,1359,280,29
1,SU-14608,0140420685,2021,3,23,5,44,52,344400,1360,280,29
1,SU-14608,0140420685,2021,3,23,5,44,52,345000,1360,280,28
1,SU-14608,0140420685,2021,3,23,5,44,52,345600,1360,280,29
1,SU-14608,0140420685,2021,3,23,5,44,52,346200,1359,280,29
1,SU-14608,0140420685,2021,3,23,5,44,52,346800,1360,280,28
1,SU-14608,0140420685,2021,3,23,5,44,52,347400,1360,280,29
1,SU-14608,0140420685,2021,3,23,5,44,52,348000,1359,280,29
1,SU-14608,0140420685,2021,3,23,5,44,52,348600,1359,280,29
1,SU-14608,0140420685,2021,3,23,5,44,52,349200,1359,280,29
1,SU-14608,0140420685,2021,3,23,5,44,52,349800,1359,280,29
1,SU-14608,0140420685,2021,3,23,5,44,52,350400,1358,280,30
1,SU-14608,0140420685,2021,3,23,5,44,52,351000,1358,280,30
1,SU-14608,0140420685,2021,3,23,5,44,52,351600,1358,280,30
1,SU-14608,0140420685,2021,3,23,5,44,52,352200,1357,280,30
1,SU-14608,0140420685,2021,3,23,5,44,52,352800,1356,280,30
1,SU-14608,0140420685,2021,3,23,5,44,52,353400,1357,280,32
1,SU-14608,0140420685,2021,3,23,5,44,52,354000,1356,280,31
1,SU-14608,0140420685,2021,3,23,5,44,52,354600,1356,280,31
1,SU-14608,0140420685,2021,3,23,5,44,52,355200,1356,280,32
1,SU-14608,0140420685,2021,3,23,5,44,52,355800,1355,280,32
1,SU-14608,0140420685,2021,3,23,5,44,52,356400,1354,280,31
1,SU-14608,0140420685,2021,3,23,5,44,52,357000,1355,280,32
1,SU-14608,0140420685,2021,3,23,5,44,52,357600,1354,280,32
1,SU-14608,0140420685,2021,3,23,5,44,52,358200,1353,280,31
1,SU-14608,0140420685,2021,3,23,5,44,52,358800,1353,280,32
1,SU-14608,0140420685,2021,3,23,5,44,52,359400,1353,280,31
1,SU-14608,0140420685,2021,3,23,5,44,52,360000,1351,280,31
1,SU-14608,0140420685,2021,3,23,5,44,52,360600,1350,280,31
1,SU-14608,0140420685,2021,3,23,5,44,52,361200,1349,280,30
1,SU-14608,0140420685,2021,3,23,5,44,52,361800,1349,280,30
1,SU-14608,0140420685,2021,3,23,5,44,52,362400,1348,280,30
1,SU-14608,0140420685,2021,3,23,5,44,52,363000,1347,280,31
1,SU-14608,0140420685,2021,3,23,5,44,52,363600,1347,280,30
1,SU-14608,0140420685,2021,3,23,5,44,52,364200,1346,280,29
1,SU-14608,0140420685,2021,3,23,5,44,52,364800,1346,280,29
1,SU-14608,0140420685,2021,3,23,5,44,52,365400,1345,280,29
1,SU-14608,0140420685,2021,3,23,5,44,52,366000,1344,280,29
1,SU-14608,0140420685,2021,3,23,5,44,52,366600,1343,280,29
1,SU-14608,0140420685,2021,3,23,5,44,52,367200,1343,280,29
1,SU-14608,0140420685,2021,3,23,5,44,52,367800,1342,280,29
1,SU-14608,0140420685,2021,3,23,5,44,52,368400,1342,280,29
1,SU-14608,0140420685,2021,3,23,5,44,52,369000,1340,280,29
1,SU-14608,0140420685,2021,3,23,5,44,52,369600,1339,280,29
1,SU-14608,0140420685,2021,3,23,5,44,52,370200,1339,280,29
1,SU-14608,0140420685,2021,3,23,5,44,52,370800,1337,280,27
1,SU-14608,0140420685,2021,3,23,5,44,52,371400,1337,280,28
1,SU-14608,0140420685,2021,3,23,5,44,52,372000,1336,280,28
1,SU-14608,0140420685,2021,3,23,5,44,52,372600,1335,280,28
1,SU-14608,0140420685,2021,3,23,5,44,52,373200,1334,280,28
1,SU-14608,0140420685,2021,3,23,5,44,52,373800,1334,280,27
1,SU-14608,0140420685,2021,3,23,5,44,52,374400,1333,280,27
1,SU-14608,0140420685,2021,3,23,5,44,52,375000,1332,280,27
1,SU-14608,0140420685,2021,3,23,5,44,52,375600,1332,280,27
1,SU-14608,0140420685,2021,3,23,5,44,52,376200,1331,280,26
1,SU-14608,0140420685,2021,3,23,5,44,52,376800,1330,280,27
1,SU-14608,0140420685,2021,3,23,5,44,52,377400,1329,280,26
1,SU-14608,0140420685,2021,3,23,5,44,52,378000,1326,280,26
1,SU-14608,0140420685,2021,3,23,5,44,52,378600,1325,280,26
1,SU-14608,0140420685,2021,3,23,5,44,52,379200,1323,280,26
1,SU-14608,0140420685,2021,3,23,5,44,52,379800,1323,280,26
1,SU-14608,0140420685,2021,3,23,5,44,52,380400,1321,280,26
1,SU-14608,0140420685,2021,3,23,5,44,52,381000,1318,280,26
1,SU-14608,0140420685,2021,3,23,5,44,52,381600,1316,280,26
1,SU-14608,0140420685,2021,3,23,5,44,52,382200,1313,280,26
1,SU-14608,0140420685,2021,3,23,5,44,52,382800,1311,280,26
1,SU-14608,0140420685,2021,3,23,5,44,52,383400,1308,280,26
1,SU-14608,0140420685,2021,3,23,5,44,52,384000,1305,280,26
1,SU-14608,0140420685,2021,3,23,5,44,52,384600,1302,280,26
1,SU-14608,0140420685,2021,3,23,5,44,52,385200,1299,280,26
1,SU-14608,0140420685,2021,3,23,5,44,52,385800,1295,280,26
1,SU-14608,0140420685,2021,3,23,5,44,52,386400,1292,280,26
1,SU-14608,0140420685,2021,3,23,5,44,52,387000,1290,280,26
1,SU-14608,0140420685,2021,3,23,5,44,52,387600,1286,280,26
1,SU-14608,0140420685,2021,3,23,5,44,52,388200,1284,280,26
1,SU-14608,0140420685,2021,3,23,5,44,52,388800,1281,280,26
1,SU-14608,0140420685,2021,3,23,5,44,52,389400,1277,280,26
1,SU-14608,0140420685,2021,3,23,5,44,52,390000,1275,280,26
1,SU-14608,0140420685,2021,3,23,5,44,52,390600,1272,280,26
1,SU-14608,0140420685,2021,3,23,5,44,52,391200,1268,280,26
1,SU-14608,0140420685,2021,3,23,5,44,52,391800,1265,280,27
1,SU-14608,0140420685,2021,3,23,5,44,52,392400,1262,280,27
1,SU-14608,0140420685,2021,3,23,5,44,52,393000,1258,280,27
1,SU-14608,0140420685,2021,3,23,5,44,52,393600,1255,280,26
1,SU-14608,0140420685,2021,3,23,5,44,52,394200,1251,280,26
1,SU-14608,0140420685,2021,3,23,5,44,52,394800,1248,280,27
1,SU-14608,0140420685,2021,3,23,5,44,52,395400,1244,280,26
1,SU-14608,0140420685,2021,3,23,5,44,52,396000,1242,280,27
1,SU-14608,0140420685,2021,3,23,5,44,52,396600,1238,280,27
1,SU-14608,0140420685,2021,3,23,5,44,52,397200,1235,280,27
1,SU-14608,0140420685,2021,3,23,5,44,52,397800,1232,280,27
1,SU-14608,0140420685,2021,3,23,5,44,52,398400,1229,280,26
1,SU-14608,0140420685,2021,3,23,5,44,52,399000,1226,280,26
1,SU-14608,0140420685,2021,3,23,5,44,52,399600,1223,280,27
1,SU-14608,0140420685,2021,3,23,5,44,52,400200,1220,280,27
1,SU-14608,0140420685,2021,3,23,5,44,52,400800,1218,280,27
1,SU-14608,0140420685,2021,3,23,5,44,52,401400,1215,280,26
1,SU-14608,0140420685,2021,3,23,5,44,52,402000,1213,280,27
1,SU-14608,0140420685,2021,3,23,5,44,52,402600,1211,280,27
1,SU-14608,0140420685,2021,3,23,5,44,52,403200,1208,280,27
1,SU-14608,0140420685,2021,3,23,5,44,52,403800,1207,280,27
1,SU-14608,0140420685,2021,3,23,5,44,52,404400,1204,280,28
1,SU-14608,0140420685,2021,3,23,5,44,52,405000,1202,280,27
1,SU-14608,0140420685,2021,3,23,5,44,52,405600,1201,280,27
1,SU-14608,0140420685,2021,3,23,5,44,52,406200,1200,280,28
1,SU-14608,0140420685,2021,3,23,5,44,52,406800,1199,280,28
1,SU-14608,0140420685,2021,3,23,5,44,52,407400,1197,280,27
1,SU-14608,0140420685,2021,3,23,5,44,52,408000,1196,280,26
1,SU-14608,0140420685,2021,3,23,5,44,52,408600,1195,280,28
1,SU-14608,0140420685,2021,3,23,5,44,52,409200,1193,280,27
1,SU-14608,0140420685,2021,3,23,5,44,52,409800,1193,280,28
1,SU-14608,0140420685,2021,3,23,5,44,52,410400,1193,280,27
1,SU-14608,0140420685,2021,3,23,5,44,52,411000,1192,280,28
1,SU-14608,0140420685,2021,3,23,5,44,52,411600,1191,280,28
1,SU-14608,0140420685,2021,3,23,5,44,52,412200,1192,280,28
1,SU-14608,0140420685,2021,3,23,5,44,52,412800,1191,280,28
1,SU-14608,0140420685,2021,3,23,5,44,52,413400,1192,280,28
1,SU-14608,0140420685,2021,3,23,5,44,52,414000,1191,280,28
1,SU-14608,0140420685,2021,3,23,5,44,52,414600,1191,280,28
1,SU-14608,0140420685,2021,3,23,5,44,52,415200,1192,280,28
1,SU-14608,0140420685,2021,3,23,5,44,52,415800,1193,280,28
1,SU-14608,0140420685,2021,3,23,5,44,52,416400,1194,280,28
1,SU-14608,0140420685,2021,3,23,5,44,52,417000,1195,280,27
1,SU-14608,0140420685,2021,3,23,5,44,52,417600,1196,280,28
1,SU-14608,0140420685,2021,3,23,5,44,52,418200,1197,280,28
1,SU-14608,0140420685,2021,3,23,5,44,52,418800,1197,280,28
1,SU-14608,0140420685,2021,3,23,5,44,52,419400,1198,280,28
1,SU-14608,0140420685,2021,3,23,5,44,52,420000,1200,280,28
1,SU-14608,0140420685,2021,3,23,5,44,52,420600,1201,280,28
1,SU-14608,0140420685,2021,3,23,5,44,52,421200,1202,280,28
1,SU-14608,0140420685,2021,3,23,5,44,52,421800,1204,280,28
1,SU-14608,0140420685,2021,3,23,5,44,52,422400,1205,280,27
1,SU-14608,0140420685,2021,3,23,5,44,52,423000,1206,280,28
1,SU-14608,0140420685,2021,3,23,5,44,52,423600,1207,280,28
1,SU-14608,0140420685,2021,3,23,5,44,52,424200,1207,280,28
1,SU-14608,0140420685,2021,3,23,5,44,52,424800,1209,280,28
1,SU-14608,0140420685,2021,3,23,5,44,52,425400,1210,280,28
1,SU-14608,0140420685,2021,3,23,5,44,52,426000,1211,280,28
1,SU-14608,0140420685,2021,3,23,5,44,52,426600,1212,280,28
1,SU-14608,0140420685,2021,3,23,5,44,52,427200,1214,280,27
1,SU-14608,0140420685,2021,3,23,5,44,52,427800,1215,280,27
1,SU-14608,0140420685,2021,3,23,5,44,52,428400,1216,280,27
1,SU-14608,0140420685,2021,3,23,5,44,52,429000,1217,280,28
1,SU-14608,0140420685,2021,3,23,5,44,52,429600,1218,280,27
1,SU-14608,0140420685,2021,3,23,5,44,52,430200,1219,280,27
1,SU-14608,0140420685,2021,3,23,5,44,52,430800,1220,280,27
1,SU-14608,0140420685,2021,3,23,5,44,52,431400,1221,280,27
1,SU-14608,0140420685,2021,3,23,5,44,52,432000,1222,280,27
1,SU-14608,0140420685,2021,3,23,5,44,52,432600,1223,280,28
1,SU-14608,0140420685,2021,3,23,5,44,52,433200,1224,280,27
1,SU-14608,0140420685,2021,3,23,5,44,52,433800,1225,280,28
1,SU-14608,0140420685,2021,3,23,5,44,52,434400,1225,280,27
1,SU-14608,0140420685,2021,3,23,5,44,52,435000,1225,280,27
1,SU-14608,0140420685,2021,3,23,5,44,52,435600,1226,280,27
1,SU-14608,0140420685,2021,3,23,5,44,52,436200,1227,280,27
1,SU-14608,0140420685,2021,3,23,5,44,52,436800,1228,280,26
1,SU-14608,0140420685,2021,3,23,5,44,52,437400,1228,280,27
1,SU-14608,0140420685,2021,3,23,5,44,52,438000,1228,280,26
1,SU-14608,0140420685,2021,3,23,5,44,52,438600,1229,280,26
1,SU-14608,0140420685,2021,3,23,5,44,52,439200,1229,280,26
1,SU-14608,0140420685,2021,3,23,5,44,52,439800,1227,280,26
1,SU-14608,0140420685,2021,3,23,5,44,52,440400,1229,280,26
1,SU-14608,0140420685,2021,3,23,5,44,52,441000,1228,280,26
1,SU-14608,0140420685,2021,3,23,5,44,52,441600,1228,280,26
1,SU-14608,0140420685,2021,3,23,5,44,52,442200,1228,280,26
1,SU-14608,0140420685,2021,3,23,5,44,52,442800,1227,280,26
1,SU-14608,0140420685,2021,3,23,5,44,52,443400,1226,280,26
1,SU-14608,0140420685,2021,3,23,5,44,52,444000,1227,280,27
1,SU-14608,0140420685,2021,3,23,5,44,52,444600,1225,280,26
1,SU-14608,0140420685,2021,3,23,5,44,52,445200,1225,280,26
1,SU-14608,0140420685,2021,3,23,5,44,52,445800,1224,280,26
1,SU-14608,0140420685,2021,3,23,5,44,52,446400,1223,280,15
1,SU-14608,0140420685,2021,3,23,5,44,52,447000,1222,280,26
1,SU-14608,0140420685,2021,3,23,5,44,52,447600,1221,280,26
1,SU-14608,0140420685,2021,3,23,5,44,52,448200,1220,280,26
1,SU-14608,0140420685,2021,3,23,5,44,52,448800,1219,280,15
1,SU-14608,0140420685,2021,3,23,5,44,52,449400,1217,280,26
1,SU-14608,0140420685,2021,3,23,5,44,52,450000,1216,280,15
1,SU-14608,0140420685,2021,3,23,5,44,52,450600,1214,280,26
1,SU-14608,0140420685,2021,3,23,5,44,52,451200,1211,280,15
1,SU-14608,0140420685,2021,3,23,5,44,52,451800,1211,280,26
1,SU-14608,0140420685,2021,3,23,5,44,52,452400,1208,280,15
1,SU-14608,0140420685,2021,3,23,5,44,52,453000,1207,280,26
1,SU-14608,0140420685,2021,3,23,5,44,52,453600,1206,280,26
1,SU-14608,0140420685,2021,3,23,5,44,52,454200,1203,280,15
1,SU-14608,0140420685,2021,3,23,5,44,52,454800,1202,280,15
1,SU-14608,0140420685,2021,3,23,5,44,52,455400,1201,280,26
1,SU-14608,0140420685,2021,3,23,5,44,52,456000,1198,280,15
1,SU-14608,0140420685,2021,3,23,5,44,52,456600,1196,280,15
1,SU-14608,0140420685,2021,3,23,5,44,52,457200,1194,280,15
1,SU-14608,0140420685,2021,3,23,5,44,52,457800,1191,280,14
1,SU-14608,0140420685,2021,3,23,5,44,52,458400,1190,280,15
1,SU-14608,0140420685,2021,3,23,5,44,52,459000,1187,280,15
1,SU-14608,0140420685,2021,3,23,5,44,52,459600,1185,280,15
1,SU-14608,0140420685,2021,3,23,5,44,52,460200,1182,280,26
1,SU-14608,0140420685,2021,3,23,5,44,52,460800,1180,280,15
1,SU-14608,0140420685,2021,3,23,5,44,52,461400,1177,280,15
1,SU-14608,0140420685,2021,3,23,5,44,52,462000,1175,280,15
1,SU-14608,0140420685,2021,3,23,5,44,52,462600,1172,280,15
1,SU-14608,0140420685,2021,3,23,5,44,52,463200,1170,280,15
1,SU-14608,0140420685,2021,3,23,5,44,52,463800,1168,280,15
1,SU-14608,0140420685,2021,3,23,5,44,52,464400,1167,280,14
1,SU-14608,0140420685,2021,3,23,5,44,52,465000,1165,280,26
1,SU-14608,0140420685,2021,3,23,5,44,52,465600,1161,280,26
1,SU-14608,0140420685,2021,3,23,5,44,52,466200,1158,280,14
1,SU-14608,0140420685,2021,3,23,5,44,52,466800,1156,280,15
1,SU-14608,0140420685,2021,3,23,5,44,52,467400,1153,280,15
1,SU-14608,0140420685,2021,3,23,5,44,52,468000,1151,280,15
1,SU-14608,0140420685,2021,3,23,5,44,52,468600,1147,280,15
1,SU-14608,0140420685,2021,3,23,5,44,52,469200,1146,280,26
1,SU-14608,0140420685,2021,3,23,5,44,52,469800,1142,280,15
1,SU-14608,0140420685,2021,3,23,5,44,52,470400,1141,280,26
1,SU-14608,0140420685,2021,3,23,5,44,52,471000,1137,280,15
1,SU-14608,0140420685,2021,3,23,5,44,52,471600,1135,280,26
1,SU-14608,0140420685,2021,3,23,5,44,52,472200,1132,280,15
1,SU-14608,0140420685,2021,3,23,5,44,52,472800,1130,280,15
1,SU-14608,0140420685,2021,3,23,5,44,52,473400,1127,280,26
1,SU-14608,0140420685,2021,3,23,5,44,52,474000,1125,280,26
1,SU-14608,0140420685,2021,3,23,5,44,52,474600,1121,280,15
1,SU-14608,0140420685,2021,3,23,5,44,52,475200,1120,280,26
1,SU-14608,0140420685,2021,3,23,5,44,52,475800,1118,280,26
1,SU-14608,0140420685,2021,3,23,5,44,52,476400,1117,280,15
1,SU-14608,0140420685,2021,3,23,5,44,52,477000,1115,280,26
1,SU-14608,0140420685,2021,3,23,5,44,52,477600,1114,280,26
1,SU-14608,0140420685,2021,3,23,5,44,52,478200,1114,280,15
1,SU-14608,0140420685,2021,3,23,5,44,52,478800,1114,280,26
1,SU-14608,0140420685,2021,3,23,5,44,52,479400,1114,280,26
1,SU-14608,0140420685,2021,3,23,5,44,52,480000,1116,280,15
1,SU-14608,0140420685,2021,3,23,5,44,52,480600,1118,280,15
1,SU-14608,0140420685,2021,3,23,5,44,52,481200,1120,280,26
1,SU-14608,0140420685,2021,3,23,5,44,52,481800,1124,280,26
1,SU-14608,0140420685,2021,3,23,5,44,52,482400,1128,280,15
1,SU-14608,0140420685,2021,3,23,5,44,52,483000,1132,280,15
1,SU-14608,0140420685,2021,3,23,5,44,52,483600,1138,280,26
1,SU-14608,0140420685,2021,3,23,5,44,52,484200,1143,280,15
1,SU-14608,0140420685,2021,3,23,5,44,52,484800,1149,280,14
1,SU-14608,0140420685,2021,3,23,5,44,52,485400,1158,280,15
1,SU-14608,0140420685,2021,3,23,5,44,52,486000,1166,280,14
1,SU-14608,0140420685,2021,3,23,5,44,52,486600,1175,280,15
1,SU-14608,0140420685,2021,3,23,5,44,52,487200,1185,280,14
1,SU-14608,0140420685,2021,3,23,5,44,52,487800,1197,280,14
1,SU-14608,0140420685,2021,3,23,5,44,52,488400,1210,280,13
1,SU-14608,0140420685,2021,3,23,5,44,52,489000,1228,280,14
1,SU-14608,0140420685,2021,3,23,5,44,52,489600,1248,280,13
1,SU-14608,0140420685,2021,3,23,5,44,52,490200,1272,280,13
1,SU-14608,0140420685,2021,3,23,5,44,52,490800,1296,280,13
1,SU-14608,0140420685,2021,3,23,5,44,52,491400,1319,280,12
1,SU-14608,0140420685,2021,3,23,5,44,52,492000,1346,280,12
1,SU-14608,0140420685,2021,3,23,5,44,52,492600,1364,280,12
1,SU-14608,0140420685,2021,3,23,5,44,52,493200,1373,280,12
1,SU-14608,0140420685,2021,3,23,5,44,52,493800,1378,280,12
1,SU-14608,0140420685,2021,3,23,5,44,52,494400,1381,280,12
1,SU-14608,0140420685,2021,3,23,5,44,52,495000,1384,280,11
1,SU-14608,0140420685,2021,3,23,5,44,52,495600,1386,280,11
1,SU-14608,0140420685,2021,3,23,5,44,52,496200,1388,280,11
1,SU-14608,0140420685,2021,3,23,5,44,52,496800,1390,280,11
1,SU-14608,0140420685,2021,3,23,5,44,52,497400,1392,280,11
1,SU-14608,0140420685,2021,3,23,5,44,52,498000,1394,280,10
1,SU-14608,0140420685,2021,3,23,5,44,52,498600,1395,280,10
1,SU-14608,0140420685,2021,3,23,5,44,52,499200,1397,280,10
1,SU-14608,0140420685,2021,3,23,5,44,52,499800,1398,280,11
1,SU-14608,0140420685,2021,3,23,5,44,52,500400,1398,280,11
1,SU-14608,0140420685,2021,3,23,5,44,52,501000,1399,280,10
1,SU-14608,0140420685,2021,3,23,5,44,52,501600,1400,280,11
1,SU-14608,0140420685,2021,3,23,5,44,52,502200,1400,280,11
1,SU-14608,0140420685,2021,3,23,5,44,52,502800,1400,280,12
1,SU-14608,0140420685,2021,3,23,5,44,52,503400,1401,280,12
1,SU-14608,0140420685,2021,3,23,5,44,52,504000,1401,280,12
1,SU-14608,0140420685,2021,3,23,5,44,52,504600,1401,280,12
1,SU-14608,0140420685,2021,3,23,5,44,52,505200,1401,280,13
1,SU-14608,0140420685,2021,3,23,5,44,52,505800,1401,280,13
1,SU-14608,0140420685,2021,3,23,5,44,52,506400,1400,280,14
1,SU-14608,0140420685,2021,3,23,5,44,52,507000,1401,280,13
1,SU-14608,0140420685,2021,3,23,5,44,52,507600,1401,280,13
1,SU-14608,0140420685,2021,3,23,5,44,52,508200,1401,280,13
1,SU-14608,0140420685,2021,3,23,5,44,52,508800,1401,280,12
1,SU-14608,0140420685,2021,3,23,5,44,52,509400,1400,280,13
1,SU-14608,0140420685,2021,3,23,5,44,52,510000,1400,280,13
1,SU-14608,0140420685,2021,3,23,5,44,52,510600,1399,280,12
1,SU-14608,0140420685,2021,3,23,5,44,52,511200,1399,280,12
1,SU-14608,0140420685,2021,3,23,5,44,52,511800,1398,280,11
1,SU-14608,0140420685,2021,3,23,5,44,52,512400,1397,280,11
1,SU-14608,0140420685,2021,3,23,5,44,52,513000,1398,280,11
1,SU-14608,0140420685,2021,3,23,5,44,52,513600,1396,280,11
1,SU-14608,0140420685,2021,3,23,5,44,52,514200,1397,280,10
1,SU-14608,0140420685,2021,3,23,5,44,52,514800,1396,280,10
1,SU-14608,0140420685,2021,3,23,5,44,52,515400,1396,280,10
1,SU-14608,0140420685,2021,3,23,5,44,52,516000,1395,280,09
1,SU-14608,0140420685,2021,3,23,5,44,52,516600,1395,280,09
1,SU-14608,0140420685,2021,3,23,5,44,52,517200,1394,280,09
1,SU-14608,0140420685,2021,3,23,5,44,52,517800,1394,280,09
1,SU-14608,0140420685,2021,3,23,5,44,52,518400,1393,280,09
1,SU-14608,0140420685,2021,3,23,5,44,52,519000,1393,280,08
1,SU-14608,0140420685,2021,3,23,5,44,52,519600,1393,280,07
1,SU-14608,0140420685,2021,3,23,5,44,52,520200,1391,280,08
1,SU-14608,0140420685,2021,3,23,5,44,52,520800,1392,280,08
1,SU-14608,0140420685,2021,3,23,5,44,52,521400,1391,280,08
1,SU-14608,0140420685,2021,3,23,5,44,52,522000,1391,280,07
1,SU-14608,0140420685,2021,3,23,5,44,52,522600,1391,280,07
1,SU-14608,0140420685,2021,3,23,5,44,52,523200,1389,280,07
1,SU-14608,0140420685,2021,3,23,5,44,52,523800,1389,280,07
1,SU-14608,0140420685,2021,3,23,5,44,52,524400,1389,280,07
1,SU-14608,0140420685,2021,3,23,5,44,52,525000,1388,280,07
1,SU-14608,0140420685,2021,3,23,5,44,52,525600,1388,280,06
1,SU-14608,0140420685,2021,3,23,5,44,52,526200,1387,280,06
1,SU-14608,0140420685,2021,3,23,5,44,52,526800,1388,280,06
1,SU-14608,0140420685,2021,3,23,5,44,52,527400,1387,280,05
1,SU-14608,0140420685,2021,3,23,5,44,52,528000,1386,280,06
1,SU-14608,0140420685,2021,3,23,5,44,52,528600,1386,280,06
1,SU-14608,0140420685,2021,3,23,5,44,52,529200,1386,280,05
1,SU-14608,0140420685,2021,3,23,5,44,52,529800,1385,280,05
1,SU-14608,0140420685,2021,3,23,5,44,52,530400,1385,280,05
1,SU-14608,0140420685,2021,3,23,5,44,52,531000,1383,280,04
1,SU-14608,0140420685,2021,3,23,5,44,52,531600,1383,280,04
1,SU-14608,0140420685,2021,3,23,5,44,52,532200,1382,280,05
1,SU-14608,0140420685,2021,3,23,5,44,52,532800,1382,280,05
1,SU-14608,0140420685,2021,3,23,5,44,52,533400,1381,280,05
1,SU-14608,0140420685,2021,3,23,5,44,52,534000,1382,280,05
1,SU-14608,0140420685,2021,3,23,5,44,52,534600,1381,280,04
1,SU-14608,0140420685,2021,3,23,5,44,52,535200,1379,280,04
1,SU-14608,0140420685,2021,3,23,5,44,52,535800,1380,280,05
1,SU-14608,0140420685,2021,3,23,5,44,52,536400,1379,280,04
1,SU-14608,0140420685,2021,3,23,5,44,52,537000,1377,280,04
1,SU-14608,0140420685,2021,3,23,5,44,52,537600,1377,280,04
1,SU-14608,0140420685,2021,3,23,5,44,52,538200,1376,280,04
1,SU-14608,0140420685,2021,3,23,5,44,52,538800,1376,280,04
1,SU-14608,0140420685,2021,3,23,5,44,52,539400,1376,280,04
1,SU-14608,0140420685,2021,3,23,5,44,52,540000,1374,280,04
1,SU-14608,0140420685,2021,3,23,5,44,52,540600,1374,280,04
1,SU-14608,0140420685,2021,3,23,5,44,52,541200,1374,280,04
1,SU-14608,0140420685,2021,3,23,5,44,52,541800,1373,280,04
1,SU-14608,0140420685,2021,3,23,5,44,52,542400,1372,280,04
1,SU-14608,0140420685,2021,3,23,5,44,52,543000,1372,280,04
1,SU-14608,0140420685,2021,3,23,5,44,52,543600,1371,280,04
1,SU-14608,0140420685,2021,3,23,5,44,52,544200,1370,280,05
1,SU-14608,0140420685,2021,3,23,5,44,52,544800,1369,280,04
1,SU-14608,0140420685,2021,3,23,5,44,52,545400,1368,280,04
1,SU-14608,0140420685,2021,3,23,5,44,52,546000,1368,280,04
1,SU-14608,0140420685,2021,3,23,5,44,52,546600,1366,280,04
1,SU-14608,0140420685,2021,3,23,5,44,52,547200,1366,280,04
1,SU-14608,0140420685,2021,3,23,5,44,52,547800,1365,280,04
1,SU-14608,0140420685,2021,3,23,5,44,52,548400,1364,280,04
1,SU-14608,0140420685,2021,3,23,5,44,52,549000,1363,280,04
1,SU-14608,0140420685,2021,3,23,5,44,52,549600,1362,280,04
1,SU-14608,0140420685,2021,3,23,5,44,52,550200,1360,280,04
1,SU-14608,0140420685,2021,3,23,5,44,52,550800,1359,280,04
1,SU-14608,0140420685,2021,3,23,5,44,52,551400,1358,280,04
1,SU-14608,0140420685,2021,3,23,5,44,52,552000,1358,280,04
1,SU-14608,0140420685,2021,3,23,5,44,52,552600,1356,280,04
1,SU-14608,0140420685,2021,3,23,5,44,52,553200,1354,280,05
1,SU-14608,0140420685,2021,3,23,5,44,52,553800,1353,280,04
1,SU-14608,0140420685,2021,3,23,5,44,52,554400,1352,280,05
1,SU-14608,0140420685,2021,3,23,5,44,52,555000,1351,280,04
1,SU-14608,0140420685,2021,3,23,5,44,52,555600,1350,280,04
1,SU-14608,0140420685,2021,3,23,5,44,52,556200,1349,280,04
1,SU-14608,0140420685,2021,3,23,5,44,52,556800,1347,280,05
1,SU-14608,0140420685,2021,3,23,5,44,52,557400,1346,280,05
1,SU-14608,0140420685,2021,3,23,5,44,52,558000,1345,280,05
1,SU-14608,0140420685,2021,3,23,5,44,52,558600,1344,280,05
1,SU-14608,0140420685,2021,3,23,5,44,52,559200,1343,280,05
1,SU-14608,0140420685,2021,3,23,5,44,52,559800,1342,280,06
1,SU-14608,0140420685,2021,3,23,5,44,52,560400,1343,280,06
1,SU-14608,0140420685,2021,3,23,5,44,52,561000,1342,280,05
1,SU-14608,0140420685,2021,3,23,5,44,52,561600,1341,280,05
1,SU-14608,0140420685,2021,3,23,5,44,52,562200,1342,280,05
1,SU-14608,0140420685,2021,3,23,5,44,52,562800,1342,280,05
1,SU-14608,0140420685,2021,3,23,5,44,52,563400,1343,280,05
1,SU-14608,0140420685,2021,3,23,5,44,52,564000,1343,280,05
1,SU-14608,0140420685,2021,3,23,5,44,52,564600,1345,280,05
1,SU-14608,0140420685,2021,3,23,5,44,52,565200,1346,280,06
1,SU-14608,0140420685,2021,3,23,5,44,52,565800,1347,280,05
1,SU-14608,0140420685,2021,3,23,5,44,52,566400,1349,280,04
1,SU-14608,0140420685,2021,3,23,5,44,52,567000,1350,280,05
1,SU-14608,0140420685,2021,3,23,5,44,52,567600,1351,280,05
1,SU-14608,0140420685,2021,3,23,5,44,52,568200,1354,280,04
1,SU-14608,0140420685,2021,3,23,5,44,52,568800,1355,280,04
1,SU-14608,0140420685,2021,3,23,5,44,52,569400,1358,280,04
1,SU-14608,0140420685,2021,3,23,5,44,52,570000,1361,280,05
1,SU-14608,0140420685,2021,3,23,5,44,52,570600,1365,280,04
1,SU-14608,0140420685,2021,3,23,5,44,52,571200,1369,280,04
1,SU-14608,0140420685,2021,3,23,5,44,52,571800,1374,280,03
1,SU-14608,0140420685,2021,3,23,5,44,52,572400,1378,280,03
1,SU-14608,0140420685,2021,3,23,5,44,52,573000,1383,280,04
1,SU-14608,0140420685,2021,3,23,5,44,52,573600,1388,280,03
1,SU-14608,0140420685,2021,3,23,5,44,52,574200,1392,280,03
1,SU-14608,0140420685,2021,3,23,5,44,52,574800,1395,280,03
1,SU-14608,0140420685,2021,3,23,5,44,52,575400,1399,280,02
1,SU-14608,0140420685,2021,3,23,5,44,52,576000,1402,280,02
1,SU-14608,0140420685,2021,3,23,5,44,52,576600,1404,280,02
1,SU-14608,0140420685,2021,3,23,5,44,52,577200,1406,280,02
1,SU-14608,0140420685,2021,3,23,5,44,52,577800,1408,280,02
1,SU-14608,0140420685,2021,3,23,5,44,52,578400,1410,280,03
1,SU-14608,0140420685,2021,3,23,5,44,52,579000,1411,280,02
1,SU-14608,0140420685,2021,3,23,5,44,52,579600,1413,280,03
1,SU-14608,0140420685,2021,3,23,5,44,52,580200,1414,280,04
1,SU-14608,0140420685,2021,3,23,5,44,52,580800,1415,280,04
1,SU-14608,0140420685,2021,3,23,5,44,52,581400,1415,280,04
1,SU-14608,0140420685,2021,3,23,5,44,52,582000,1417,280,04
1,SU-14608,0140420685,2021,3,23,5,44,52,582600,1417,280,04
1,SU-14608,0140420685,2021,3,23,5,44,52,583200,1418,280,04
1,SU-14608,0140420685,2021,3,23,5,44,52,583800,1419,280,04
1,SU-14608,0140420685,2021,3,23,5,44,52,584400,1418,280,04
1,SU-14608,0140420685,2021,3,23,5,44,52,585000,1419,280,04
1,SU-14608,0140420685,2021,3,23,5,44,52,585600,1419,280,04
1,SU-14608,0140420685,2021,3,23,5,44,52,586200,1419,280,03
1,SU-14608,0140420685,2021,3,23,5,44,52,586800,1421,280,03
1,SU-14608,0140420685,2021,3,23,5,44,52,587400,1420,280,03
1,SU-14608,0140420685,2021,3,23,5,44,52,588000,1419,280,03
1,SU-14608,0140420685,2021,3,23,5,44,52,588600,1420,280,02
1,SU-14608,0140420685,2021,3,23,5,44,52,589200,1419,280,02
1,SU-14608,0140420685,2021,3,23,5,44,52,589800,1419,280,02
1,SU-14608,0140420685,2021,3,23,5,44,52,590400,1418,280,02
1,SU-14608,0140420685,2021,3,23,5,44,52,591000,1419,280,02
1,SU-14608,0140420685,2021,3,23,5,44,52,591600,1418,280,02
1,SU-14608,0140420685,2021,3,23,5,44,52,592200,1418,280,01
1,SU-14608,0140420685,2021,3,23,5,44,52,592800,1417,280,01
1,SU-14608,0140420685,2021,3,23,5,44,52,593400,1417,280,01
1,SU-14608,0140420685,2021,3,23,5,44,52,594000,1417,280,01
1,SU-14608,0140420685,2021,3,23,5,44,52,594600,1415,280,01
1,SU-14608,0140420685,2021,3,23,5,44,52,595200,1416,280,01
1,SU-14608,0140420685,2021,3,23,5,44,52,595800,1414,280,01
1,SU-14608,0140420685,2021,3,23,5,44,52,596400,1414,280,01
1,SU-14608,0140420685,2021,3,23,5,44,52,597000,1414,280,00
1,SU-14608,0140420685,2021,3,23,5,44,52,597600,1413,280,00
1,SU-14608,0140420685,2021,3,23,5,44,52,598200,1412,280,00
1,SU-14608,0140420685,2021,3,23,5,44,52,598800,1411,280,00
1,SU-14608,0140420685,2021,3,23,5,44,52,599400,1411,279,99
1,SU-14608,0140420685,2021,3,23,5,44,52,600000,1410,279,99
1,SU-14608,0140420685,2021,3,23,5,44,52,600600,1410,279,99
1,SU-14608,0140420685,2021,3,23,5,44,52,601200,1408,279,99
1,SU-14608,0140420685,2021,3,23,5,44,52,601800,1409,279,99
1,SU-14608,0140420685,2021,3,23,5,44,52,602400,1408,279,98
1,SU-14608,0140420685,2021,3,23,5,44,52,603000,1407,279,98
1,SU-14608,0140420685,2021,3,23,5,44,52,603600,1406,279,98
1,SU-14608,0140420685,2021,3,23,5,44,52,604200,1406,279,98
1,SU-14608,0140420685,2021,3,23,5,44,52,604800,1405,279,98
1,SU-14608,0140420685,2021,3,23,5,44,52,605400,1404,279,97
1,SU-14608,0140420685,2021,3,23,5,44,52,606000,1404,279,98
1,SU-14608,0140420685,2021,3,23,5,44,52,606600,1404,279,97
1,SU-14608,0140420685,2021,3,23,5,44,52,607200,1404,279,97
1,SU-14608,0140420685,2021,3,23,5,44,52,607800,1403,279,97
1,SU-14608,0140420685,2021,3,23,5,44,52,608400,1403,279,98
1,SU-14608,0140420685,2021,3,23,5,44,52,609000,1401,279,97
1,SU-14608,0140420685,2021,3,23,5,44,52,609600,1401,279,97
1,SU-14608,0140420685,2021,3,23,5,44,52,610200,1400,279,97
1,SU-14608,0140420685,2021,3,23,5,44,52,610800,1399,279,97
1,SU-14608,0140420685,2021,3,23,5,44,52,611400,1399,279,96
1,SU-14608,0140420685,2021,3,23,5,44,52,612000,1398,279,97
1,SU-14608,0140420685,2021,3,23,5,44,52,612600,1398,279,97
1,SU-14608,0140420685,2021,3,23,5,44,52,613200,1398,279,97
1,SU-14608,0140420685,2021,3,23,5,44,52,613800,1396,279,97
1,SU-14608,0140420685,2021,3,23,5,44,52,614400,1396,279,97
1,SU-14608,0140420685,2021,3,23,5,44,52,615000,1395,279,97
1,SU-14608,0140420685,2021,3,23,5,44,52,615600,1394,279,97
1,SU-14608,0140420685,2021,3,23,5,44,52,616200,1394,279,97
1,SU-14608,0140420685,2021,3,23,5,44,52,616800,1393,279,97
1,SU-14608,0140420685,2021,3,23,5,44,52,617400,1392,279,97
1,SU-14608,0140420685,2021,3,23,5,44,52,618000,1391,279,97
1,SU-14608,0140420685,2021,3,23,5,44,52,618600,1391,279,97
1,SU-14608,0140420685,2021,3,23,5,44,52,619200,1390,279,96
1,SU-14608,0140420685,2021,3,23,5,44,52,619800,1389,279,97
1,SU-14608,0140420685,2021,3,23,5,44,52,620400,1389,279,97
1,SU-14608,0140420685,2021,3,23,5,44,52,621000,1388,279,96
1,SU-14608,0140420685,2021,3,23,5,44,52,621600,1386,279,97
1,SU-14608,0140420685,2021,3,23,5,44,52,622200,1386,279,97
1,SU-14608,0140420685,2021,3,23,5,44,52,622800,1386,279,97
1,SU-14608,0140420685,2021,3,23,5,44,52,623400,1385,279,97
1,SU-14608,0140420685,2021,3,23,5,44,52,624000,1384,279,97
1,SU-14608,0140420685,2021,3,23,5,44,52,624600,1383,279,97
1,SU-14608,0140420685,2021,3,23,5,44,52,625200,1382,279,98
1,SU-14608,0140420685,2021,3,23,5,44,52,625800,1381,279,97
1,SU-14608,0140420685,2021,3,23,5,44,52,626400,1380,279,97
1,SU-14608,0140420685,2021,3,23,5,44,52,627000,1380,279,97
1,SU-14608,0140420685,2021,3,23,5,44,52,627600,1379,279,98
1,SU-14608,0140420685,2021,3,23,5,44,52,628200,1378,279,98
1,SU-14608,0140420685,2021,3,23,5,44,52,628800,1377,279,97
1,SU-14608,0140420685,2021,3,23,5,44,52,629400,1377,279,97
1,SU-14608,0140420685,2021,3,23,5,44,52,630000,1376,279,97
1,SU-14608,0140420685,2021,3,23,5,44,52,630600,1375,279,97
1,SU-14608,0140420685,2021,3,23,5,44,52,631200,1374,279,98
1,SU-14608,0140420685,2021,3,23,5,44,52,631800,1373,279,98
1,SU-14608,0140420685,2021,3,23,5,44,52,632400,1373,279,98
1,SU-14608,0140420685,2021,3,23,5,44,52,633000,1372,279,98
1,SU-14608,0140420685,2021,3,23,5,44,52,633600,1371,279,98
1,SU-14608,0140420685,2021,3,23,5,44,52,634200,1370,279,98
1,SU-14608,0140420685,2021,3,23,5,44,52,634800,1370,279,98
1,SU-14608,0140420685,2021,3,23,5,44,52,635400,1370,279,98
1,SU-14608,0140420685,2021,3,23,5,44,52,636000,1369,279,98
1,SU-14608,0140420685,2021,3,23,5,44,52,636600,1367,279,98
1,SU-14608,0140420685,2021,3,23,5,44,52,637200,1367,279,98
1,SU-14608,0140420685,2021,3,23,5,44,52,637800,1367,279,98
1,SU-14608,0140420685,2021,3,23,5,44,52,638400,1365,279,98
1,SU-14608,0140420685,2021,3,23,5,44,52,639000,1364,280,00
1,SU-14608,0140420685,2021,3,23,5,44,52,639600,1364,280,00
1,SU-14608,0140420685,2021,3,23,5,44,52,640200,1362,280,00
1,SU-14608,0140420685,2021,3,23,5,44,52,640800,1362,280,00
1,SU-14608,0140420685,2021,3,23,5,44,52,641400,1360,279,99
1,SU-14608,0140420685,2021,3,23,5,44,52,642000,1360,280,00
1,SU-14608,0140420685,2021,3,23,5,44,52,642600,1358,280,00
1,SU-14608,0140420685,2021,3,23,5,44,52,643200,1358,280,01
1,SU-14608,0140420685,2021,3,23,5,44,52,643800,1357,280,01
1,SU-14608,0140420685,2021,3,23,5,44,52,644400,1357,280,01
1,SU-14608,0140420685,2021,3,23,5,44,52,645000,1355,280,01
1,SU-14608,0140420685,2021,3,23,5,44,52,645600,1354,280,01
1,SU-14608,0140420685,2021,3,23,5,44,52,646200,1353,280,01
1,SU-14608,0140420685,2021,3,23,5,44,52,646800,1353,280,01
1,SU-14608,0140420685,2021,3,23,5,44,52,647400,1353,280,01
1,SU-14608,0140420685,2021,3,23,5,44,52,648000,1352,280,01
1,SU-14608,0140420685,2021,3,23,5,44,52,648600,1351,280,01
1,SU-14608,0140420685,2021,3,23,5,44,52,649200,1352,280,01
1,SU-14608,0140420685,2021,3,23,5,44,52,649800,1353,280,02
1,SU-14608,0140420685,2021,3,23,5,44,52,650400,1353,280,02
1,SU-14608,0140420685,2021,3,23,5,44,52,651000,1353,280,02
1,SU-14608,0140420685,2021,3,23,5,44,52,651600,1354,280,02
1,SU-14608,0140420685,2021,3,23,5,44,52,652200,1354,280,03
1,SU-14608,0140420685,2021,3,23,5,44,52,652800,1356,280,03
1,SU-14608,0140420685,2021,3,23,5,44,52,653400,1357,280,04
1,SU-14608,0140420685,2021,3,23,5,44,52,654000,1358,280,04
1,SU-14608,0140420685,2021,3,23,5,44,52,654600,1360,280,04
1,SU-14608,0140420685,2021,3,23,5,44,52,655200,1363,280,04
1,SU-14608,0140420685,2021,3,23,5,44,52,655800,1366,280,04
1,SU-14608,0140420685,2021,3,23,5,44,52,656400,1369,280,04
1,SU-14608,0140420685,2021,3,23,5,44,52,657000,1374,280,04
1,SU-14608,0140420685,2021,3,23,5,44,52,657600,1377,280,04
1,SU-14608,0140420685,2021,3,23,5,44,52,658200,1381,280,04
1,SU-14608,0140420685,2021,3,23,5,44,52,658800,1385,280,04
1,SU-14608,0140420685,2021,3,23,5,44,52,659400,1389,280,04
1,SU-14608,0140420685,2021,3,23,5,44,52,660000,1393,280,04
1,SU-14608,0140420685,2021,3,23,5,44,52,660600,1396,280,04
1,SU-14608,0140420685,2021,3,23,5,44,52,661200,1398,280,04
1,SU-14608,0140420685,2021,3,23,5,44,52,661800,1401,280,05
1,SU-14608,0140420685,2021,3,23,5,44,52,662400,1403,280,04
1,SU-14608,0140420685,2021,3,23,5,44,52,663000,1404,280,04
1,SU-14608,0140420685,2021,3,23,5,44,52,663600,1407,280,04
1,SU-14608,0140420685,2021,3,23,5,44,52,664200,1408,280,04
1,SU-14608,0140420685,2021,3,23,5,44,52,664800,1409,280,04
1,SU-14608,0140420685,2021,3,23,5,44,52,665400,1410,280,04
1,SU-14608,0140420685,2021,3,23,5,44,52,666000,1411,280,04
1,SU-14608,0140420685,2021,3,23,5,44,52,666600,1413,280,04
1,SU-14608,0140420685,2021,3,23,5,44,52,667200,1413,280,04
1,SU-14608,0140420685,2021,3,23,5,44,52,667800,1413,280,03
1,SU-14608,0140420685,2021,3,23,5,44,52,668400,1413,280,03
1,SU-14608,0140420685,2021,3,23,5,44,52,669000,1415,280,03
1,SU-14608,0140420685,2021,3,23,5,44,52,669600,1414,280,02
1,SU-14608,0140420685,2021,3,23,5,44,52,670200,1415,280,02
1,SU-14608,0140420685,2021,3,23,5,44,52,670800,1415,280,01
1,SU-14608,0140420685,2021,3,23,5,44,52,671400,1415,280,02
1,SU-14608,0140420685,2021,3,23,5,44,52,672000,1415,280,01
1,SU-14608,0140420685,2021,3,23,5,44,52,672600,1416,280,01
1,SU-14608,0140420685,2021,3,23,5,44,52,673200,1416,280,01
1,SU-14608,0140420685,2021,3,23,5,44,52,673800,1416,280,00
1,SU-14608,0140420685,2021,3,23,5,44,52,674400,1416,280,00
1,SU-14608,0140420685,2021,3,23,5,44,52,675000,1415,279,99
1,SU-14608,0140420685,2021,3,23,5,44,52,675600,1415,280,00
1,SU-14608,0140420685,2021,3,23,5,44,52,676200,1415,279,99
1,SU-14608,0140420685,2021,3,23,5,44,52,676800,1415,279,99
1,SU-14608,0140420685,2021,3,23,5,44,52,677400,1415,279,99
1,SU-14608,0140420685,2021,3,23,5,44,52,678000,1415,279,98
1,SU-14608,0140420685,2021,3,23,5,44,52,678600,1414,279,98
1,SU-14608,0140420685,2021,3,23,5,44,52,679200,1414,279,98
1,SU-14608,0140420685,2021,3,23,5,44,52,679800,1412,279,97
1,SU-14608,0140420685,2021,3,23,5,44,52,680400,1413,279,97
1,SU-14608,0140420685,2021,3,23,5,44,52,681000,1412,279,96
1,SU-14608,0140420685,2021,3,23,5,44,52,681600,1412,279,95
1,SU-14608,0140420685,2021,3,23,5,44,52,682200,1410,279,96
1,SU-14608,0140420685,2021,3,23,5,44,52,682800,1411,279,95
1,SU-14608,0140420685,2021,3,23,5,44,52,683400,1410,279,95
1,SU-14608,0140420685,2021,3,23,5,44,52,684000,1409,279,95
1,SU-14608,0140420685,2021,3,23,5,44,52,684600,1408,279,95
1,SU-14608,0140420685,2021,3,23,5,44,52,685200,1408,279,95
1,SU-14608,0140420685,2021,3,23,5,44,52,685800,1407,279,93
1,SU-14608,0140420685,2021,3,23,5,44,52,686400,1407,279,94
1,SU-14608,0140420685,2021,3,23,5,44,52,687000,1405,279,93
1,SU-14608,0140420685,2021,3,23,5,44,52,687600,1405,279,93
1,SU-14608,0140420685,2021,3,23,5,44,52,688200,1404,279,93
1,SU-14608,0140420685,2021,3,23,5,44,52,688800,1404,279,93
1,SU-14608,0140420685,2021,3,23,5,44,52,689400,1404,279,93
1,SU-14608,0140420685,2021,3,23,5,44,52,690000,1403,279,93
1,SU-14608,0140420685,2021,3,23,5,44,52,690600,1403,279,92
1,SU-14608,0140420685,2021,3,23,5,44,52,691200,1402,279,92
1,SU-14608,0140420685,2021,3,23,5,44,52,691800,1401,279,92
1,SU-14608,0140420685,2021,3,23,5,44,52,692400,1401,279,92
1,SU-14608,0140420685,2021,3,23,5,44,52,693000,1400,279,92
1,SU-14608,0140420685,2021,3,23,5,44,52,693600,1400,279,92
1,SU-14608,0140420685,2021,3,23,5,44,52,694200,1399,279,92
1,SU-14608,0140420685,2021,3,23,5,44,52,694800,1399,279,91
1,SU-14608,0140420685,2021,3,23,5,44,52,695400,1398,279,91
1,SU-14608,0140420685,2021,3,23,5,44,52,696000,1397,279,91
1,SU-14608,0140420685,2021,3,23,5,44,52,696600,1397,279,91
1,SU-14608,0140420685,2021,3,23,5,44,52,697200,1395,279,90
1,SU-14608,0140420685,2021,3,23,5,44,52,697800,1395,279,91
1,SU-14608,0140420685,2021,3,23,5,44,52,698400,1395,279,91
1,SU-14608,0140420685,2021,3,23,5,44,52,699000,1394,279,91
1,SU-14608,0140420685,2021,3,23,5,44,52,699600,1393,279,91
1,SU-14608,0140420685,2021,3,23,5,44,52,700200,1393,279,91
1,SU-14608,0140420685,2021,3,23,5,44,52,700800,1393,279,91
1,SU-14608,0140420685,2021,3,23,5,44,52,701400,1390,279,91
1,SU-14608,0140420685,2021,3,23,5,44,52,702000,1390,279,91
1,SU-14608,0140420685,2021,3,23,5,44,52,702600,1389,279,92
1,SU-14608,0140420685,2021,3,23,5,44,52,703200,1389,279,91
1,SU-14608,0140420685,2021,3,23,5,44,52,703800,1389,279,92
1,SU-14608,0140420685,2021,3,23,5,44,52,704400,1387,279,91
1,SU-14608,0140420685,2021,3,23,5,44,52,705000,1387,279,91
1,SU-14608,0140420685,2021,3,23,5,44,52,705600,1386,279,91
1,SU-14608,0140420685,2021,3,23,5,44,52,706200,1386,279,91
1,SU-14608,0140420685,2021,3,23,5,44,52,706800,1386,279,92
1,SU-14608,0140420685,2021,3,23,5,44,52,707400,1384,279,91
1,SU-14608,0140420685,2021,3,23,5,44,52,708000,1384,279,92
1,SU-14608,0140420685,2021,3,23,5,44,52,708600,1383,279,91
1,SU-14608,0140420685,2021,3,23,5,44,52,709200,1381,279,92
1,SU-14608,0140420685,2021,3,23,5,44,52,709800,1381,279,91
1,SU-14608,0140420685,2021,3,23,5,44,52,710400,1381,279,92
1,SU-14608,0140420685,2021,3,23,5,44,52,711000,1380,279,92
1,SU-14608,0140420685,2021,3,23,5,44,52,711600,1378,279,92
1,SU-14608,0140420685,2021,3,23,5,44,52,712200,1377,279,92
1,SU-14608,0140420685,2021,3,23,5,44,52,712800,1377,279,92
1,SU-14608,0140420685,2021,3,23,5,44,52,713400,1377,279,92
1,SU-14608,0140420685,2021,3,23,5,44,52,714000,1375,279,92
1,SU-14608,0140420685,2021,3,23,5,44,52,714600,1374,279,92
1,SU-14608,0140420685,2021,3,23,5,44,52,715200,1374,279,92
1,SU-14608,0140420685,2021,3,23,5,44,52,715800,1373,279,92
1,SU-14608,0140420685,2021,3,23,5,44,52,716400,1372,279,92
1,SU-14608,0140420685,2021,3,23,5,44,52,717000,1372,279,92
1,SU-14608,0140420685,2021,3,23,5,44,52,717600,1371,279,93
1,SU-14608,0140420685,2021,3,23,5,44,52,718200,1370,279,93
1,SU-14608,0140420685,2021,3,23,5,44,52,718800,1370,279,92
1,SU-14608,0140420685,2021,3,23,5,44,52,719400,1369,279,93
1,SU-14608,0140420685,2021,3,23,5,44,52,720000,1368,279,92
1,SU-14608,0140420685,2021,3,23,5,44,52,720600,1368,279,93
1,SU-14608,0140420685,2021,3,23,5,44,52,721200,1367,279,93
1,SU-14608,0140420685,2021,3,23,5,44,52,721800,1366,279,93
1,SU-14608,0140420685,2021,3,23,5,44,52,722400,1365,279,92
1,SU-14608,0140420685,2021,3,23,5,44,52,723000,1365,279,93
1,SU-14608,0140420685,2021,3,23,5,44,52,723600,1364,279,93
1,SU-14608,0140420685,2021,3,23,5,44,52,724200,1363,279,93
1,SU-14608,0140420685,2021,3,23,5,44,52,724800,1362,279,93
1,SU-14608,0140420685,2021,3,23,5,44,52,725400,1362,279,93
1,SU-14608,0140420685,2021,3,23,5,44,52,726000,1360,279,93
1,SU-14608,0140420685,2021,3,23,5,44,52,726600,1360,279,93
1,SU-14608,0140420685,2021,3,23,5,44,52,727200,1358,279,93
1,SU-14608,0140420685,2021,3,23,5,44,52,727800,1358,279,93
1,SU-14608,0140420685,2021,3,23,5,44,52,728400,1357,279,93
1,SU-14608,0140420685,2021,3,23,5,44,52,729000,1357,279,94
1,SU-14608,0140420685,2021,3,23,5,44,52,729600,1356,279,94
1,SU-14608,0140420685,2021,3,23,5,44,52,730200,1355,279,94
1,SU-14608,0140420685,2021,3,23,5,44,52,730800,1355,279,95
1,SU-14608,0140420685,2021,3,23,5,44,52,731400,1354,279,94
1,SU-14608,0140420685,2021,3,23,5,44,52,732000,1354,279,94
1,SU-14608,0140420685,2021,3,23,5,44,52,732600,1354,279,94
1,SU-14608,0140420685,2021,3,23,5,44,52,733200,1353,279,95
1,SU-14608,0140420685,2021,3,23,5,44,52,733800,1353,279,95
1,SU-14608,0140420685,2021,3,23,5,44,52,734400,1353,279,95
1,SU-14608,0140420685,2021,3,23,5,44,52,735000,1353,279,95
1,SU-14608,0140420685,2021,3,23,5,44,52,735600,1353,279,94
1,SU-14608,0140420685,2021,3,23,5,44,52,736200,1353,279,95
1,SU-14608,0140420685,2021,3,23,5,44,52,736800,1355,279,95
1,SU-14608,0140420685,2021,3,23,5,44,52,737400,1355,279,95
1,SU-14608,0140420685,2021,3,23,5,44,52,738000,1356,279,95
1,SU-14608,0140420685,2021,3,23,5,44,52,738600,1356,279,95
1,SU-14608,0140420685,2021,3,23,5,44,52,739200,1357,279,95
1,SU-14608,0140420685,2021,3,23,5,44,52,739800,1360,279,95
1,SU-14608,0140420685,2021,3,23,5,44,52,740400,1363,279,95
1,SU-14608,0140420685,2021,3,23,5,44,52,741000,1367,279,95
1,SU-14608,0140420685,2021,3,23,5,44,52,741600,1370,279,95
1,SU-14608,0140420685,2021,3,23,5,44,52,742200,1373,279,95
1,SU-14608,0140420685,2021,3,23,5,44,52,742800,1379,279,95
1,SU-14608,0140420685,2021,3,23,5,44,52,743400,1383,279,95
1,SU-14608,0140420685,2021,3,23,5,44,52,744000,1388,279,95
1,SU-14608,0140420685,2021,3,23,5,44,52,744600,1391,279,95
1,SU-14608,0140420685,2021,3,23,5,44,52,745200,1394,279,95
1,SU-14608,0140420685,2021,3,23,5,44,52,745800,1398,279,95
1,SU-14608,0140420685,2021,3,23,5,44,52,746400,1400,279,95
1,SU-14608,0140420685,2021,3,23,5,44,52,747000,1402,279,95
1,SU-14608,0140420685,2021,3,23,5,44,52,747600,1404,279,94
1,SU-14608,0140420685,2021,3,23,5,44,52,748200,1405,279,94
1,SU-14608,0140420685,2021,3,23,5,44,52,748800,1407,279,94
1,SU-14608,0140420685,2021,3,23,5,44,52,749400,1408,279,94
1,SU-14608,0140420685,2021,3,23,5,44,52,750000,1410,279,93
1,SU-14608,0140420685,2021,3,23,5,44,52,750600,1411,279,93
1,SU-14608,0140420685,2021,3,23,5,44,52,751200,1411,279,93
1,SU-14608,0140420685,2021,3,23,5,44,52,751800,1413,279,93
1,SU-14608,0140420685,2021,3,23,5,44,52,752400,1415,279,93
1,SU-14608,0140420685,2021,3,23,5,44,52,753000,1415,279,93
1,SU-14608,0140420685,2021,3,23,5,44,52,753600,1416,279,93
1,SU-14608,0140420685,2021,3,23,5,44,52,754200,1417,279,92
1,SU-14608,0140420685,2021,3,23,5,44,52,754800,1418,279,92
1,SU-14608,0140420685,2021,3,23,5,44,52,755400,1419,279,91
1,SU-14608,0140420685,2021,3,23,5,44,52,756000,1420,279,92
1,SU-14608,0140420685,2021,3,23,5,44,52,756600,1420,279,91
1,SU-14608,0140420685,2021,3,23,5,44,52,757200,1420,279,92
1,SU-14608,0140420685,2021,3,23,5,44,52,757800,1421,279,91
1,SU-14608,0140420685,2021,3,23,5,44,52,758400,1420,279,90
1,SU-14608,0140420685,2021,3,23,5,44,52,759000,1421,279,90
1,SU-14608,0140420685,2021,3,23,5,44,52,759600,1420,279,90
1,SU-14608,0140420685,2021,3,23,5,44,52,760200,1420,279,90
1,SU-14608,0140420685,2021,3,23,5,44,52,760800,1420,279,90
1,SU-14608,0140420685,2021,3,23,5,44,52,761400,1420,279,89
1,SU-14608,0140420685,2021,3,23,5,44,52,762000,1420,279,90
1,SU-14608,0140420685,2021,3,23,5,44,52,762600,1419,279,88
1,SU-14608,0140420685,2021,3,23,5,44,52,763200,1419,279,88
1,SU-14608,0140420685,2021,3,23,5,44,52,763800,1418,279,88
1,SU-14608,0140420685,2021,3,23,5,44,52,764400,1417,279,87
1,SU-14608,0140420685,2021,3,23,5,44,52,765000,1417,279,87
1,SU-14608,0140420685,2021,3,23,5,44,52,765600,1416,279,87
1,SU-14608,0140420685,2021,3,23,5,44,52,766200,1416,279,87
1,SU-14608,0140420685,2021,3,23,5,44,52,766800,1415,279,87
1,SU-14608,0140420685,2021,3,23,5,44,52,767400,1415,279,86
1,SU-14608,0140420685,2021,3,23,5,44,52,768000,1414,279,86
1,SU-14608,0140420685,2021,3,23,5,44,52,768600,1413,279,85
1,SU-14608,0140420685,2021,3,23,5,44,52,769200,1412,279,85
1,SU-14608,0140420685,2021,3,23,5,44,52,769800,1412,279,85
1,SU-14608,0140420685,2021,3,23,5,44,52,770400,1412,279,84
1,SU-14608,0140420685,2021,3,23,5,44,52,771000,1410,279,84
1,SU-14608,0140420685,2021,3,23,5,44,52,771600,1409,279,84
1,SU-14608,0140420685,2021,3,23,5,44,52,772200,1409,279,84
1,SU-14608,0140420685,2021,3,23,5,44,52,772800,1408,279,84
1,SU-14608,0140420685,2021,3,23,5,44,52,773400,1407,279,84
1,SU-14608,0140420685,2021,3,23,5,44,52,774000,1406,279,84
1,SU-14608,0140420685,2021,3,23,5,44,52,774600,1406,279,83
1,SU-14608,0140420685,2021,3,23,5,44,52,775200,1405,279,84
1,SU-14608,0140420685,2021,3,23,5,44,52,775800,1404,279,83
1,SU-14608,0140420685,2021,3,23,5,44,52,776400,1403,279,84
1,SU-14608,0140420685,2021,3,23,5,44,52,777000,1403,279,84
1,SU-14608,0140420685,2021,3,23,5,44,52,777600,1402,279,84
1,SU-14608,0140420685,2021,3,23,5,44,52,778200,1402,279,84
1,SU-14608,0140420685,2021,3,23,5,44,52,778800,1401,279,83
1,SU-14608,0140420685,2021,3,23,5,44,52,779400,1401,279,84
1,SU-14608,0140420685,2021,3,23,5,44,52,780000,1400,279,84
1,SU-14608,0140420685,2021,3,23,5,44,52,780600,1399,279,84
1,SU-14608,0140420685,2021,3,23,5,44,52,781200,1398,279,84
1,SU-14608,0140420685,2021,3,23,5,44,52,781800,1398,279,84
1,SU-14608,0140420685,2021,3,23,5,44,52,782400,1398,279,84
1,SU-14608,0140420685,2021,3,23,5,44,52,783000,1397,279,84
1,SU-14608,0140420685,2021,3,23,5,44,52,783600,1397,279,84
1,SU-14608,0140420685,2021,3,23,5,44,52,784200,1395,279,84
1,SU-14608,0140420685,2021,3,23,5,44,52,784800,1395,279,85
1,SU-14608,0140420685,2021,3,23,5,44,52,785400,1394,279,84
1,SU-14608,0140420685,2021,3,23,5,44,52,786000,1394,279,85
1,SU-14608,0140420685,2021,3,23,5,44,52,786600,1393,279,85
1,SU-14608,0140420685,2021,3,23,5,44,52,787200,1393,279,85
1,SU-14608,0140420685,2021,3,23,5,44,52,787800,1391,279,85
1,SU-14608,0140420685,2021,3,23,5,44,52,788400,1391,279,85
1,SU-14608,0140420685,2021,3,23,5,44,52,789000,1390,279,85
1,SU-14608,0140420685,2021,3,23,5,44,52,789600,1390,279,85
1,SU-14608,0140420685,2021,3,23,5,44,52,790200,1389,279,85
1,SU-14608,0140420685,2021,3,23,5,44,52,790800,1388,279,86
1,SU-14608,0140420685,2021,3,23,5,44,52,791400,1387,279,85
1,SU-14608,0140420685,2021,3,23,5,44,52,792000,1387,279,86
1,SU-14608,0140420685,2021,3,23,5,44,52,792600,1387,279,85
1,SU-14608,0140420685,2021,3,23,5,44,52,793200,1386,279,86
1,SU-14608,0140420685,2021,3,23,5,44,52,793800,1385,279,86
1,SU-14608,0140420685,2021,3,23,5,44,52,794400,1384,279,86
1,SU-14608,0140420685,2021,3,23,5,44,52,795000,1383,279,86
1,SU-14608,0140420685,2021,3,23,5,44,52,795600,1382,279,87
1,SU-14608,0140420685,2021,3,23,5,44,52,796200,1381,279,86
1,SU-14608,0140420685,2021,3,23,5,44,52,796800,1381,279,86
1,SU-14608,0140420685,2021,3,23,5,44,52,797400,1380,279,86
1,SU-14608,0140420685,2021,3,23,5,44,52,798000,1379,279,87
1,SU-14608,0140420685,2021,3,23,5,44,52,798600,1379,279,87
1,SU-14608,0140420685,2021,3,23,5,44,52,799200,1377,279,87
1,SU-14608,0140420685,2021,3,23,5,44,52,799800,1377,279,87
1,SU-14608,0140420685,2021,3,23,5,44,52,800400,1374,279,87
1,SU-14608,0140420685,2021,3,23,5,44,52,801000,1375,279,87
1,SU-14608,0140420685,2021,3,23,5,44,52,801600,1374,279,87
1,SU-14608,0140420685,2021,3,23,5,44,52,802200,1373,279,87
1,SU-14608,0140420685,2021,3,23,5,44,52,802800,1372,279,87
1,SU-14608,0140420685,2021,3,23,5,44,52,803400,1372,279,87
1,SU-14608,0140420685,2021,3,23,5,44,52,804000,1371,279,87
1,SU-14608,0140420685,2021,3,23,5,44,52,804600,1369,279,87
1,SU-14608,0140420685,2021,3,23,5,44,52,805200,1368,279,87
1,SU-14608,0140420685,2021,3,23,5,44,52,805800,1368,279,87
1,SU-14608,0140420685,2021,3,23,5,44,52,806400,1367,279,87
1,SU-14608,0140420685,2021,3,23,5,44,52,807000,1367,279,87
1,SU-14608,0140420685,2021,3,23,5,44,52,807600,1366,279,87
1,SU-14608,0140420685,2021,3,23,5,44,52,808200,1366,279,88
1,SU-14608,0140420685,2021,3,23,5,44,52,808800,1364,279,87
1,SU-14608,0140420685,2021,3,23,5,44,52,809400,1364,279,87
1,SU-14608,0140420685,2021,3,23,5,44,52,810000,1363,279,87
1,SU-14608,0140420685,2021,3,23,5,44,52,810600,1362,279,88
1,SU-14608,0140420685,2021,3,23,5,44,52,811200,1361,279,87
1,SU-14608,0140420685,2021,3,23,5,44,52,811800,1361,279,88
1,SU-14608,0140420685,2021,3,23,5,44,52,812400,1359,279,87
1,SU-14608,0140420685,2021,3,23,5,44,52,813000,1359,279,88
1,SU-14608,0140420685,2021,3,23,5,44,52,813600,1358,279,88
1,SU-14608,0140420685,2021,3,23,5,44,52,814200,1357,279,88
1,SU-14608,0140420685,2021,3,23,5,44,52,814800,1357,279,88
1,SU-14608,0140420685,2021,3,23,5,44,52,815400,1356,279,87
1,SU-14608,0140420685,2021,3,23,5,44,52,816000,1355,279,88
1,SU-14608,0140420685,2021,3,23,5,44,52,816600,1355,279,88
1,SU-14608,0140420685,2021,3,23,5,44,52,817200,1353,279,88
1,SU-14608,0140420685,2021,3,23,5,44,52,817800,1353,279,88
1,SU-14608,0140420685,2021,3,23,5,44,52,818400,1353,279,88
1,SU-14608,0140420685,2021,3,23,5,44,52,819000,1352,279,88
1,SU-14608,0140420685,2021,3,23,5,44,52,819600,1351,279,88
1,SU-14608,0140420685,2021,3,23,5,44,52,820200,1351,279,89
1,SU-14608,0140420685,2021,3,23,5,44,52,820800,1350,279,89
1,SU-14608,0140420685,2021,3,23,5,44,52,821400,1350,279,88
1,SU-14608,0140420685,2021,3,23,5,44,52,822000,1350,279,88
1,SU-14608,0140420685,2021,3,23,5,44,52,822600,1349,279,89
1,SU-14608,0140420685,2021,3,23,5,44,52,823200,1349,279,89
1,SU-14608,0140420685,2021,3,23,5,44,52,823800,1350,279,90
1,SU-14608,0140420685,2021,3,23,5,44,52,824400,1350,279,89
1,SU-14608,0140420685,2021,3,23,5,44,52,825000,1350,279,90
1,SU-14608,0140420685,2021,3,23,5,44,52,825600,1351,279,89
1,SU-14608,0140420685,2021,3,23,5,44,52,826200,1351,279,90
1,SU-14608,0140420685,2021,3,23,5,44,52,826800,1351,279,90
1,SU-14608,0140420685,2021,3,23,5,44,52,827400,1352,279,90
1,SU-14608,0140420685,2021,3,23,5,44,52,828000,1351,279,90
1,SU-14608,0140420685,2021,3,23,5,44,52,828600,1353,279,90
1,SU-14608,0140420685,2021,3,23,5,44,52,829200,1353,279,90
1,SU-14608,0140420685,2021,3,23,5,44,52,829800,1355,279,90
1,SU-14608,0140420685,2021,3,23,5,44,52,830400,1357,279,90
1,SU-14608,0140420685,2021,3,23,5,44,52,831000,1359,279,90
1,SU-14608,0140420685,2021,3,23,5,44,52,831600,1363,279,90
1,SU-14608,0140420685,2021,3,23,5,44,52,832200,1365,279,90
1,SU-14608,0140420685,2021,3,23,5,44,52,832800,1368,279,89
1,SU-14608,0140420685,2021,3,23,5,44,52,833400,1371,279,90
1,SU-14608,0140420685,2021,3,23,5,44,52,834000,1375,279,89
1,SU-14608,0140420685,2021,3,23,5,44,52,834600,1377,279,89
1,SU-14608,0140420685,2021,3,23,5,44,52,835200,1379,279,89
1,SU-14608,0140420685,2021,3,23,5,44,52,835800,1381,279,89
1,SU-14608,0140420685,2021,3,23,5,44,52,836400,1384,279,88
1,SU-14608,0140420685,2021,3,23,5,44,52,837000,1385,279,87
1,SU-14608,0140420685,2021,3,23,5,44,52,837600,1387,279,87
1,SU-14608,0140420685,2021,3,23,5,44,52,838200,1388,279,87
1,SU-14608,0140420685,2021,3,23,5,44,52,838800,1390,279,87
1,SU-14608,0140420685,2021,3,23,5,44,52,839400,1390,279,87
1,SU-14608,0140420685,2021,3,23,5,44,52,840000,1392,279,87
1,SU-14608,0140420685,2021,3,23,5,44,52,840600,1392,279,86
1,SU-14608,0140420685,2021,3,23,5,44,52,841200,1393,279,87
1,SU-14608,0140420685,2021,3,23,5,44,52,841800,1394,279,86
1,SU-14608,0140420685,2021,3,23,5,44,52,842400,1395,279,87
1,SU-14608,0140420685,2021,3,23,5,44,52,843000,1395,279,86
1,SU-14608,0140420685,2021,3,23,5,44,52,843600,1395,279,86
1,SU-14608,0140420685,2021,3,23,5,44,52,844200,1396,279,86
1,SU-14608,0140420685,2021,3,23,5,44,52,844800,1396,279,86
1,SU-14608,0140420685,2021,3,23,5,44,52,845400,1397,279,86
1,SU-14608,0140420685,2021,3,23,5,44,52,846000,1397,279,85
1,SU-14608,0140420685,2021,3,23,5,44,52,846600,1396,279,85
1,SU-14608,0140420685,2021,3,23,5,44,52,847200,1397,279,84
1,SU-14608,0140420685,2021,3,23,5,44,52,847800,1397,279,85
1,SU-14608,0140420685,2021,3,23,5,44,52,848400,1397,279,85
1,SU-14608,0140420685,2021,3,23,5,44,52,849000,1396,279,84
1,SU-14608,0140420685,2021,3,23,5,44,52,849600,1396,279,84
1,SU-14608,0140420685,2021,3,23,5,44,52,850200,1396,279,84
1,SU-14608,0140420685,2021,3,23,5,44,52,850800,1395,279,84
1,SU-14608,0140420685,2021,3,23,5,44,52,851400,1396,279,84
1,SU-14608,0140420685,2021,3,23,5,44,52,852000,1396,279,84
1,SU-14608,0140420685,2021,3,23,5,44,52,852600,1395,279,83
1,SU-14608,0140420685,2021,3,23,5,44,52,853200,1395,279,83
1,SU-14608,0140420685,2021,3,23,5,44,52,853800,1394,279,82
1,SU-14608,0140420685,2021,3,23,5,44,52,854400,1394,279,82
1,SU-14608,0140420685,2021,3,23,5,44,52,855000,1394,279,82
1,SU-14608,0140420685,2021,3,23,5,44,52,855600,1393,279,82
1,SU-14608,0140420685,2021,3,23,5,44,52,856200,1393,279,81
1,SU-14608,0140420685,2021,3,23,5,44,52,856800,1392,279,81
1,SU-14608,0140420685,2021,3,23,5,44,52,857400,1392,279,81
1,SU-14608,0140420685,2021,3,23,5,44,52,858000,1391,279,81
1,SU-14608,0140420685,2021,3,23,5,44,52,858600,1390,279,81
1,SU-14608,0140420685,2021,3,23,5,44,52,859200,1390,279,81
1,SU-14608,0140420685,2021,3,23,5,44,52,859800,1390,279,81
1,SU-14608,0140420685,2021,3,23,5,44,52,860400,1390,279,80
1,SU-14608,0140420685,2021,3,23,5,44,52,861000,1388,279,80
1,SU-14608,0140420685,2021,3,23,5,44,52,861600,1388,279,80
1,SU-14608,0140420685,2021,3,23,5,44,52,862200,1388,279,80
1,SU-14608,0140420685,2021,3,23,5,44,52,862800,1386,279,79
1,SU-14608,0140420685,2021,3,23,5,44,52,863400,1386,279,79
1,SU-14608,0140420685,2021,3,23,5,44,52,864000,1385,279,79
1,SU-14608,0140420685,2021,3,23,5,44,52,864600,1385,279,79
1,SU-14608,0140420685,2021,3,23,5,44,52,865200,1383,279,79
1,SU-14608,0140420685,2021,3,23,5,44,52,865800,1384,279,79
1,SU-14608,0140420685,2021,3,23,5,44,52,866400,1383,279,79
1,SU-14608,0140420685,2021,3,23,5,44,52,867000,1382,279,78
1,SU-14608,0140420685,2021,3,23,5,44,52,867600,1381,279,79
1,SU-14608,0140420685,2021,3,23,5,44,52,868200,1381,279,78
1,SU-14608,0140420685,2021,3,23,5,44,52,868800,1381,279,78
1,SU-14608,0140420685,2021,3,23,5,44,52,869400,1380,279,79
1,SU-14608,0140420685,2021,3,23,5,44,52,870000,1379,279,78
1,SU-14608,0140420685,2021,3,23,5,44,52,870600,1378,279,77
1,SU-14608,0140420685,2021,3,23,5,44,52,871200,1379,279,78
1,SU-14608,0140420685,2021,3,23,5,44,52,871800,1377,279,79
1,SU-14608,0140420685,2021,3,23,5,44,52,872400,1376,279,79
1,SU-14608,0140420685,2021,3,23,5,44,52,873000,1376,279,78
1,SU-14608,0140420685,2021,3,23,5,44,52,873600,1376,279,77
1,SU-14608,0140420685,2021,3,23,5,44,52,874200,1375,279,78
1,SU-14608,0140420685,2021,3,23,5,44,52,874800,1376,279,78
1,SU-14608,0140420685,2021,3,23,5,44,52,875400,1374,279,78
1,SU-14608,0140420685,2021,3,23,5,44,52,876000,1373,279,78
1,SU-14608,0140420685,2021,3,23,5,44,52,876600,1373,279,78
1,SU-14608,0140420685,2021,3,23,5,44,52,877200,1372,279,78
1,SU-14608,0140420685,2021,3,23,5,44,52,877800,1372,279,78
1,SU-14608,0140420685,2021,3,23,5,44,52,878400,1371,279,77
1,SU-14608,0140420685,2021,3,23,5,44,52,879000,1370,279,78
1,SU-14608,0140420685,2021,3,23,5,44,52,879600,1369,279,78
1,SU-14608,0140420685,2021,3,23,5,44,52,880200,1369,279,78
1,SU-14608,0140420685,2021,3,23,5,44,52,880800,1369,279,78
1,SU-14608,0140420685,2021,3,23,5,44,52,881400,1368,279,78
1,SU-14608,0140420685,2021,3,23,5,44,52,882000,1367,279,78
1,SU-14608,0140420685,2021,3,23,5,44,52,882600,1367,279,78
1,SU-14608,0140420685,2021,3,23,5,44,52,883200,1366,279,79
1,SU-14608,0140420685,2021,3,23,5,44,52,883800,1365,279,79
1,SU-14608,0140420685,2021,3,23,5,44,52,884400,1364,279,79
1,SU-14608,0140420685,2021,3,23,5,44,52,885000,1364,279,79
1,SU-14608,0140420685,2021,3,23,5,44,52,885600,1364,279,79
1,SU-14608,0140420685,2021,3,23,5,44,52,886200,1363,279,79
1,SU-14608,0140420685,2021,3,23,5,44,52,886800,1363,279,79
1,SU-14608,0140420685,2021,3,23,5,44,52,887400,1362,279,79
1,SU-14608,0140420685,2021,3,23,5,44,52,888000,1362,279,79
1,SU-14608,0140420685,2021,3,23,5,44,52,888600,1361,279,79
1,SU-14608,0140420685,2021,3,23,5,44,52,889200,1360,279,79
1,SU-14608,0140420685,2021,3,23,5,44,52,889800,1359,279,79
1,SU-14608,0140420685,2021,3,23,5,44,52,890400,1359,279,79
1,SU-14608,0140420685,2021,3,23,5,44,52,891000,1357,279,79
1,SU-14608,0140420685,2021,3,23,5,44,52,891600,1357,279,79
1,SU-14608,0140420685,2021,3,23,5,44,52,892200,1357,279,79
1,SU-14608,0140420685,2021,3,23,5,44,52,892800,1356,279,79
1,SU-14608,0140420685,2021,3,23,5,44,52,893400,1355,279,79
1,SU-14608,0140420685,2021,3,23,5,44,52,894000,1355,279,79
1,SU-14608,0140420685,2021,3,23,5,44,52,894600,1354,279,79
1,SU-14608,0140420685,2021,3,23,5,44,52,895200,1353,279,79
1,SU-14608,0140420685,2021,3,23,5,44,52,895800,1353,279,79
1,SU-14608,0140420685,2021,3,23,5,44,52,896400,1351,279,80
1,SU-14608,0140420685,2021,3,23,5,44,52,897000,1351,279,79
1,SU-14608,0140420685,2021,3,23,5,44,52,897600,1350,279,80
1,SU-14608,0140420685,2021,3,23,5,44,52,898200,1350,279,80
1,SU-14608,0140420685,2021,3,23,5,44,52,898800,1349,279,80
1,SU-14608,0140420685,2021,3,23,5,44,52,899400,1348,279,80
1,SU-14608,0140420685,2021,3,23,5,44,52,900000,1348,279,81
1,SU-14608,0140420685,2021,3,23,5,44,52,900600,1347,279,80
1,SU-14608,0140420685,2021,3,23,5,44,52,901200,1347,279,81
1,SU-14608,0140420685,2021,3,23,5,44,52,901800,1346,279,81
1,SU-14608,0140420685,2021,3,23,5,44,52,902400,1347,279,80
1,SU-14608,0140420685,2021,3,23,5,44,52,903000,1345,279,81
1,SU-14608,0140420685,2021,3,23,5,44,52,903600,1345,279,81
1,SU-14608,0140420685,2021,3,23,5,44,52,904200,1345,279,81
1,SU-14608,0140420685,2021,3,23,5,44,52,904800,1345,279,81
1,SU-14608,0140420685,2021,3,23,5,44,52,905400,1345,279,81
1,SU-14608,0140420685,2021,3,23,5,44,52,906000,1345,279,81
1,SU-14608,0140420685,2021,3,23,5,44,52,906600,1344,279,81
1,SU-14608,0140420685,2021,3,23,5,44,52,907200,1346,279,81
1,SU-14608,0140420685,2021,3,23,5,44,52,907800,1346,279,81
1,SU-14608,0140420685,2021,3,23,5,44,52,908400,1346,279,81
1,SU-14608,0140420685,2021,3,23,5,44,52,909000,1345,279,81
1,SU-14608,0140420685,2021,3,23,5,44,52,909600,1346,279,81
1,SU-14608,0140420685,2021,3,23,5,44,52,910200,1346,279,82
1,SU-14608,0140420685,2021,3,23,5,44,52,910800,1347,279,81
1,SU-14608,0140420685,2021,3,23,5,44,52,911400,1348,279,81
1,SU-14608,0140420685,2021,3,23,5,44,52,912000,1348,279,82
1,SU-14608,0140420685,2021,3,23,5,44,52,912600,1348,279,81
1,SU-14608,0140420685,2021,3,23,5,44,52,913200,1349,279,82
1,SU-14608,0140420685,2021,3,23,5,44,52,913800,1351,279,82
1,SU-14608,0140420685,2021,3,23,5,44,52,914400,1352,279,82
1,SU-14608,0140420685,2021,3,23,5,44,52,915000,1354,279,82
1,SU-14608,0140420685,2021,3,23,5,44,52,915600,1356,279,82
1,SU-14608,0140420685,2021,3,23,5,44,52,916200,1359,279,81
1,SU-14608,0140420685,2021,3,23,5,44,52,916800,1363,279,81
1,SU-14608,0140420685,2021,3,23,5,44,52,917400,1364,279,81
1,SU-14608,0140420685,2021,3,23,5,44,52,918000,1367,279,81
1,SU-14608,0140420685,2021,3,23,5,44,52,918600,1369,279,81
1,SU-14608,0140420685,2021,3,23,5,44,52,919200,1370,279,82
1,SU-14608,0140420685,2021,3,23,5,44,52,919800,1373,279,81
1,SU-14608,0140420685,2021,3,23,5,44,52,920400,1375,279,81
1,SU-14608,0140420685,2021,3,23,5,44,52,921000,1377,279,81
1,SU-14608,0140420685,2021,3,23,5,44,52,921600,1379,279,81
1,SU-14608,0140420685,2021,3,23,5,44,52,922200,1379,279,81
1,SU-14608,0140420685,2021,3,23,5,44,52,922800,1381,279,80
1,SU-14608,0140420685,2021,3,23,5,44,52,923400,1382,279,80
1,SU-14608,0140420685,2021,3,23,5,44,52,924000,1383,279,80
1,SU-14608,0140420685,2021,3,23,5,44,52,924600,1384,279,79
1,SU-14608,0140420685,2021,3,23,5,44,52,925200,1385,279,80
1,SU-14608,0140420685,2021,3,23,5,44,52,925800,1385,279,79
1,SU-14608,0140420685,2021,3,23,5,44,52,926400,1387,279,79
1,SU-14608,0140420685,2021,3,23,5,44,52,927000,1387,279,79
1,SU-14608,0140420685,2021,3,23,5,44,52,927600,1388,279,79
1,SU-14608,0140420685,2021,3,23,5,44,52,928200,1388,279,79
1,SU-14608,0140420685,2021,3,23,5,44,52,928800,1388,279,79
1,SU-14608,0140420685,2021,3,23,5,44,52,929400,1389,279,79
1,SU-14608,0140420685,2021,3,23,5,44,52,930000,1390,279,79
1,SU-14608,0140420685,2021,3,23,5,44,52,930600,1390,279,79
1,SU-14608,0140420685,2021,3,23,5,44,52,931200,1390,279,79
1,SU-14608,0140420685,2021,3,23,5,44,52,931800,1391,279,79
1,SU-14608,0140420685,2021,3,23,5,44,52,932400,1391,279,79
1,SU-14608,0140420685,2021,3,23,5,44,52,933000,1391,279,78
1,SU-14608,0140420685,2021,3,23,5,44,52,933600,1390,279,79
1,SU-14608,0140420685,2021,3,23,5,44,52,934200,1391,279,78
1,SU-14608,0140420685,2021,3,23,5,44,52,934800,1391,279,78
1,SU-14608,0140420685,2021,3,23,5,44,52,935400,1391,279,78
1,SU-14608,0140420685,2021,3,23,5,44,52,936000,1391,279,79
1,SU-14608,0140420685,2021,3,23,5,44,52,936600,1391,279,78
1,SU-14608,0140420685,2021,3,23,5,44,52,937200,1390,279,77
1,SU-14608,0140420685,2021,3,23,5,44,52,937800,1391,279,77
1,SU-14608,0140420685,2021,3,23,5,44,52,938400,1391,279,77
1,SU-14608,0140420685,2021,3,23,5,44,52,939000,1390,279,77
1,SU-14608,0140420685,2021,3,23,5,44,52,939600,1390,279,76
1,SU-14608,0140420685,2021,3,23,5,44,52,940200,1390,279,77
1,SU-14608,0140420685,2021,3,23,5,44,52,940800,1390,279,76
1,SU-14608,0140420685,2021,3,23,5,44,52,941400,1388,279,76
1,SU-14608,0140420685,2021,3,23,5,44,52,942000,1389,279,76
1,SU-14608,0140420685,2021,3,23,5,44,52,942600,1389,279,76
1,SU-14608,0140420685,2021,3,23,5,44,52,943200,1387,279,76
1,SU-14608,0140420685,2021,3,23,5,44,52,943800,1388,279,76
1,SU-14608,0140420685,2021,3,23,5,44,52,944400,1386,279,76
1,SU-14608,0140420685,2021,3,23,5,44,52,945000,1386,279,76
1,SU-14608,0140420685,2021,3,23,5,44,52,945600,1386,279,76
1,SU-14608,0140420685,2021,3,23,5,44,52,946200,1385,279,76
1,SU-14608,0140420685,2021,3,23,5,44,52,946800,1385,279,75
1,SU-14608,0140420685,2021,3,23,5,44,52,947400,1384,279,75
1,SU-14608,0140420685,2021,3,23,5,44,52,948000,1384,279,75
1,SU-14608,0140420685,2021,3,23,5,44,52,948600,1384,279,75
1,SU-14608,0140420685,2021,3,23,5,44,52,949200,1382,279,75
1,SU-14608,0140420685,2021,3,23,5,44,52,949800,1383,279,74
1,SU-14608,0140420685,2021,3,23,5,44,52,950400,1382,279,75
1,SU-14608,0140420685,2021,3,23,5,44,52,951000,1381,279,74
1,SU-14608,0140420685,2021,3,23,5,44,52,951600,1382,279,75
1,SU-14608,0140420685,2021,3,23,5,44,52,952200,1380,279,75
1,SU-14608,0140420685,2021,3,23,5,44,52,952800,1380,279,74
1,SU-14608,0140420685,2021,3,23,5,44,52,953400,1379,279,74
1,SU-14608,0140420685,2021,3,23,5,44,52,954000,1379,279,74
1,SU-14608,0140420685,2021,3,23,5,44,52,954600,1379,279,73
1,SU-14608,0140420685,2021,3,23,5,44,52,955200,1378,279,73
1,SU-14608,0140420685,2021,3,23,5,44,52,955800,1377,279,74
1,SU-14608,0140420685,2021,3,23,5,44,52,956400,1376,279,73
1,SU-14608,0140420685,2021,3,23,5,44,52,957000,1377,279,73
1,SU-14608,0140420685,2021,3,23,5,44,52,957600,1376,279,73
1,SU-14608,0140420685,2021,3,23,5,44,52,958200,1375,279,74
1,SU-14608,0140420685,2021,3,23,5,44,52,958800,1375,279,73
1,SU-14608,0140420685,2021,3,23,5,44,52,959400,1373,279,73
1,SU-14608,0140420685,2021,3,23,5,44,52,960000,1373,279,74
1,SU-14608,0140420685,2021,3,23,5,44,52,960600,1373,279,73
1,SU-14608,0140420685,2021,3,23,5,44,52,961200,1372,279,74
1,SU-14608,0140420685,2021,3,23,5,44,52,961800,1371,279,73
1,SU-14608,0140420685,2021,3,23,5,44,52,962400,1371,279,73
1,SU-14608,0140420685,2021,3,23,5,44,52,963000,1371,279,73
1,SU-14608,0140420685,2021,3,23,5,44,52,963600,1371,279,73
1,SU-14608,0140420685,2021,3,23,5,44,52,964200,1370,279,73
1,SU-14608,0140420685,2021,3,23,5,44,52,964800,1369,279,74
1,SU-14608,0140420685,2021,3,23,5,44,52,965400,1369,279,73
1,SU-14608,0140420685,2021,3,23,5,44,52,966000,1368,279,74
1,SU-14608,0140420685,2021,3,23,5,44,52,966600,1367,279,74
1,SU-14608,0140420685,2021,3,23,5,44,52,967200,1368,279,74
1,SU-14608,0140420685,2021,3,23,5,44,52,967800,1366,279,74
1,SU-14608,0140420685,2021,3,23,5,44,52,968400,1366,279,74
1,SU-14608,0140420685,2021,3,23,5,44,52,969000,1366,279,74
1,SU-14608,0140420685,2021,3,23,5,44,52,969600,1365,279,75
1,SU-14608,0140420685,2021,3,23,5,44,52,970200,1364,279,74
1,SU-14608,0140420685,2021,3,23,5,44,52,970800,1364,279,74
1,SU-14608,0140420685,2021,3,23,5,44,52,971400,1364,279,74
1,SU-14608,0140420685,2021,3,23,5,44,52,972000,1363,279,74
1,SU-14608,0140420685,2021,3,23,5,44,52,972600,1363,279,75
1,SU-14608,0140420685,2021,3,23,5,44,52,973200,1362,279,76
1,SU-14608,0140420685,2021,3,23,5,44,52,973800,1361,279,75
1,SU-14608,0140420685,2021,3,23,5,44,52,974400,1360,279,75
1,SU-14608,0140420685,2021,3,23,5,44,52,975000,1360,279,75
1,SU-14608,0140420685,2021,3,23,5,44,52,975600,1359,279,75
1,SU-14608,0140420685,2021,3,23,5,44,52,976200,1359,279,75
1,SU-14608,0140420685,2021,3,23,5,44,52,976800,1358,279,76
1,SU-14608,0140420685,2021,3,23,5,44,52,977400,1357,279,75
1,SU-14608,0140420685,2021,3,23,5,44,52,978000,1358,279,75
1,SU-14608,0140420685,2021,3,23,5,44,52,978600,1356,279,75
1,SU-14608,0140420685,2021,3,23,5,44,52,979200,1356,279,75
1,SU-14608,0140420685,2021,3,23,5,44,52,979800,1355,279,76
1,SU-14608,0140420685,2021,3,23,5,44,52,980400,1354,279,76
1,SU-14608,0140420685,2021,3,23,5,44,52,981000,1353,279,76
1,SU-14608,0140420685,2021,3,23,5,44,52,981600,1353,279,76
1,SU-14608,0140420685,2021,3,23,5,44,52,982200,1351,279,76
1,SU-14608,0140420685,2021,3,23,5,44,52,982800,1351,279,76
1,SU-14608,0140420685,2021,3,23,5,44,52,983400,1350,279,76
1,SU-14608,0140420685,2021,3,23,5,44,52,984000,1350,279,76
1,SU-14608,0140420685,2021,3,23,5,44,52,984600,1350,279,76
1,SU-14608,0140420685,2021,3,23,5,44,52,985200,1349,279,77
1,SU-14608,0140420685,2021,3,23,5,44,52,985800,1349,279,77
1,SU-14608,0140420685,2021,3,23,5,44,52,986400,1349,279,76
1,SU-14608,0140420685,2021,3,23,5,44,52,987000,1347,279,76
1,SU-14608,0140420685,2021,3,23,5,44,52,987600,1347,279,76
1,SU-14608,0140420685,2021,3,23,5,44,52,988200,1347,279,77
1,SU-14608,0140420685,2021,3,23,5,44,52,988800,1347,279,76
1,SU-14608,0140420685,2021,3,23,5,44,52,989400,1345,279,76
1,SU-14608,0140420685,2021,3,23,5,44,52,990000,1346,279,77
1,SU-14608,0140420685,2021,3,23,5,44,52,990600,1346,279,77
1,SU-14608,0140420685,2021,3,23,5,44,52,991200,1345,279,77
1,SU-14608,0140420685,2021,3,23,5,44,52,991800,1346,279,77
1,SU-14608,0140420685,2021,3,23,5,44,52,992400,1346,279,78
1,SU-14608,0140420685,2021,3,23,5,44,52,993000,1346,279,77
1,SU-14608,0140420685,2021,3,23,5,44,52,993600,1347,279,77
1,SU-14608,0140420685,2021,3,23,5,44,52,994200,1345,279,77
1,SU-14608,0140420685,2021,3,23,5,44,52,994800,1346,279,78
1,SU-14608,0140420685,2021,3,23,5,44,52,995400,1347,279,78
1,SU-14608,0140420685,2021,3,23,5,44,52,996000,1348,279,77
1,SU-14608,0140420685,2021,3,23,5,44,52,996600,1349,279,78
1,SU-14608,0140420685,2021,3,23,5,44,52,997200,1351,279,79
1,SU-14608,0140420685,2021,3,23,5,44,52,997800,1354,279,78
1,SU-14608,0140420685,2021,3,23,5,44,52,998400,1357,279,78
1,SU-14608,0140420685,2021,3,23,5,44,52,999000,1363,279,78
1,SU-14608,0140420685,2021,3,23,5,44,52,999600,1367,279,79
1,SU-14608,0140420685,2021,3,23,5,44,52,1000200,1370,279,78
1,SU-14608,0140420685,2021,3,23,5,44,52,1000800,1374,279,78
1,SU-14608,0140420685,2021,3,23,5,44,52,1001400,1377,279,78
1,SU-14608,0140420685,2021,3,23,5,44,52,1002000,1381,279,77
1,SU-14608,0140420685,2021,3,23,5,44,52,1002600,1384,279,78
1,SU-14608,0140420685,2021,3,23,5,44,52,1003200,1387,279,77
1,SU-14608,0140420685,2021,3,23,5,44,52,1003800,1389,279,77
1,SU-14608,0140420685,2021,3,23,5,44,52,1004400,1392,279,76
1,SU-14608,0140420685,2021,3,23,5,44,52,1005000,1394,279,76
1,SU-14608,0140420685,2021,3,23,5,44,52,1005600,1396,279,76
1,SU-14608,0140420685,2021,3,23,5,44,52,1006200,1397,279,76
1,SU-14608,0140420685,2021,3,23,5,44,52,1006800,1398,279,77
1,SU-14608,0140420685,2021,3,23,5,44,52,1007400,1400,279,76
1,SU-14608,0140420685,2021,3,23,5,44,52,1008000,1402,279,76
1,SU-14608,0140420685,2021,3,23,5,44,52,1008600,1403,279,75
1,SU-14608,0140420685,2021,3,23,5,44,52,1009200,1405,279,75
1,SU-14608,0140420685,2021,3,23,5,44,52,1009800,1407,279,75
1,SU-14608,0140420685,2021,3,23,5,44,52,1010400,1408,279,75
1,SU-14608,0140420685,2021,3,23,5,44,52,1011000,1409,279,74
1,SU-14608,0140420685,2021,3,23,5,44,52,1011600,1410,279,76
1,SU-14608,0140420685,2021,3,23,5,44,52,1012200,1411,279,74
1,SU-14608,0140420685,2021,3,23,5,44,52,1012800,1413,279,74
1,SU-14608,0140420685,2021,3,23,5,44,52,1013400,1412,279,75
1,SU-14608,0140420685,2021,3,23,5,44,52,1014000,1413,279,74
1,SU-14608,0140420685,2021,3,23,5,44,52,1014600,1414,279,74
1,SU-14608,0140420685,2021,3,23,5,44,52,1015200,1415,279,73
1,SU-14608,0140420685,2021,3,23,5,44,52,1015800,1415,279,73
1,SU-14608,0140420685,2021,3,23,5,44,52,1016400,1415,279,73
1,SU-14608,0140420685,2021,3,23,5,44,52,1017000,1415,279,73
1,SU-14608,0140420685,2021,3,23,5,44,52,1017600,1415,279,73
1,SU-14608,0140420685,2021,3,23,5,44,52,1018200,1415,279,72
1,SU-14608,0140420685,2021,3,23,5,44,52,1018800,1414,279,72
1,SU-14608,0140420685,2021,3,23,5,44,52,1019400,1414,279,72
1,SU-14608,0140420685,2021,3,23,5,44,52,1020000,1414,279,72
1,SU-14608,0140420685,2021,3,23,5,44,52,1020600,1413,279,72
1,SU-14608,0140420685,2021,3,23,5,44,52,1021200,1412,279,71
1,SU-14608,0140420685,2021,3,23,5,44,52,1021800,1412,279,70
1,SU-14608,0140420685,2021,3,23,5,44,52,1022400,1411,279,70
1,SU-14608,0140420685,2021,3,23,5,44,52,1023000,1411,279,70
1,SU-14608,0140420685,2021,3,23,5,44,52,1023600,1410,279,70
1,SU-14608,0140420685,2021,3,23,5,44,52,1024200,1409,279,70
1,SU-14608,0140420685,2021,3,23,5,44,52,1024800,1408,279,70
1,SU-14608,0140420685,2021,3,23,5,44,52,1025400,1407,279,70
1,SU-14608,0140420685,2021,3,23,5,44,52,1026000,1407,279,70
1,SU-14608,0140420685,2021,3,23,5,44,52,1026600,1407,279,69
1,SU-14608,0140420685,2021,3,23,5,44,52,1027200,1405,279,69
1,SU-14608,0140420685,2021,3,23,5,44,52,1027800,1406,279,70
1,SU-14608,0140420685,2021,3,23,5,44,52,1028400,1404,279,69
1,SU-14608,0140420685,2021,3,23,5,44,52,1029000,1403,279,69
1,SU-14608,0140420685,2021,3,23,5,44,52,1029600,1403,279,68
1,SU-14608,0140420685,2021,3,23,5,44,52,1030200,1402,279,68
1,SU-14608,0140420685,2021,3,23,5,44,52,1030800,1400,279,69
1,SU-14608,0140420685,2021,3,23,5,44,52,1031400,1400,279,68
1,SU-14608,0140420685,2021,3,23,5,44,52,1032000,1399,279,69
1,SU-14608,0140420685,2021,3,23,5,44,52,1032600,1398,279,70
1,SU-14608,0140420685,2021,3,23,5,44,52,1033200,1397,279,69
1,SU-14608,0140420685,2021,3,23,5,44,52,1033800,1397,279,69
1,SU-14608,0140420685,2021,3,23,5,44,52,1034400,1397,279,69
1,SU-14608,0140420685,2021,3,23,5,44,52,1035000,1397,279,69
1,SU-14608,0140420685,2021,3,23,5,44,52,1035600,1395,279,70
1,SU-14608,0140420685,2021,3,23,5,44,52,1036200,1395,279,69
1,SU-14608,0140420685,2021,3,23,5,44,52,1036800,1394,279,70
1,SU-14608,0140420685,2021,3,23,5,44,52,1037400,1394,279,70
1,SU-14608,0140420685,2021,3,23,5,44,52,1038000,1393,279,70
1,SU-14608,0140420685,2021,3,23,5,44,52,1038600,1392,279,70
1,SU-14608,0140420685,2021,3,23,5,44,52,1039200,1392,279,70
1,SU-14608,0140420685,2021,3,23,5,44,52,1039800,1391,279,70
1,SU-14608,0140420685,2021,3,23,5,44,52,1040400,1391,279,70
1,SU-14608,0140420685,2021,3,23,5,44,52,1041000,1389,279,70
1,SU-14608,0140420685,2021,3,23,5,44,52,1041600,1389,279,70
1,SU-14608,0140420685,2021,3,23,5,44,52,1042200,1388,279,70
1,SU-14608,0140420685,2021,3,23,5,44,52,1042800,1388,279,70
1,SU-14608,0140420685,2021,3,23,5,44,52,1043400,1388,279,70
1,SU-14608,0140420685,2021,3,23,5,44,52,1044000,1387,279,70
1,SU-14608,0140420685,2021,3,23,5,44,52,1044600,1386,279,70
1,SU-14608,0140420685,2021,3,23,5,44,52,1045200,1385,279,70
1,SU-14608,0140420685,2021,3,23,5,44,52,1045800,1385,279,70
1,SU-14608,0140420685,2021,3,23,5,44,52,1046400,1385,279,71
1,SU-14608,0140420685,2021,3,23,5,44,52,1047000,1384,279,71
1,SU-14608,0140420685,2021,3,23,5,44,52,1047600,1384,279,70
1,SU-14608,0140420685,2021,3,23,5,44,52,1048200,1383,279,71
1,SU-14608,0140420685,2021,3,23,5,44,52,1048800,1382,279,71
1,SU-14608,0140420685,2021,3,23,5,44,52,1049400,1381,279,71
1,SU-14608,0140420685,2021,3,23,5,44,52,1050000,1382,279,71
1,SU-14608,0140420685,2021,3,23,5,44,52,1050600,1380,279,72
1,SU-14608,0140420685,2021,3,23,5,44,52,1051200,1379,279,72
1,SU-14608,0140420685,2021,3,23,5,44,52,1051800,1379,279,72
1,SU-14608,0140420685,2021,3,23,5,44,52,1052400,1378,279,72
1,SU-14608,0140420685,2021,3,23,5,44,52,1053000,1377,279,72
1,SU-14608,0140420685,2021,3,23,5,44,52,1053600,1377,279,71
1,SU-14608,0140420685,2021,3,23,5,44,52,1054200,1375,279,72
1,SU-14608,0140420685,2021,3,23,5,44,52,1054800,1375,279,72
1,SU-14608,0140420685,2021,3,23,5,44,52,1055400,1375,279,72
1,SU-14608,0140420685,2021,3,23,5,44,52,1056000,1374,279,73
1,SU-14608,0140420685,2021,3,23,5,44,52,1056600,1373,279,72
1,SU-14608,0140420685,2021,3,23,5,44,52,1057200,1372,279,73
1,SU-14608,0140420685,2021,3,23,5,44,52,1057800,1371,279,73
1,SU-14608,0140420685,2021,3,23,5,44,52,1058400,1371,279,73
1,SU-14608,0140420685,2021,3,23,5,44,52,1059000,1370,279,73
1,SU-14608,0140420685,2021,3,23,5,44,52,1059600,1369,279,73
1,SU-14608,0140420685,2021,3,23,5,44,52,1060200,1369,279,73
1,SU-14608,0140420685,2021,3,23,5,44,52,1060800,1367,279,73
1,SU-14608,0140420685,2021,3,23,5,44,52,1061400,1366,279,73
1,SU-14608,0140420685,2021,3,23,5,44,52,1062000,1365,279,74
1,SU-14608,0140420685,2021,3,23,5,44,52,1062600,1365,279,73
1,SU-14608,0140420685,2021,3,23,5,44,52,1063200,1364,279,73
1,SU-14608,0140420685,2021,3,23,5,44,52,1063800,1364,279,73
1,SU-14608,0140420685,2021,3,23,5,44,52,1064400,1364,279,73
1,SU-14608,0140420685,2021,3,23,5,44,52,1065000,1363,279,74
1,SU-14608,0140420685,2021,3,23,5,44,52,1065600,1363,279,73
1,SU-14608,0140420685,2021,3,23,5,44,52,1066200,1362,279,74
1,SU-14608,0140420685,2021,3,23,5,44,52,1066800,1361,279,74
1,SU-14608,0140420685,2021,3,23,5,44,52,1067400,1360,279,74
1,SU-14608,0140420685,2021,3,23,5,44,52,1068000,1358,279,73
1,SU-14608,0140420685,2021,3,23,5,44,52,1068600,1358,279,75
1,SU-14608,0140420685,2021,3,23,5,44,52,1069200,1358,279,74
1,SU-14608,0140420685,2021,3,23,5,44,52,1069800,1357,279,75
1,SU-14608,0140420685,2021,3,23,5,44,52,1070400,1356,279,74
1,SU-14608,0140420685,2021,3,23,5,44,52,1071000,1356,279,75
1,SU-14608,0140420685,2021,3,23,5,44,52,1071600,1355,279,74
1,SU-14608,0140420685,2021,3,23,5,44,52,1072200,1353,279,75
1,SU-14608,0140420685,2021,3,23,5,44,52,1072800,1353,279,75
1,SU-14608,0140420685,2021,3,23,5,44,52,1073400,1352,279,76
1,SU-14608,0140420685,2021,3,23,5,44,52,1074000,1351,279,75
1,SU-14608,0140420685,2021,3,23,5,44,52,1074600,1350,279,75
1,SU-14608,0140420685,2021,3,23,5,44,52,1075200,1350,279,75
1,SU-14608,0140420685,2021,3,23,5,44,52,1075800,1350,279,75
1,SU-14608,0140420685,2021,3,23,5,44,52,1076400,1349,279,75
1,SU-14608,0140420685,2021,3,23,5,44,52,1077000,1347,279,75
1,SU-14608,0140420685,2021,3,23,5,44,52,1077600,1347,279,76
1,SU-14608,0140420685,2021,3,23,5,44,52,1078200,1347,279,75
1,SU-14608,0140420685,2021,3,23,5,44,52,1078800,1347,279,76
1,SU-14608,0140420685,2021,3,23,5,44,52,1079400,1346,279,76
1,SU-14608,0140420685,2021,3,23,5,44,52,1080000,1346,279,76
1,SU-14608,0140420685,2021,3,23,5,44,52,1080600,1345,279,76
1,SU-14608,0140420685,2021,3,23,5,44,52,1081200,1345,279,76
1,SU-14608,0140420685,2021,3,23,5,44,52,1081800,1345,279,76
1,SU-14608,0140420685,2021,3,23,5,44,52,1082400,1344,279,76
1,SU-14608,0140420685,2021,3,23,5,44,52,1083000,1344,279,77
1,SU-14608,0140420685,2021,3,23,5,44,52,1083600,1344,279,76
1,SU-14608,0140420685,2021,3,23,5,44,52,1084200,1343,279,76
1,SU-14608,0140420685,2021,3,23,5,44,52,1084800,1344,279,77
1,SU-14608,0140420685,2021,3,23,5,44,52,1085400,1344,279,76
1,SU-14608,0140420685,2021,3,23,5,44,52,1086000,1344,279,76
1,SU-14608,0140420685,2021,3,23,5,44,52,1086600,1345,279,77
1,SU-14608,0140420685,2021,3,23,5,44,52,1087200,1344,279,77
1,SU-14608,0140420685,2021,3,23,5,44,52,1087800,1345,279,76
1,SU-14608,0140420685,2021,3,23,5,44,52,1088400,1345,279,76
1,SU-14608,0140420685,2021,3,23,5,44,52,1089000,1346,279,77
1,SU-14608,0140420685,2021,3,23,5,44,52,1089600,1346,279,76
1,SU-14608,0140420685,2021,3,23,5,44,52,1090200,1347,279,77
1,SU-14608,0140420685,2021,3,23,5,44,52,1090800,1348,279,76
1,SU-14608,0140420685,2021,3,23,5,44,52,1091400,1348,279,76
1,SU-14608,0140420685,2021,3,23,5,44,52,1092000,1348,279,76
1,SU-14608,0140420685,2021,3,23,5,44,52,1092600,1349,279,76
1,SU-14608,0140420685,2021,3,23,5,44,52,1093200,1350,279,77
1,SU-14608,0140420685,2021,3,23,5,44,52,1093800,1350,279,76
1,SU-14608,0140420685,2021,3,23,5,44,52,1094400,1351,279,76
1,SU-14608,0140420685,2021,3,23,5,44,52,1095000,1351,279,76
1,SU-14608,0140420685,2021,3,23,5,44,52,1095600,1353,279,76
1,SU-14608,0140420685,2021,3,23,5,44,52,1096200,1355,279,76
1,SU-14608,0140420685,2021,3,23,5,44,52,1096800,1356,279,76
1,SU-14608,0140420685,2021,3,23,5,44,52,1097400,1358,279,76
1,SU-14608,0140420685,2021,3,23,5,44,52,1098000,1359,279,76
1,SU-14608,0140420685,2021,3,23,5,44,52,1098600,1360,279,76
1,SU-14608,0140420685,2021,3,23,5,44,52,1099200,1361,279,76
1,SU-14608,0140420685,2021,3,23,5,44,52,1099800,1363,279,75
1,SU-14608,0140420685,2021,3,23,5,44,52,1100400,1364,279,75
1,SU-14608,0140420685,2021,3,23,5,44,52,1101000,1364,279,75
1,SU-14608,0140420685,2021,3,23,5,44,52,1101600,1364,279,74
1,SU-14608,0140420685,2021,3,23,5,44,52,1102200,1365,279,74
1,SU-14608,0140420685,2021,3,23,5,44,52,1102800,1367,279,74
1,SU-14608,0140420685,2021,3,23,5,44,52,1103400,1367,279,74
1,SU-14608,0140420685,2021,3,23,5,44,52,1104000,1368,279,73
1,SU-14608,0140420685,2021,3,23,5,44,52,1104600,1368,279,73
1,SU-14608,0140420685,2021,3,23,5,44,52,1105200,1368,279,73
1,SU-14608,0140420685,2021,3,23,5,44,52,1105800,1368,279,73
1,SU-14608,0140420685,2021,3,23,5,44,52,1106400,1369,279,73
1,SU-14608,0140420685,2021,3,23,5,44,52,1107000,1369,279,73
1,SU-14608,0140420685,2021,3,23,5,44,52,1107600,1369,279,73
1,SU-14608,0140420685,2021,3,23,5,44,52,1108200,1369,279,73
1,SU-14608,0140420685,2021,3,23,5,44,52,1108800,1368,279,72
1,SU-14608,0140420685,2021,3,23,5,44,52,1109400,1370,279,72
1,SU-14608,0140420685,2021,3,23,5,44,52,1110000,1369,279,72
1,SU-14608,0140420685,2021,3,23,5,44,52,1110600,1368,279,72
1,SU-14608,0140420685,2021,3,23,5,44,52,1111200,1368,279,71
1,SU-14608,0140420685,2021,3,23,5,44,52,1111800,1368,279,72
1,SU-14608,0140420685,2021,3,23,5,44,52,1112400,1368,279,71
1,SU-14608,0140420685,2021,3,23,5,44,52,1113000,1367,279,71
1,SU-14608,0140420685,2021,3,23,5,44,52,1113600,1368,279,71
1,SU-14608,0140420685,2021,3,23,5,44,52,1114200,1366,279,71
1,SU-14608,0140420685,2021,3,23,5,44,52,1114800,1367,279,71
1,SU-14608,0140420685,2021,3,23,5,44,52,1115400,1366,279,71
1,SU-14608,0140420685,2021,3,23,5,44,52,1116000,1366,279,70
1,SU-14608,0140420685,2021,3,23,5,44,52,1116600,1365,279,70
1,SU-14608,0140420685,2021,3,23,5,44,52,1117200,1365,279,70
1,SU-14608,0140420685,2021,3,23,5,44,52,1117800,1365,279,70
1,SU-14608,0140420685,2021,3,23,5,44,52,1118400,1364,279,70
1,SU-14608,0140420685,2021,3,23,5,44,52,1119000,1364,279,70
1,SU-14608,0140420685,2021,3,23,5,44,52,1119600,1364,279,70
1,SU-14608,0140420685,2021,3,23,5,44,52,1120200,1364,279,70
1,SU-14608,0140420685,2021,3,23,5,44,52,1120800,1364,279,70
1,SU-14608,0140420685,2021,3,23,5,44,52,1121400,1364,279,69
1,SU-14608,0140420685,2021,3,23,5,44,52,1122000,1364,279,70
1,SU-14608,0140420685,2021,3,23,5,44,52,1122600,1363,279,70
1,SU-14608,0140420685,2021,3,23,5,44,52,1123200,1364,279,69
1,SU-14608,0140420685,2021,3,23,5,44,52,1123800,1363,279,69
1,SU-14608,0140420685,2021,3,23,5,44,52,1124400,1362,279,69
1,SU-14608,0140420685,2021,3,23,5,44,52,1125000,1362,279,68
1,SU-14608,0140420685,2021,3,23,5,44,52,1125600,1362,279,69
1,SU-14608,0140420685,2021,3,23,5,44,52,1126200,1361,279,69
1,SU-14608,0140420685,2021,3,23,5,44,52,1126800,1361,279,69
1,SU-14608,0140420685,2021,3,23,5,44,52,1127400,1361,279,68
1,SU-14608,0140420685,2021,3,23,5,44,52,1128000,1361,279,68
1,SU-14608,0140420685,2021,3,23,5,44,52,1128600,1360,279,68
1,SU-14608,0140420685,2021,3,23,5,44,52,1129200,1360,279,68
1,SU-14608,0140420685,2021,3,23,5,44,52,1129800,1360,279,68
1,SU-14608,0140420685,2021,3,23,5,44,52,1130400,1359,279,67
1,SU-14608,0140420685,2021,3,23,5,44,52,1131000,1359,279,67
1,SU-14608,0140420685,2021,3,23,5,44,52,1131600,1359,279,67
1,SU-14608,0140420685,2021,3,23,5,44,52,1132200,1358,279,67
1,SU-14608,0140420685,2021,3,23,5,44,52,1132800,1358,279,67
1,SU-14608,0140420685,2021,3,23,5,44,52,1133400,1358,279,67
1,SU-14608,0140420685,2021,3,23,5,44,52,1134000,1357,279,67
1,SU-14608,0140420685,2021,3,23,5,44,52,1134600,1356,279,67
1,SU-14608,0140420685,2021,3,23,5,44,52,1135200,1356,279,67
1,SU-14608,0140420685,2021,3,23,5,44,52,1135800,1356,279,67
1,SU-14608,0140420685,2021,3,23,5,44,52,1136400,1356,279,67
1,SU-14608,0140420685,2021,3,23,5,44,52,1137000,1354,279,67
1,SU-14608,0140420685,2021,3,23,5,44,52,1137600,1355,279,67
1,SU-14608,0140420685,2021,3,23,5,44,52,1138200,1354,279,67
1,SU-14608,0140420685,2021,3,23,5,44,52,1138800,1353,279,67
1,SU-14608,0140420685,2021,3,23,5,44,52,1139400,1353,279,67
1,SU-14608,0140420685,2021,3,23,5,44,52,1140000,1353,279,67
1,SU-14608,0140420685,2021,3,23,5,44,52,1140600,1353,279,67
1,SU-14608,0140420685,2021,3,23,5,44,52,1141200,1351,279,67
1,SU-14608,0140420685,2021,3,23,5,44,52,1141800,1350,279,67
1,SU-14608,0140420685,2021,3,23,5,44,52,1142400,1350,279,67
1,SU-14608,0140420685,2021,3,23,5,44,52,1143000,1349,279,67
1,SU-14608,0140420685,2021,3,23,5,44,52,1143600,1349,279,67
1,SU-14608,0140420685,2021,3,23,5,44,52,1144200,1348,279,67
1,SU-14608,0140420685,2021,3,23,5,44,52,1144800,1348,279,67
1,SU-14608,0140420685,2021,3,23,5,44,52,1145400,1348,279,67
1,SU-14608,0140420685,2021,3,23,5,44,52,1146000,1347,279,67
1,SU-14608,0140420685,2021,3,23,5,44,52,1146600,1345,279,67
1,SU-14608,0140420685,2021,3,23,5,44,52,1147200,1345,279,67
1,SU-14608,0140420685,2021,3,23,5,44,52,1147800,1345,279,67
1,SU-14608,0140420685,2021,3,23,5,44,52,1148400,1344,279,67
1,SU-14608,0140420685,2021,3,23,5,44,52,1149000,1343,279,67
1,SU-14608,0140420685,2021,3,23,5,44,52,1149600,1342,279,67
1,SU-14608,0140420685,2021,3,23,5,44,52,1150200,1342,279,68
1,SU-14608,0140420685,2021,3,23,5,44,52,1150800,1341,279,67
1,SU-14608,0140420685,2021,3,23,5,44,52,1151400,1341,279,67
1,SU-14608,0140420685,2021,3,23,5,44,52,1152000,1339,279,67
1,SU-14608,0140420685,2021,3,23,5,44,52,1152600,1340,279,68
1,SU-14608,0140420685,2021,3,23,5,44,52,1153200,1338,279,67
1,SU-14608,0140420685,2021,3,23,5,44,52,1153800,1337,279,68
1,SU-14608,0140420685,2021,3,23,5,44,52,1154400,1336,279,68
1,SU-14608,0140420685,2021,3,23,5,44,52,1155000,1335,279,68
1,SU-14608,0140420685,2021,3,23,5,44,52,1155600,1334,279,68
1,SU-14608,0140420685,2021,3,23,5,44,52,1156200,1333,279,69
1,SU-14608,0140420685,2021,3,23,5,44,52,1156800,1332,279,68
1,SU-14608,0140420685,2021,3,23,5,44,52,1157400,1332,279,68
1,SU-14608,0140420685,2021,3,23,5,44,52,1158000,1331,279,69
1,SU-14608,0140420685,2021,3,23,5,44,52,1158600,1330,279,70
1,SU-14608,0140420685,2021,3,23,5,44,52,1159200,1330,279,69
1,SU-14608,0140420685,2021,3,23,5,44,52,1159800,1328,279,69
1,SU-14608,0140420685,2021,3,23,5,44,52,1160400,1327,279,69
1,SU-14608,0140420685,2021,3,23,5,44,52,1161000,1326,279,70
1,SU-14608,0140420685,2021,3,23,5,44,52,1161600,1325,279,70
1,SU-14608,0140420685,2021,3,23,5,44,52,1162200,1324,279,70
1,SU-14608,0140420685,2021,3,23,5,44,52,1162800,1323,279,70
1,SU-14608,0140420685,2021,3,23,5,44,52,1163400,1322,279,70
1,SU-14608,0140420685,2021,3,23,5,44,52,1164000,1322,279,70
1,SU-14608,0140420685,2021,3,23,5,44,52,1164600,1322,279,70
1,SU-14608,0140420685,2021,3,23,5,44,52,1165200,1320,279,70
1,SU-14608,0140420685,2021,3,23,5,44,52,1165800,1320,279,70
1,SU-14608,0140420685,2021,3,23,5,44,52,1166400,1320,279,70
1,SU-14608,0140420685,2021,3,23,5,44,52,1167000,1319,279,70
1,SU-14608,0140420685,2021,3,23,5,44,52,1167600,1320,279,70
1,SU-14608,0140420685,2021,3,23,5,44,52,1168200,1320,279,70
1,SU-14608,0140420685,2021,3,23,5,44,52,1168800,1320,279,70
1,SU-14608,0140420685,2021,3,23,5,44,52,1169400,1320,279,70
1,SU-14608,0140420685,2021,3,23,5,44,52,1170000,1321,279,70
1,SU-14608,0140420685,2021,3,23,5,44,52,1170600,1322,279,71
1,SU-14608,0140420685,2021,3,23,5,44,52,1171200,1322,279,70
1,SU-14608,0140420685,2021,3,23,5,44,52,1171800,1323,279,70
1,SU-14608,0140420685,2021,3,23,5,44,52,1172400,1324,279,70
1,SU-14608,0140420685,2021,3,23,5,44,52,1173000,1326,279,70
1,SU-14608,0140420685,2021,3,23,5,44,52,1173600,1326,279,70
1,SU-14608,0140420685,2021,3,23,5,44,52,1174200,1327,279,70
1,SU-14608,0140420685,2021,3,23,5,44,52,1174800,1329,279,70
1,SU-14608,0140420685,2021,3,23,5,44,52,1175400,1330,279,70
1,SU-14608,0140420685,2021,3,23,5,44,52,1176000,1331,279,70
1,SU-14608,0140420685,2021,3,23,5,44,52,1176600,1332,279,70
1,SU-14608,0140420685,2021,3,23,5,44,52,1177200,1334,279,69
1,SU-14608,0140420685,2021,3,23,5,44,52,1177800,1336,279,70
1,SU-14608,0140420685,2021,3,23,5,44,52,1178400,1339,279,69
1,SU-14608,0140420685,2021,3,23,5,44,52,1179000,1343,279,69
1,SU-14608,0140420685,2021,3,23,5,44,52,1179600,1346,279,69
1,SU-14608,0140420685,2021,3,23,5,44,52,1180200,1350,279,69
1,SU-14608,0140420685,2021,3,23,5,44,52,1180800,1353,279,69
1,SU-14608,0140420685,2021,3,23,5,44,52,1181400,1356,279,68
1,SU-14608,0140420685,2021,3,23,5,44,52,1182000,1358,279,68
1,SU-14608,0140420685,2021,3,23,5,44,52,1182600,1361,279,69
1,SU-14608,0140420685,2021,3,23,5,44,52,1183200,1361,279,68
1,SU-14608,0140420685,2021,3,23,5,44,52,1183800,1364,279,68
1,SU-14608,0140420685,2021,3,23,5,44,52,1184400,1366,279,68
1,SU-14608,0140420685,2021,3,23,5,44,52,1185000,1366,279,68
1,SU-14608,0140420685,2021,3,23,5,44,52,1185600,1368,279,69
1,SU-14608,0140420685,2021,3,23,5,44,52,1186200,1369,279,69
1,SU-14608,0140420685,2021,3,23,5,44,52,1186800,1371,279,70
1,SU-14608,0140420685,2021,3,23,5,44,52,1187400,1371,279,70
1,SU-14608,0140420685,2021,3,23,5,44,52,1188000,1372,279,70
1,SU-14608,0140420685,2021,3,23,5,44,52,1188600,1373,279,70
1,SU-14608,0140420685,2021,3,23,5,44,52,1189200,1374,279,70
1,SU-14608,0140420685,2021,3,23,5,44,52,1189800,1374,279,71
1,SU-14608,0140420685,2021,3,23,5,44,52,1190400,1375,279,70
1,SU-14608,0140420685,2021,3,23,5,44,52,1191000,1375,279,71
1,SU-14608,0140420685,2021,3,23,5,44,52,1191600,1376,279,70
1,SU-14608,0140420685,2021,3,23,5,44,52,1192200,1375,279,70
1,SU-14608,0140420685,2021,3,23,5,44,52,1192800,1376,279,70
1,SU-14608,0140420685,2021,3,23,5,44,52,1193400,1376,279,70
1,SU-14608,0140420685,2021,3,23,5,44,52,1194000,1376,279,70
1,SU-14608,0140420685,2021,3,23,5,44,52,1194600,1376,279,69
1,SU-14608,0140420685,2021,3,23,5,44,52,1195200,1376,279,69
1,SU-14608,0140420685,2021,3,23,5,44,52,1195800,1375,279,68
1,SU-14608,0140420685,2021,3,23,5,44,52,1196400,1376,279,68
1,SU-14608,0140420685,2021,3,23,5,44,52,1197000,1375,279,67
1,SU-14608,0140420685,2021,3,23,5,44,52,1197600,1375,279,67
1,SU-14608,0140420685,2021,3,23,5,44,52,1198200,1374,279,67
1,SU-14608,0140420685,2021,3,23,5,44,52,1198800,1375,279,67
1,SU-14608,0140420685,2021,3,23,5,44,52,1199400,1373,279,66
1,SU-14608,0140420685,2021,3,23,5,44,52,1200000,1373,279,66
1,SU-14608,0140420685,2021,3,23,5,44,52,1200600,1373,279,67
1,SU-14608,0140420685,2021,3,23,5,44,52,1201200,1372,279,66
1,SU-14608,0140420685,2021,3,23,5,44,52,1201800,1371,279,65
1,SU-14608,0140420685,2021,3,23,5,44,52,1202400,1372,279,66
1,SU-14608,0140420685,2021,3,23,5,44,52,1203000,1370,279,65
1,SU-14608,0140420685,2021,3,23,5,44,52,1203600,1370,279,65
1,SU-14608,0140420685,2021,3,23,5,44,52,1204200,1369,279,65
1,SU-14608,0140420685,2021,3,23,5,44,52,1204800,1369,279,65
1,SU-14608,0140420685,2021,3,23,5,44,52,1205400,1368,279,64
1,SU-14608,0140420685,2021,3,23,5,44,52,1206000,1368,279,65
1,SU-14608,0140420685,2021,3,23,5,44,52,1206600,1368,279,64
1,SU-14608,0140420685,2021,3,23,5,44,52,1207200,1367,279,64
1,SU-14608,0140420685,2021,3,23,5,44,52,1207800,1366,279,64
1,SU-14608,0140420685,2021,3,23,5,44,52,1208400,1366,279,64
1,SU-14608,0140420685,2021,3,23,5,44,52,1209000,1365,279,64
1,SU-14608,0140420685,2021,3,23,5,44,52,1209600,1364,279,64
1,SU-14608,0140420685,2021,3,23,5,44,52,1210200,1364,279,64
1,SU-14608,0140420685,2021,3,23,5,44,52,1210800,1364,279,63
1,SU-14608,0140420685,2021,3,23,5,44,52,1211400,1363,279,64
1,SU-14608,0140420685,2021,3,23,5,44,52,1212000,1363,279,64
1,SU-14608,0140420685,2021,3,23,5,44,52,1212600,1362,279,64
1,SU-14608,0140420685,2021,3,23,5,44,52,1213200,1362,279,63
1,SU-14608,0140420685,2021,3,23,5,44,52,1213800,1362,279,64
1,SU-14608,0140420685,2021,3,23,5,44,52,1214400,1361,279,63
1,SU-14608,0140420685,2021,3,23,5,44,52,1215000,1361,279,63
1,SU-14608,0140420685,2021,3,23,5,44,52,1215600,1361,279,63
1,SU-14608,0140420685,2021,3,23,5,44,52,1216200,1360,279,63
1,SU-14608,0140420685,2021,3,23,5,44,52,1216800,1360,279,64
1,SU-14608,0140420685,2021,3,23,5,44,52,1217400,1360,279,62
1,SU-14608,0140420685,2021,3,23,5,44,52,1218000,1359,279,62
1,SU-14608,0140420685,2021,3,23,5,44,52,1218600,1359,279,63
1,SU-14608,0140420685,2021,3,23,5,44,52,1219200,1359,279,63
1,SU-14608,0140420685,2021,3,23,5,44,52,1219800,1357,279,62
1,SU-14608,0140420685,2021,3,23,5,44,52,1220400,1358,279,63
1,SU-14608,0140420685,2021,3,23,5,44,52,1221000,1357,279,64
1,SU-14608,0140420685,2021,3,23,5,44,52,1221600,1356,279,63
1,SU-14608,0140420685,2021,3,23,5,44,52,1222200,1356,279,63
1,SU-14608,0140420685,2021,3,23,5,44,52,1222800,1355,279,63
1,SU-14608,0140420685,2021,3,23,5,44,52,1223400,1355,279,63
1,SU-14608,0140420685,2021,3,23,5,44,52,1224000,1354,279,63
1,SU-14608,0140420685,2021,3,23,5,44,52,1224600,1353,279,63
1,SU-14608,0140420685,2021,3,23,5,44,52,1225200,1353,279,63
1,SU-14608,0140420685,2021,3,23,5,44,52,1225800,1353,279,64
1,SU-14608,0140420685,2021,3,23,5,44,52,1226400,1352,279,63
1,SU-14608,0140420685,2021,3,23,5,44,52,1227000,1351,279,62
1,SU-14608,0140420685,2021,3,23,5,44,52,1227600,1351,279,63
1,SU-14608,0140420685,2021,3,23,5,44,52,1228200,1350,279,63
1,SU-14608,0140420685,2021,3,23,5,44,52,1228800,1349,279,63
1,SU-14608,0140420685,2021,3,23,5,44,52,1229400,1349,279,63
1,SU-14608,0140420685,2021,3,23,5,44,52,1230000,1347,279,64
1,SU-14608,0140420685,2021,3,23,5,44,52,1230600,1348,279,64
1,SU-14608,0140420685,2021,3,23,5,44,52,1231200,1347,279,63
1,SU-14608,0140420685,2021,3,23,5,44,52,1231800,1347,279,63
1,SU-14608,0140420685,2021,3,23,5,44,52,1232400,1345,279,63
1,SU-14608,0140420685,2021,3,23,5,44,52,1233000,1346,279,63
1,SU-14608,0140420685,2021,3,23,5,44,52,1233600,1344,279,64
1,SU-14608,0140420685,2021,3,23,5,44,52,1234200,1344,279,64
1,SU-14608,0140420685,2021,3,23,5,44,52,1234800,1344,279,64
1,SU-14608,0140420685,2021,3,23,5,44,52,1235400,1343,279,64
1,SU-14608,0140420685,2021,3,23,5,44,52,1236000,1342,279,64
1,SU-14608,0140420685,2021,3,23,5,44,52,1236600,1342,279,64
1,SU-14608,0140420685,2021,3,23,5,44,52,1237200,1341,279,64
1,SU-14608,0140420685,2021,3,23,5,44,52,1237800,1340,279,64
1,SU-14608,0140420685,2021,3,23,5,44,52,1238400,1340,279,64
1,SU-14608,0140420685,2021,3,23,5,44,52,1239000,1340,279,64
1,SU-14608,0140420685,2021,3,23,5,44,52,1239600,1339,279,64
1,SU-14608,0140420685,2021,3,23,5,44,52,1240200,1338,279,64
1,SU-14608,0140420685,2021,3,23,5,44,52,1240800,1337,279,64
1,SU-14608,0140420685,2021,3,23,5,44,52,1241400,1337,279,64
1,SU-14608,0140420685,2021,3,23,5,44,52,1242000,1336,279,65
1,SU-14608,0140420685,2021,3,23,5,44,52,1242600,1335,279,64
1,SU-14608,0140420685,2021,3,23,5,44,52,1243200,1334,279,64
1,SU-14608,0140420685,2021,3,23,5,44,52,1243800,1333,279,64
1,SU-14608,0140420685,2021,3,23,5,44,52,1244400,1333,279,65
1,SU-14608,0140420685,2021,3,23,5,44,52,1245000,1332,279,64
1,SU-14608,0140420685,2021,3,23,5,44,52,1245600,1331,279,65
1,SU-14608,0140420685,2021,3,23,5,44,52,1246200,1330,279,65
1,SU-14608,0140420685,2021,3,23,5,44,52,1246800,1328,279,66
1,SU-14608,0140420685,2021,3,23,5,44,52,1247400,1328,279,64
1,SU-14608,0140420685,2021,3,23,5,44,52,1248000,1328,279,64
1,SU-14608,0140420685,2021,3,23,5,44,52,1248600,1328,279,65
1,SU-14608,0140420685,2021,3,23,5,44,52,1249200,1327,279,66
1,SU-14608,0140420685,2021,3,23,5,44,52,1249800,1326,279,66
1,SU-14608,0140420685,2021,3,23,5,44,52,1250400,1325,279,65
1,SU-14608,0140420685,2021,3,23,5,44,52,1251000,1325,279,66
1,SU-14608,0140420685,2021,3,23,5,44,52,1251600,1324,279,66
1,SU-14608,0140420685,2021,3,23,5,44,52,1252200,1323,279,66
1,SU-14608,0140420685,2021,3,23,5,44,52,1252800,1323,279,66
1,SU-14608,0140420685,2021,3,23,5,44,52,1253400,1322,279,67
1,SU-14608,0140420685,2021,3,23,5,44,52,1254000,1322,279,67
1,SU-14608,0140420685,2021,3,23,5,44,52,1254600,1322,279,66
1,SU-14608,0140420685,2021,3,23,5,44,52,1255200,1322,279,67
1,SU-14608,0140420685,2021,3,23,5,44,52,1255800,1321,279,67
1,SU-14608,0140420685,2021,3,23,5,44,52,1256400,1320,279,67
1,SU-14608,0140420685,2021,3,23,5,44,52,1257000,1322,279,67
1,SU-14608,0140420685,2021,3,23,5,44,52,1257600,1321,279,67
1,SU-14608,0140420685,2021,3,23,5,44,52,1258200,1322,279,67
1,SU-14608,0140420685,2021,3,23,5,44,52,1258800,1322,279,67
1,SU-14608,0140420685,2021,3,23,5,44,52,1259400,1323,279,67
1,SU-14608,0140420685,2021,3,23,5,44,52,1260000,1324,279,67
1,SU-14608,0140420685,2021,3,23,5,44,52,1260600,1324,279,67
1,SU-14608,0140420685,2021,3,23,5,44,52,1261200,1326,279,67
1,SU-14608,0140420685,2021,3,23,5,44,52,1261800,1326,279,67
1,SU-14608,0140420685,2021,3,23,5,44,52,1262400,1328,279,67
1,SU-14608,0140420685,2021,3,23,5,44,52,1263000,1328,279,67
1,SU-14608,0140420685,2021,3,23,5,44,52,1263600,1329,279,67
1,SU-14608,0140420685,2021,3,23,5,44,52,1264200,1329,279,67
1,SU-14608,0140420685,2021,3,23,5,44,52,1264800,1330,279,67
1,SU-14608,0140420685,2021,3,23,5,44,52,1265400,1331,279,67
1,SU-14608,0140420685,2021,3,23,5,44,52,1266000,1332,279,67
1,SU-14608,0140420685,2021,3,23,5,44,52,1266600,1333,279,67
1,SU-14608,0140420685,2021,3,23,5,44,52,1267200,1334,279,66
1,SU-14608,0140420685,2021,3,23,5,44,52,1267800,1335,279,67
1,SU-14608,0140420685,2021,3,23,5,44,52,1268400,1335,279,66
1,SU-14608,0140420685,2021,3,23,5,44,52,1269000,1337,279,66
1,SU-14608,0140420685,2021,3,23,5,44,52,1269600,1339,279,66
1,SU-14608,0140420685,2021,3,23,5,44,52,1270200,1341,279,67
1,SU-14608,0140420685,2021,3,23,5,44,52,1270800,1342,279,66
1,SU-14608,0140420685,2021,3,23,5,44,52,1271400,1344,279,66
1,SU-14608,0140420685,2021,3,23,5,44,52,1272000,1345,279,66
1,SU-14608,0140420685,2021,3,23,5,44,52,1272600,1347,279,66
1,SU-14608,0140420685,2021,3,23,5,44,52,1273200,1348,279,66
1,SU-14608,0140420685,2021,3,23,5,44,52,1273800,1349,279,67
1,SU-14608,0140420685,2021,3,23,5,44,52,1274400,1350,279,67
1,SU-14608,0140420685,2021,3,23,5,44,52,1275000,1351,279,67
1,SU-14608,0140420685,2021,3,23,5,44,52,1275600,1351,279,67
1,SU-14608,0140420685,2021,3,23,5,44,52,1276200,1352,279,67
1,SU-14608,0140420685,2021,3,23,5,44,52,1276800,1353,279,67
1,SU-14608,0140420685,2021,3,23,5,44,52,1277400,1353,279,67
1,SU-14608,0140420685,2021,3,23,5,44,52,1278000,1355,279,67
1,SU-14608,0140420685,2021,3,23,5,44,52,1278600,1354,279,67
1,SU-14608,0140420685,2021,3,23,5,44,52,1279200,1355,279,67
1,SU-14608,0140420685,2021,3,23,5,44,52,1279800,1355,279,67
1,SU-14608,0140420685,2021,3,23,5,44,52,1280400,1355,279,67
1,SU-14608,0140420685,2021,3,23,5,44,52,1281000,1356,279,67
1,SU-14608,0140420685,2021,3,23,5,44,52,1281600,1355,279,67
1,SU-14608,0140420685,2021,3,23,5,44,52,1282200,1355,279,67
1,SU-14608,0140420685,2021,3,23,5,44,52,1282800,1356,279,67
1,SU-14608,0140420685,2021,3,23,5,44,52,1283400,1355,279,67
1,SU-14608,0140420685,2021,3,23,5,44,52,1284000,1356,279,66
1,SU-14608,0140420685,2021,3,23,5,44,52,1284600,1355,279,66
1,SU-14608,0140420685,2021,3,23,5,44,52,1285200,1355,279,65
1,SU-14608,0140420685,2021,3,23,5,44,52,1285800,1355,279,66
1,SU-14608,0140420685,2021,3,23,5,44,52,1286400,1355,279,65
1,SU-14608,0140420685,2021,3,23,5,44,52,1287000,1355,279,64
1,SU-14608,0140420685,2021,3,23,5,44,52,1287600,1355,279,65
1,SU-14608,0140420685,2021,3,23,5,44,52,1288200,1355,279,64
1,SU-14608,0140420685,2021,3,23,5,44,52,1288800,1355,279,64
1,SU-14608,0140420685,2021,3,23,5,44,52,1289400,1355,279,64
1,SU-14608,0140420685,2021,3,23,5,44,52,1290000,1354,279,64
1,SU-14608,0140420685,2021,3,23,5,44,52,1290600,1354,279,64
1,SU-14608,0140420685,2021,3,23,5,44,52,1291200,1354,279,64
1,SU-14608,0140420685,2021,3,23,5,44,52,1291800,1354,279,64
1,SU-14608,0140420685,2021,3,23,5,44,52,1292400,1354,279,64
1,SU-14608,0140420685,2021,3,23,5,44,52,1293000,1353,279,64
1,SU-14608,0140420685,2021,3,23,5,44,52,1293600,1354,279,64
1,SU-14608,0140420685,2021,3,23,5,44,52,1294200,1353,279,64
1,SU-14608,0140420685,2021,3,23,5,44,52,1294800,1353,279,64
1,SU-14608,0140420685,2021,3,23,5,44,52,1295400,1353,279,63
1,SU-14608,0140420685,2021,3,23,5,44,52,1296000,1353,279,63
1,SU-14608,0140420685,2021,3,23,5,44,52,1296600,1353,279,63
1,SU-14608,0140420685,2021,3,23,5,44,52,1297200,1353,279,63
1,SU-14608,0140420685,2021,3,23,5,44,52,1297800,1352,279,62
1,SU-14608,0140420685,2021,3,23,5,44,52,1298400,1353,279,63
1,SU-14608,0140420685,2021,3,23,5,44,52,1299000,1353,279,62
1,SU-14608,0140420685,2021,3,23,5,44,52,1299600,1352,279,62
1,SU-14608,0140420685,2021,3,23,5,44,52,1300200,1352,279,62
1,SU-14608,0140420685,2021,3,23,5,44,52,1300800,1352,279,62
1,SU-14608,0140420685,2021,3,23,5,44,52,1301400,1352,279,62
1,SU-14608,0140420685,2021,3,23,5,44,52,1302000,1352,279,62
1,SU-14608,0140420685,2021,3,23,5,44,52,1302600,1351,279,62
1,SU-14608,0140420685,2021,3,23,5,44,52,1303200,1351,279,62
1,SU-14608,0140420685,2021,3,23,5,44,52,1303800,1351,279,62
1,SU-14608,0140420685,2021,3,23,5,44,52,1304400,1351,279,62
1,SU-14608,0140420685,2021,3,23,5,44,52,1305000,1350,279,61
1,SU-14608,0140420685,2021,3,23,5,44,52,1305600,1350,279,62
1,SU-14608,0140420685,2021,3,23,5,44,52,1306200,1350,279,62
1,SU-14608,0140420685,2021,3,23,5,44,52,1306800,1350,279,62
1,SU-14608,0140420685,2021,3,23,5,44,52,1307400,1349,279,62
1,SU-14608,0140420685,2021,3,23,5,44,52,1308000,1349,279,61
1,SU-14608,0140420685,2021,3,23,5,44,52,1308600,1348,279,62
1,SU-14608,0140420685,2021,3,23,5,44,52,1309200,1348,279,61
1,SU-14608,0140420685,2021,3,23,5,44,52,1309800,1347,279,61
1,SU-14608,0140420685,2021,3,23,5,44,52,1310400,1348,279,61
1,SU-14608,0140420685,2021,3,23,5,44,52,1311000,1346,279,61
1,SU-14608,0140420685,2021,3,23,5,44,52,1311600,1346,279,61
1,SU-14608,0140420685,2021,3,23,5,44,52,1312200,1346,279,62
1,SU-14608,0140420685,2021,3,23,5,44,52,1312800,1346,279,60
1,SU-14608,0140420685,2021,3,23,5,44,52,1313400,1345,279,61
1,SU-14608,0140420685,2021,3,23,5,44,52,1314000,1345,279,61
1,SU-14608,0140420685,2021,3,23,5,44,52,1314600,1344,279,62
1,SU-14608,0140420685,2021,3,23,5,44,52,1315200,1343,279,62
1,SU-14608,0140420685,2021,3,23,5,44,52,1315800,1344,279,62
1,SU-14608,0140420685,2021,3,23,5,44,52,1316400,1343,279,61
1,SU-14608,0140420685,2021,3,23,5,44,52,1317000,1342,279,62
1,SU-14608,0140420685,2021,3,23,5,44,52,1317600,1342,279,61
1,SU-14608,0140420685,2021,3,23,5,44,52,1318200,1340,279,61
1,SU-14608,0140420685,2021,3,23,5,44,52,1318800,1340,279,62
1,SU-14608,0140420685,2021,3,23,5,44,52,1319400,1339,279,61
1,SU-14608,0140420685,2021,3,23,5,44,52,1320000,1339,279,62
1,SU-14608,0140420685,2021,3,23,5,44,52,1320600,1338,279,61
1,SU-14608,0140420685,2021,3,23,5,44,52,1321200,1338,279,62
1,SU-14608,0140420685,2021,3,23,5,44,52,1321800,1336,279,62
1,SU-14608,0140420685,2021,3,23,5,44,52,1322400,1335,279,62
1,SU-14608,0140420685,2021,3,23,5,44,52,1323000,1334,279,62
1,SU-14608,0140420685,2021,3,23,5,44,52,1323600,1333,279,62
1,SU-14608,0140420685,2021,3,23,5,44,52,1324200,1333,279,61
1,SU-14608,0140420685,2021,3,23,5,44,52,1324800,1331,279,61
1,SU-14608,0140420685,2021,3,23,5,44,52,1325400,1330,279,62
1,SU-14608,0140420685,2021,3,23,5,44,52,1326000,1329,279,62
1,SU-14608,0140420685,2021,3,23,5,44,52,1326600,1329,279,62
1,SU-14608,0140420685,2021,3,23,5,44,52,1327200,1329,279,62
1,SU-14608,0140420685,2021,3,23,5,44,52,1327800,1328,279,62
1,SU-14608,0140420685,2021,3,23,5,44,52,1328400,1327,279,63
1,SU-14608,0140420685,2021,3,23,5,44,52,1329000,1327,279,62
1,SU-14608,0140420685,2021,3,23,5,44,52,1329600,1325,279,62
1,SU-14608,0140420685,2021,3,23,5,44,52,1330200,1325,279,62
1,SU-14608,0140420685,2021,3,23,5,44,52,1330800,1324,279,62
1,SU-14608,0140420685,2021,3,23,5,44,52,1331400,1323,279,63
1,SU-14608,0140420685,2021,3,23,5,44,52,1332000,1321,279,62
1,SU-14608,0140420685,2021,3,23,5,44,52,1332600,1321,279,63
1,SU-14608,0140420685,2021,3,23,5,44,52,1333200,1320,279,63
1,SU-14608,0140420685,2021,3,23,5,44,52,1333800,1319,279,64
1,SU-14608,0140420685,2021,3,23,5,44,52,1334400,1319,279,64
1,SU-14608,0140420685,2021,3,23,5,44,52,1335000,1317,279,64
1,SU-14608,0140420685,2021,3,23,5,44,52,1335600,1317,279,63
1,SU-14608,0140420685,2021,3,23,5,44,52,1336200,1316,279,64
1,SU-14608,0140420685,2021,3,23,5,44,52,1336800,1316,279,64
1,SU-14608,0140420685,2021,3,23,5,44,52,1337400,1315,279,64
1,SU-14608,0140420685,2021,3,23,5,44,52,1338000,1315,279,64
1,SU-14608,0140420685,2021,3,23,5,44,52,1338600,1314,279,64
1,SU-14608,0140420685,2021,3,23,5,44,52,1339200,1315,279,64
1,SU-14608,0140420685,2021,3,23,5,44,52,1339800,1313,279,64
1,SU-14608,0140420685,2021,3,23,5,44,52,1340400,1312,279,64
1,SU-14608,0140420685,2021,3,23,5,44,52,1341000,1312,279,63
1,SU-14608,0140420685,2021,3,23,5,44,52,1341600,1310,279,64
1,SU-14608,0140420685,2021,3,23,5,44,52,1342200,1310,279,64
1,SU-14608,0140420685,2021,3,23,5,44,52,1342800,1310,279,64
1,SU-14608,0140420685,2021,3,23,5,44,52,1343400,1310,279,64
1,SU-14608,0140420685,2021,3,23,5,44,52,1344000,1309,279,64
1,SU-14608,0140420685,2021,3,23,5,44,52,1344600,1309,279,64
1,SU-14608,0140420685,2021,3,23,5,44,52,1345200,1308,279,64
1,SU-14608,0140420685,2021,3,23,5,44,52,1345800,1308,279,63
1,SU-14608,0140420685,2021,3,23,5,44,52,1346400,1307,279,64
1,SU-14608,0140420685,2021,3,23,5,44,52,1347000,1308,279,64
1,SU-14608,0140420685,2021,3,23,5,44,52,1347600,1307,279,64
1,SU-14608,0140420685,2021,3,23,5,44,52,1348200,1308,279,64
1,SU-14608,0140420685,2021,3,23,5,44,52,1348800,1308,279,64
1,SU-14608,0140420685,2021,3,23,5,44,52,1349400,1308,279,63
1,SU-14608,0140420685,2021,3,23,5,44,52,1350000,1308,279,64
1,SU-14608,0140420685,2021,3,23,5,44,52,1350600,1309,279,64
1,SU-14608,0140420685,2021,3,23,5,44,52,1351200,1311,279,64
1,SU-14608,0140420685,2021,3,23,5,44,52,1351800,1310,279,63
1,SU-14608,0140420685,2021,3,23,5,44,52,1352400,1311,279,64
1,SU-14608,0140420685,2021,3,23,5,44,52,1353000,1312,279,64
1,SU-14608,0140420685,2021,3,23,5,44,52,1353600,1312,279,64
1,SU-14608,0140420685,2021,3,23,5,44,52,1354200,1313,279,63
1,SU-14608,0140420685,2021,3,23,5,44,52,1354800,1314,279,64
1,SU-14608,0140420685,2021,3,23,5,44,52,1355400,1316,279,64
1,SU-14608,0140420685,2021,3,23,5,44,52,1356000,1316,279,64
1,SU-14608,0140420685,2021,3,23,5,44,52,1356600,1317,279,63
1,SU-14608,0140420685,2021,3,23,5,44,52,1357200,1318,279,64
1,SU-14608,0140420685,2021,3,23,5,44,52,1357800,1319,279,63
1,SU-14608,0140420685,2021,3,23,5,44,52,1358400,1320,279,63
1,SU-14608,0140420685,2021,3,23,5,44,52,1359000,1320,279,64
1,SU-14608,0140420685,2021,3,23,5,44,52,1359600,1321,279,64
1,SU-14608,0140420685,2021,3,23,5,44,52,1360200,1321,279,63
1,SU-14608,0140420685,2021,3,23,5,44,52,1360800,1323,279,64
1,SU-14608,0140420685,2021,3,23,5,44,52,1361400,1323,279,64
1,SU-14608,0140420685,2021,3,23,5,44,52,1362000,1323,279,64
1,SU-14608,0140420685,2021,3,23,5,44,52,1362600,1325,279,64
1,SU-14608,0140420685,2021,3,23,5,44,52,1363200,1325,279,64
1,SU-14608,0140420685,2021,3,23,5,44,52,1363800,1326,279,64
1,SU-14608,0140420685,2021,3,23,5,44,52,1364400,1325,279,64
1,SU-14608,0140420685,2021,3,23,5,44,52,1365000,1326,279,64
1,SU-14608,0140420685,2021,3,23,5,44,52,1365600,1326,279,64
1,SU-14608,0140420685,2021,3,23,5,44,52,1366200,1327,279,64
1,SU-14608,0140420685,2021,3,23,5,44,52,1366800,1327,279,64
1,SU-14608,0140420685,2021,3,23,5,44,52,1367400,1327,279,64
1,SU-14608,0140420685,2021,3,23,5,44,52,1368000,1328,279,64
1,SU-14608,0140420685,2021,3,23,5,44,52,1368600,1327,279,64
1,SU-14608,0140420685,2021,3,23,5,44,52,1369200,1328,279,63
1,SU-14608,0140420685,2021,3,23,5,44,52,1369800,1328,279,64
1,SU-14608,0140420685,2021,3,23,5,44,52,1370400,1328,279,64
1,SU-14608,0140420685,2021,3,23,5,44,52,1371000,1328,279,64
1,SU-14608,0140420685,2021,3,23,5,44,52,1371600,1328,279,63
1,SU-14608,0140420685,2021,3,23,5,44,52,1372200,1328,279,63
1,SU-14608,0140420685,2021,3,23,5,44,52,1372800,1328,279,64
1,SU-14608,0140420685,2021,3,23,5,44,52,1373400,1329,279,63
1,SU-14608,0140420685,2021,3,23,5,44,52,1374000,1328,279,63
1,SU-14608,0140420685,2021,3,23,5,44,52,1374600,1328,279,63
1,SU-14608,0140420685,2021,3,23,5,44,52,1375200,1328,279,62
1,SU-14608,0140420685,2021,3,23,5,44,52,1375800,1328,279,62
1,SU-14608,0140420685,2021,3,23,5,44,52,1376400,1328,279,63
1,SU-14608,0140420685,2021,3,23,5,44,52,1377000,1328,279,62
1,SU-14608,0140420685,2021,3,23,5,44,52,1377600,1328,279,62
1,SU-14608,0140420685,2021,3,23,5,44,52,1378200,1328,279,62
1,SU-14608,0140420685,2021,3,23,5,44,52,1378800,1328,279,62
1,SU-14608,0140420685,2021,3,23,5,44,52,1379400,1329,279,62
1,SU-14608,0140420685,2021,3,23,5,44,52,1380000,1328,279,62
1,SU-14608,0140420685,2021,3,23,5,44,52,1380600,1328,279,62
1,SU-14608,0140420685,2021,3,23,5,44,52,1381200,1328,279,62
1,SU-14608,0140420685,2021,3,23,5,44,52,1381800,1328,279,62
1,SU-14608,0140420685,2021,3,23,5,44,52,1382400,1327,279,62
1,SU-14608,0140420685,2021,3,23,5,44,52,1383000,1328,279,62
1,SU-14608,0140420685,2021,3,23,5,44,52,1383600,1327,279,62
1,SU-14608,0140420685,2021,3,23,5,44,52,1384200,1326,279,62
1,SU-14608,0140420685,2021,3,23,5,44,52,1384800,1326,279,62
1,SU-14608,0140420685,2021,3,23,5,44,52,1385400,1326,279,62
1,SU-14608,0140420685,2021,3,23,5,44,52,1386000,1326,279,62
1,SU-14608,0140420685,2021,3,23,5,44,52,1386600,1325,279,62
1,SU-14608,0140420685,2021,3,23,5,44,52,1387200,1324,279,62
1,SU-14608,0140420685,2021,3,23,5,44,52,1387800,1325,279,62
1,SU-14608,0140420685,2021,3,23,5,44,52,1388400,1324,279,62
1,SU-14608,0140420685,2021,3,23,5,44,52,1389000,1324,279,61
1,SU-14608,0140420685,2021,3,23,5,44,52,1389600,1324,279,62
1,SU-14608,0140420685,2021,3,23,5,44,52,1390200,1324,279,61
1,SU-14608,0140420685,2021,3,23,5,44,52,1390800,1324,279,61
1,SU-14608,0140420685,2021,3,23,5,44,52,1391400,1323,279,61
1,SU-14608,0140420685,2021,3,23,5,44,52,1392000,1323,279,61
1,SU-14608,0140420685,2021,3,23,5,44,52,1392600,1322,279,61
1,SU-14608,0140420685,2021,3,23,5,44,52,1393200,1322,279,61
1,SU-14608,0140420685,2021,3,23,5,44,52,1393800,1321,279,61
1,SU-14608,0140420685,2021,3,23,5,44,52,1394400,1320,279,61
1,SU-14608,0140420685,2021,3,23,5,44,52,1395000,1321,279,61
1,SU-14608,0140420685,2021,3,23,5,44,52,1395600,1321,279,61
1,SU-14608,0140420685,2021,3,23,5,44,52,1396200,1320,279,61
1,SU-14608,0140420685,2021,3,23,5,44,52,1396800,1319,279,61
1,SU-14608,0140420685,2021,3,23,5,44,52,1397400,1319,279,60
1,SU-14608,0140420685,2021,3,23,5,44,52,1398000,1318,279,61
1,SU-14608,0140420685,2021,3,23,5,44,52,1398600,1317,279,61
1,SU-14608,0140420685,2021,3,23,5,44,52,1399200,1317,279,61
1,SU-14608,0140420685,2021,3,23,5,44,52,1399800,1316,279,61
1,SU-14608,0140420685,2021,3,23,5,44,52,1400400,1315,279,61
1,SU-14608,0140420685,2021,3,23,5,44,52,1401000,1315,279,61
1,SU-14608,0140420685,2021,3,23,5,44,52,1401600,1315,279,61
1,SU-14608,0140420685,2021,3,23,5,44,52,1402200,1314,279,61
1,SU-14608,0140420685,2021,3,23,5,44,52,1402800,1314,279,61
1,SU-14608,0140420685,2021,3,23,5,44,52,1403400,1312,279,61
1,SU-14608,0140420685,2021,3,23,5,44,52,1404000,1312,279,61
1,SU-14608,0140420685,2021,3,23,5,44,52,1404600,1312,279,61
1,SU-14608,0140420685,2021,3,23,5,44,52,1405200,1310,279,61
1,SU-14608,0140420685,2021,3,23,5,44,52,1405800,1310,279,61
1,SU-14608,0140420685,2021,3,23,5,44,52,1406400,1310,279,61
1,SU-14608,0140420685,2021,3,23,5,44,52,1407000,1307,279,61
1,SU-14608,0140420685,2021,3,23,5,44,52,1407600,1307,279,61
1,SU-14608,0140420685,2021,3,23,5,44,52,1408200,1306,279,62
1,SU-14608,0140420685,2021,3,23,5,44,52,1408800,1303,279,61
1,SU-14608,0140420685,2021,3,23,5,44,52,1409400,1303,279,61
1,SU-14608,0140420685,2021,3,23,5,44,52,1410000,1301,279,62
1,SU-14608,0140420685,2021,3,23,5,44,52,1410600,1299,279,61
1,SU-14608,0140420685,2021,3,23,5,44,52,1411200,1298,279,62
1,SU-14608,0140420685,2021,3,23,5,44,52,1411800,1295,279,62
1,SU-14608,0140420685,2021,3,23,5,44,52,1412400,1293,279,61
1,SU-14608,0140420685,2021,3,23,5,44,52,1413000,1290,279,61
1,SU-14608,0140420685,2021,3,23,5,44,52,1413600,1288,279,62
1,SU-14608,0140420685,2021,3,23,5,44,52,1414200,1286,279,62
1,SU-14608,0140420685,2021,3,23,5,44,52,1414800,1282,279,62
1,SU-14608,0140420685,2021,3,23,5,44,52,1415400,1278,279,62
1,SU-14608,0140420685,2021,3,23,5,44,52,1416000,1278,279,62
1,SU-14608,0140420685,2021,3,23,5,44,52,1416600,1274,279,62
1,SU-14608,0140420685,2021,3,23,5,44,52,1417200,1272,279,62
1,SU-14608,0140420685,2021,3,23,5,44,52,1417800,1269,279,62
1,SU-14608,0140420685,2021,3,23,5,44,52,1418400,1266,279,62
1,SU-14608,0140420685,2021,3,23,5,44,52,1419000,1264,279,62
1,SU-14608,0140420685,2021,3,23,5,44,52,1419600,1261,279,63
1,SU-14608,0140420685,2021,3,23,5,44,52,1420200,1258,279,63
1,SU-14608,0140420685,2021,3,23,5,44,52,1420800,1254,279,62
1,SU-14608,0140420685,2021,3,23,5,44,52,1421400,1252,279,62
1,SU-14608,0140420685,2021,3,23,5,44,52,1422000,1248,279,63
1,SU-14608,0140420685,2021,3,23,5,44,52,1422600,1245,279,62
1,SU-14608,0140420685,2021,3,23,5,44,52,1423200,1242,279,64
1,SU-14608,0140420685,2021,3,23,5,44,52,1423800,1239,279,63
1,SU-14608,0140420685,2021,3,23,5,44,52,1424400,1236,279,63
1,SU-14608,0140420685,2021,3,23,5,44,52,1425000,1231,279,63
1,SU-14608,0140420685,2021,3,23,5,44,52,1425600,1229,279,62
1,SU-14608,0140420685,2021,3,23,5,44,52,1426200,1226,279,63
1,SU-14608,0140420685,2021,3,23,5,44,52,1426800,1223,279,64
1,SU-14608,0140420685,2021,3,23,5,44,52,1427400,1220,279,64
1,SU-14608,0140420685,2021,3,23,5,44,52,1428000,1216,279,64
1,SU-14608,0140420685,2021,3,23,5,44,52,1428600,1213,279,64
1,SU-14608,0140420685,2021,3,23,5,44,52,1429200,1211,279,64
1,SU-14608,0140420685,2021,3,23,5,44,52,1429800,1208,279,64
1,SU-14608,0140420685,2021,3,23,5,44,52,1430400,1205,279,64
1,SU-14608,0140420685,2021,3,23,5,44,52,1431000,1203,279,64
1,SU-14608,0140420685,2021,3,23,5,44,52,1431600,1200,279,64
1,SU-14608,0140420685,2021,3,23,5,44,52,1432200,1198,279,64
1,SU-14608,0140420685,2021,3,23,5,44,52,1432800,1198,279,64
1,SU-14608,0140420685,2021,3,23,5,44,52,1433400,1197,279,64
1,SU-14608,0140420685,2021,3,23,5,44,52,1434000,1197,279,64
1,SU-14608,0140420685,2021,3,23,5,44,52,1434600,1196,279,65
1,SU-14608,0140420685,2021,3,23,5,44,52,1435200,1197,279,65
1,SU-14608,0140420685,2021,3,23,5,44,52,1435800,1197,279,64
1,SU-14608,0140420685,2021,3,23,5,44,52,1436400,1198,279,65
1,SU-14608,0140420685,2021,3,23,5,44,52,1437000,1199,279,64
1,SU-14608,0140420685,2021,3,23,5,44,52,1437600,1201,279,65
1,SU-14608,0140420685,2021,3,23,5,44,52,1438200,1203,279,65
1,SU-14608,0140420685,2021,3,23,5,44,52,1438800,1206,279,64
1,SU-14608,0140420685,2021,3,23,5,44,52,1439400,1209,279,65
1,SU-14608,0140420685,2021,3,23,5,44,52,1440000,1213,279,64
1,SU-14608,0140420685,2021,3,23,5,44,52,1440600,1217,279,65
1,SU-14608,0140420685,2021,3,23,5,44,52,1441200,1221,279,65
1,SU-14608,0140420685,2021,3,23,5,44,52,1441800,1225,279,64
1,SU-14608,0140420685,2021,3,23,5,44,52,1442400,1230,279,65
1,SU-14608,0140420685,2021,3,23,5,44,52,1443000,1236,279,65
1,SU-14608,0140420685,2021,3,23,5,44,52,1443600,1242,279,64
1,SU-14608,0140420685,2021,3,23,5,44,52,1444200,1250,279,65
1,SU-14608,0140420685,2021,3,23,5,44,52,1444800,1259,279,64
1,SU-14608,0140420685,2021,3,23,5,44,52,1445400,1266,279,65
1,SU-14608,0140420685,2021,3,23,5,44,52,1446000,1277,279,64
1,SU-14608,0140420685,2021,3,23,5,44,52,1446600,1286,279,64
1,SU-14608,0140420685,2021,3,23,5,44,52,1447200,1296,279,64
1,SU-14608,0140420685,2021,3,23,5,44,52,1447800,1308,279,64
1,SU-14608,0140420685,2021,3,23,5,44,52,1448400,1316,279,64
1,SU-14608,0140420685,2021,3,23,5,44,52,1449000,1320,279,64
1,SU-14608,0140420685,2021,3,23,5,44,52,1449600,1323,279,64
1,SU-14608,0140420685,2021,3,23,5,44,52,1450200,1325,279,64
1,SU-14608,0140420685,2021,3,23,5,44,52,1450800,1326,279,64
1,SU-14608,0140420685,2021,3,23,5,44,52,1451400,1327,279,64
1,SU-14608,0140420685,2021,3,23,5,44,52,1452000,1327,279,64
1,SU-14608,0140420685,2021,3,23,5,44,52,1452600,1328,279,64
1,SU-14608,0140420685,2021,3,23,5,44,52,1453200,1328,279,64
1,SU-14608,0140420685,2021,3,23,5,44,52,1453800,1328,279,64
1,SU-14608,0140420685,2021,3,23,5,44,52,1454400,1328,279,63
1,SU-14608,0140420685,2021,3,23,5,44,52,1455000,1328,279,64
1,SU-14608,0140420685,2021,3,23,5,44,52,1455600,1328,279,64
1,SU-14608,0140420685,2021,3,23,5,44,52,1456200,1328,279,64
1,SU-14608,0140420685,2021,3,23,5,44,52,1456800,1328,279,64
1,SU-14608,0140420685,2021,3,23,5,44,52,1457400,1329,279,64
1,SU-14608,0140420685,2021,3,23,5,44,52,1458000,1329,279,63
1,SU-14608,0140420685,2021,3,23,5,44,52,1458600,1329,279,64
1,SU-14608,0140420685,2021,3,23,5,44,52,1459200,1330,279,64
1,SU-14608,0140420685,2021,3,23,5,44,52,1459800,1330,279,64
1,SU-14608,0140420685,2021,3,23,5,44,52,1460400,1330,279,63
1,SU-14608,0140420685,2021,3,23,5,44,52,1461000,1330,279,64
1,SU-14608,0140420685,2021,3,23,5,44,52,1461600,1331,279,63
1,SU-14608,0140420685,2021,3,23,5,44,52,1462200,1331,279,63
1,SU-14608,0140420685,2021,3,23,5,44,52,1462800,1331,279,62
1,SU-14608,0140420685,2021,3,23,5,44,52,1463400,1331,279,63
1,SU-14608,0140420685,2021,3,23,5,44,52,1464000,1331,279,62
1,SU-14608,0140420685,2021,3,23,5,44,52,1464600,1332,279,64
1,SU-14608,0140420685,2021,3,23,5,44,52,1465200,1332,279,63
1,SU-14608,0140420685,2021,3,23,5,44,52,1465800,1332,279,63
1,SU-14608,0140420685,2021,3,23,5,44,52,1466400,1332,279,63
1,SU-14608,0140420685,2021,3,23,5,44,52,1467000,1331,279,62
1,SU-14608,0140420685,2021,3,23,5,44,52,1467600,1332,279,62
1,SU-14608,0140420685,2021,3,23,5,44,52,1468200,1332,279,62
1,SU-14608,0140420685,2021,3,23,5,44,52,1468800,1331,279,62
1,SU-14608,0140420685,2021,3,23,5,44,52,1469400,1332,279,62
1,SU-14608,0140420685,2021,3,23,5,44,52,1470000,1331,279,63
1,SU-14608,0140420685,2021,3,23,5,44,52,1470600,1331,279,62
1,SU-14608,0140420685,2021,3,23,5,44,52,1471200,1332,279,63
1,SU-14608,0140420685,2021,3,23,5,44,52,1471800,1331,279,62
1,SU-14608,0140420685,2021,3,23,5,44,52,1472400,1332,279,62
1,SU-14608,0140420685,2021,3,23,5,44,52,1473000,1332,279,62
1,SU-14608,0140420685,2021,3,23,5,44,52,1473600,1331,279,62
1,SU-14608,0140420685,2021,3,23,5,44,52,1474200,1331,279,63
1,SU-14608,0140420685,2021,3,23,5,44,52,1474800,1331,279,63
1,SU-14608,0140420685,2021,3,23,5,44,52,1475400,1331,279,63
1,SU-14608,0140420685,2021,3,23,5,44,52,1476000,1331,279,63
1,SU-14608,0140420685,2021,3,23,5,44,52,1476600,1330,279,64
1,SU-14608,0140420685,2021,3,23,5,44,52,1477200,1329,279,64
1,SU-14608,0140420685,2021,3,23,5,44,52,1477800,1330,279,64
1,SU-14608,0140420685,2021,3,23,5,44,52,1478400,1328,279,64
1,SU-14608,0140420685,2021,3,23,5,44,52,1479000,1328,279,64
1,SU-14608,0140420685,2021,3,23,5,44,52,1479600,1328,279,65
1,SU-14608,0140420685,2021,3,23,5,44,52,1480200,1327,279,65
1,SU-14608,0140420685,2021,3,23,5,44,52,1480800,1328,279,65
1,SU-14608,0140420685,2021,3,23,5,44,52,1481400,1328,279,65
1,SU-14608,0140420685,2021,3,23,5,44,52,1482000,1327,279,65
1,SU-14608,0140420685,2021,3,23,5,44,52,1482600,1326,279,65
1,SU-14608,0140420685,2021,3,23,5,44,52,1483200,1326,279,66
1,SU-14608,0140420685,2021,3,23,5,44,52,1483800,1325,279,65
1,SU-14608,0140420685,2021,3,23,5,44,52,1484400,1324,279,65
1,SU-14608,0140420685,2021,3,23,5,44,52,1485000,1324,279,65
1,SU-14608,0140420685,2021,3,23,5,44,52,1485600,1322,279,65
1,SU-14608,0140420685,2021,3,23,5,44,52,1486200,1323,279,65
1,SU-14608,0140420685,2021,3,23,5,44,52,1486800,1322,279,65
1,SU-14608,0140420685,2021,3,23,5,44,52,1487400,1321,279,64
1,SU-14608,0140420685,2021,3,23,5,44,52,1488000,1321,279,64
1,SU-14608,0140420685,2021,3,23,5,44,52,1488600,1320,279,64
1,SU-14608,0140420685,2021,3,23,5,44,52,1489200,1319,279,64
1,SU-14608,0140420685,2021,3,23,5,44,52,1489800,1319,279,64
1,SU-14608,0140420685,2021,3,23,5,44,52,1490400,1318,279,64
1,SU-14608,0140420685,2021,3,23,5,44,52,1491000,1318,279,63
1,SU-14608,0140420685,2021,3,23,5,44,52,1491600,1316,279,63
1,SU-14608,0140420685,2021,3,23,5,44,52,1492200,1317,279,63
1,SU-14608,0140420685,2021,3,23,5,44,52,1492800,1316,279,62
1,SU-14608,0140420685,2021,3,23,5,44,52,1493400,1315,279,62
1,SU-14608,0140420685,2021,3,23,5,44,52,1494000,1314,279,62
1,SU-14608,0140420685,2021,3,23,5,44,52,1494600,1314,279,62
1,SU-14608,0140420685,2021,3,23,5,44,52,1495200,1313,279,63
1,SU-14608,0140420685,2021,3,23,5,44,52,1495800,1314,279,62
1,SU-14608,0140420685,2021,3,23,5,44,52,1496400,1313,279,62
1,SU-14608,0140420685,2021,3,23,5,44,52,1497000,1312,279,62
1,SU-14608,0140420685,2021,3,23,5,44,52,1497600,1312,279,62
1,SU-14608,0140420685,2021,3,23,5,44,52,1498200,1311,279,62
1,SU-14608,0140420685,2021,3,23,5,44,52,1498800,1310,279,62
1,SU-14608,0140420685,2021,3,23,5,44,52,1499400,1309,279,62
1,SU-14608,0140420685,2021,3,23,5,44,52,1500000,1309,279,62
1,SU-14608,0140420685,2021,3,23,5,44,52,1500600,1308,279,61
1,SU-14608,0140420685,2021,3,23,5,44,52,1501200,1307,279,62
1,SU-14608,0140420685,2021,3,23,5,44,52,1501800,1306,279,61
1,SU-14608,0140420685,2021,3,23,5,44,52,1502400,1305,279,61
1,SU-14608,0140420685,2021,3,23,5,44,52,1503000,1302,279,62
1,SU-14608,0140420685,2021,3,23,5,44,52,1503600,1301,279,62
1,SU-14608,0140420685,2021,3,23,5,44,52,1504200,1299,279,61
1,SU-14608,0140420685,2021,3,23,5,44,52,1504800,1298,279,61
1,SU-14608,0140420685,2021,3,23,5,44,52,1505400,1296,279,61
1,SU-14608,0140420685,2021,3,23,5,44,52,1506000,1295,279,61
1,SU-14608,0140420685,2021,3,23,5,44,52,1506600,1293,279,61
1,SU-14608,0140420685,2021,3,23,5,44,52,1507200,1290,279,60
1,SU-14608,0140420685,2021,3,23,5,44,52,1507800,1288,279,61
1,SU-14608,0140420685,2021,3,23,5,44,52,1508400,1285,279,61
1,SU-14608,0140420685,2021,3,23,5,44,52,1509000,1282,279,62
1,SU-14608,0140420685,2021,3,23,5,44,52,1509600,1278,279,62
1,SU-14608,0140420685,2021,3,23,5,44,52,1510200,1276,279,61
1,SU-14608,0140420685,2021,3,23,5,44,52,1510800,1273,279,62
1,SU-14608,0140420685,2021,3,23,5,44,52,1511400,1271,279,61
1,SU-14608,0140420685,2021,3,23,5,44,52,1512000,1267,279,62
1,SU-14608,0140420685,2021,3,23,5,44,52,1512600,1264,279,62
1,SU-14608,0140420685,2021,3,23,5,44,52,1513200,1262,279,62
1,SU-14608,0140420685,2021,3,23,5,44,52,1513800,1259,279,62
1,SU-14608,0140420685,2021,3,23,5,44,52,1514400,1256,279,62
1,SU-14608,0140420685,2021,3,23,5,44,52,1515000,1253,279,62
1,SU-14608,0140420685,2021,3,23,5,44,52,1515600,1249,279,62
1,SU-14608,0140420685,2021,3,23,5,44,52,1516200,1246,279,62
1,SU-14608,0140420685,2021,3,23,5,44,52,1516800,1243,279,62
1,SU-14608,0140420685,2021,3,23,5,44,52,1517400,1240,279,62
1,SU-14608,0140420685,2021,3,23,5,44,52,1518000,1236,279,62
1,SU-14608,0140420685,2021,3,23,5,44,52,1518600,1232,279,62
1,SU-14608,0140420685,2021,3,23,5,44,52,1519200,1229,279,62
1,SU-14608,0140420685,2021,3,23,5,44,52,1519800,1227,279,62
1,SU-14608,0140420685,2021,3,23,5,44,52,1520400,1223,279,62
1,SU-14608,0140420685,2021,3,23,5,44,52,1521000,1220,279,62
1,SU-14608,0140420685,2021,3,23,5,44,52,1521600,1217,279,63
1,SU-14608,0140420685,2021,3,23,5,44,52,1522200,1213,279,63
1,SU-14608,0140420685,2021,3,23,5,44,52,1522800,1209,279,63
1,SU-14608,0140420685,2021,3,23,5,44,52,1523400,1205,279,62
1,SU-14608,0140420685,2021,3,23,5,44,52,1524000,1202,279,63
1,SU-14608,0140420685,2021,3,23,5,44,52,1524600,1197,279,64
1,SU-14608,0140420685,2021,3,23,5,44,52,1525200,1195,279,63
1,SU-14608,0140420685,2021,3,23,5,44,52,1525800,1192,279,64
1,SU-14608,0140420685,2021,3,23,5,44,52,1526400,1188,279,64
1,SU-14608,0140420685,2021,3,23,5,44,52,1527000,1185,279,64
1,SU-14608,0140420685,2021,3,23,5,44,52,1527600,1181,279,64
1,SU-14608,0140420685,2021,3,23,5,44,52,1528200,1177,279,64
1,SU-14608,0140420685,2021,3,23,5,44,52,1528800,1174,279,64
1,SU-14608,0140420685,2021,3,23,5,44,52,1529400,1171,279,64
1,SU-14608,0140420685,2021,3,23,5,44,52,1530000,1167,279,64
1,SU-14608,0140420685,2021,3,23,5,44,52,1530600,1164,279,64
1,SU-14608,0140420685,2021,3,23,5,44,52,1531200,1161,279,64
1,SU-14608,0140420685,2021,3,23,5,44,52,1531800,1159,279,64
1,SU-14608,0140420685,2021,3,23,5,44,52,1532400,1156,279,65
1,SU-14608,0140420685,2021,3,23,5,44,52,1533000,1151,279,65
1,SU-14608,0140420685,2021,3,23,5,44,52,1533600,1147,279,64
1,SU-14608,0140420685,2021,3,23,5,44,52,1534200,1145,279,64
1,SU-14608,0140420685,2021,3,23,5,44,52,1534800,1141,279,65
1,SU-14608,0140420685,2021,3,23,5,44,52,1535400,1137,279,65
1,SU-14608,0140420685,2021,3,23,5,44,52,1536000,1134,279,65
1,SU-14608,0140420685,2021,3,23,5,44,52,1536600,1131,279,65
1,SU-14608,0140420685,2021,3,23,5,44,52,1537200,1128,279,64
1,SU-14608,0140420685,2021,3,23,5,44,52,1537800,1125,279,65
1,SU-14608,0140420685,2021,3,23,5,44,52,1538400,1122,279,66
1,SU-14608,0140420685,2021,3,23,5,44,52,1539000,1118,279,66
1,SU-14608,0140420685,2021,3,23,5,44,52,1539600,1114,279,66
1,SU-14608,0140420685,2021,3,23,5,44,52,1540200,1111,279,66
1,SU-14608,0140420685,2021,3,23,5,44,52,1540800,1107,279,66
1,SU-14608,0140420685,2021,3,23,5,44,52,1541400,1104,279,66
1,SU-14608,0140420685,2021,3,23,5,44,52,1542000,1101,279,65
1,SU-14608,0140420685,2021,3,23,5,44,52,1542600,1098,279,66
1,SU-14608,0140420685,2021,3,23,5,44,52,1543200,1094,279,66
1,SU-14608,0140420685,2021,3,23,5,44,52,1543800,1090,279,66
1,SU-14608,0140420685,2021,3,23,5,44,52,1544400,1085,279,66
1,SU-14608,0140420685,2021,3,23,5,44,52,1545000,1082,279,66
1,SU-14608,0140420685,2021,3,23,5,44,52,1545600,1078,279,67
1,SU-14608,0140420685,2021,3,23,5,44,52,1546200,1074,279,67
1,SU-14608,0140420685,2021,3,23,5,44,52,1546800,1072,279,67
1,SU-14608,0140420685,2021,3,23,5,44,52,1547400,1069,279,67
1,SU-14608,0140420685,2021,3,23,5,44,52,1548000,1067,279,67
1,SU-14608,0140420685,2021,3,23,5,44,52,1548600,1065,279,67
1,SU-14608,0140420685,2021,3,23,5,44,52,1549200,1064,279,67
1,SU-14608,0140420685,2021,3,23,5,44,52,1549800,1062,279,67
1,SU-14608,0140420685,2021,3,23,5,44,52,1550400,1061,279,67
1,SU-14608,0140420685,2021,3,23,5,44,52,1551000,1059,279,67
1,SU-14608,0140420685,2021,3,23,5,44,52,1551600,1059,279,67
1,SU-14608,0140420685,2021,3,23,5,44,52,1552200,1058,279,67
1,SU-14608,0140420685,2021,3,23,5,44,52,1552800,1057,279,67
1,SU-14608,0140420685,2021,3,23,5,44,52,1553400,1056,279,67
1,SU-14608,0140420685,2021,3,23,5,44,52,1554000,1056,279,67
1,SU-14608,0140420685,2021,3,23,5,44,52,1554600,1056,279,67
1,SU-14608,0140420685,2021,3,23,5,44,52,1555200,1056,279,67
1,SU-14608,0140420685,2021,3,23,5,44,52,1555800,1056,279,67
1,SU-14608,0140420685,2021,3,23,5,44,52,1556400,1055,279,67
1,SU-14608,0140420685,2021,3,23,5,44,52,1557000,1055,279,66
1,SU-14608,0140420685,2021,3,23,5,44,52,1557600,1054,279,67
1,SU-14608,0140420685,2021,3,23,5,44,52,1558200,1054,279,67
1,SU-14608,0140420685,2021,3,23,5,44,52,1558800,1054,279,67
1,SU-14608,0140420685,2021,3,23,5,44,52,1559400,1053,279,67
1,SU-14608,0140420685,2021,3,23,5,44,52,1560000,1053,279,67
1,SU-14608,0140420685,2021,3,23,5,44,52,1560600,1052,279,67
1,SU-14608,0140420685,2021,3,23,5,44,52,1561200,1051,279,67
1,SU-14608,0140420685,2021,3,23,5,44,52,1561800,1050,279,68
1,SU-14608,0140420685,2021,3,23,5,44,52,1562400,1049,279,67
1,SU-14608,0140420685,2021,3,23,5,44,52,1563000,1049,279,67
1,SU-14608,0140420685,2021,3,23,5,44,52,1563600,1049,279,67
1,SU-14608,0140420685,2021,3,23,5,44,52,1564200,1048,279,67
1,SU-14608,0140420685,2021,3,23,5,44,52,1564800,1047,279,67
1,SU-14608,0140420685,2021,3,23,5,44,52,1565400,1045,279,67
1,SU-14608,0140420685,2021,3,23,5,44,52,1566000,1045,279,68
1,SU-14608,0140420685,2021,3,23,5,44,52,1566600,1045,279,67
1,SU-14608,0140420685,2021,3,23,5,44,52,1567200,1044,279,67
1,SU-14608,0140420685,2021,3,23,5,44,52,1567800,1044,279,68
1,SU-14608,0140420685,2021,3,23,5,44,52,1568400,1043,279,68
1,SU-14608,0140420685,2021,3,23,5,44,52,1569000,1042,279,67
1,SU-14608,0140420685,2021,3,23,5,44,52,1569600,1042,279,68
1,SU-14608,0140420685,2021,3,23,5,44,52,1570200,1041,279,67
1,SU-14608,0140420685,2021,3,23,5,44,52,1570800,1041,279,68
1,SU-14608,0140420685,2021,3,23,5,44,52,1571400,1040,279,68
1,SU-14608,0140420685,2021,3,23,5,44,52,1572000,1039,279,68
1,SU-14608,0140420685,2021,3,23,5,44,52,1572600,1038,279,68
1,SU-14608,0140420685,2021,3,23,5,44,52,1573200,1037,279,69
1,SU-14608,0140420685,2021,3,23,5,44,52,1573800,1035,279,67
1,SU-14608,0140420685,2021,3,23,5,44,52,1574400,1034,279,68
1,SU-14608,0140420685,2021,3,23,5,44,52,1575000,1033,279,67
1,SU-14608,0140420685,2021,3,23,5,44,52,1575600,1032,279,68
1,SU-14608,0140420685,2021,3,23,5,44,52,1576200,1032,279,68
1,SU-14608,0140420685,2021,3,23,5,44,52,1576800,1031,279,68
1,SU-14608,0140420685,2021,3,23,5,44,52,1577400,1029,279,68
1,SU-14608,0140420685,2021,3,23,5,44,52,1578000,1029,279,67
1,SU-14608,0140420685,2021,3,23,5,44,52,1578600,1027,279,68
1,SU-14608,0140420685,2021,3,23,5,44,52,1579200,1026,279,69
1,SU-14608,0140420685,2021,3,23,5,44,52,1579800,1025,279,68
1,SU-14608,0140420685,2021,3,23,5,44,52,1580400,1024,279,68
1,SU-14608,0140420685,2021,3,23,5,44,52,1581000,1022,279,69
1,SU-14608,0140420685,2021,3,23,5,44,52,1581600,1022,279,68
1,SU-14608,0140420685,2021,3,23,5,44,52,1582200,1020,279,69
1,SU-14608,0140420685,2021,3,23,5,44,52,1582800,1019,279,68
1,SU-14608,0140420685,2021,3,23,5,44,52,1583400,1017,279,68
1,SU-14608,0140420685,2021,3,23,5,44,52,1584000,1017,279,68
1,SU-14608,0140420685,2021,3,23,5,44,52,1584600,1015,279,69
1,SU-14608,0140420685,2021,3,23,5,44,52,1585200,1015,279,68
1,SU-14608,0140420685,2021,3,23,5,44,52,1585800,1013,279,68
1,SU-14608,0140420685,2021,3,23,5,44,52,1586400,1011,279,69
1,SU-14608,0140420685,2021,3,23,5,44,52,1587000,1009,279,68
1,SU-14608,0140420685,2021,3,23,5,44,52,1587600,1005,279,68
1,SU-14608,0140420685,2021,3,23,5,44,52,1588200,1004,279,69
1,SU-14608,0140420685,2021,3,23,5,44,52,1588800,1002,279,69
1,SU-14608,0140420685,2021,3,23,5,44,52,1589400,1000,279,69
1,SU-14608,0140420685,2021,3,23,5,44,52,1590000,998,279,68
1,SU-14608,0140420685,2021,3,23,5,44,52,1590600,997,279,68
1,SU-14608,0140420685,2021,3,23,5,44,52,1591200,995,279,69
1,SU-14608,0140420685,2021,3,23,5,44,52,1591800,992,279,69
1,SU-14608,0140420685,2021,3,23,5,44,52,1592400,989,279,69
1,SU-14608,0140420685,2021,3,23,5,44,52,1593000,986,279,69
1,SU-14608,0140420685,2021,3,23,5,44,52,1593600,983,279,69
1,SU-14608,0140420685,2021,3,23,5,44,52,1594200,979,279,69
1,SU-14608,0140420685,2021,3,23,5,44,52,1594800,977,279,70
1,SU-14608,0140420685,2021,3,23,5,44,52,1595400,973,279,69
1,SU-14608,0140420685,2021,3,23,5,44,52,1596000,969,279,70
1,SU-14608,0140420685,2021,3,23,5,44,52,1596600,966,279,69
1,SU-14608,0140420685,2021,3,23,5,44,52,1597200,963,279,69
1,SU-14608,0140420685,2021,3,23,5,44,52,1597800,959,279,70
1,SU-14608,0140420685,2021,3,23,5,44,52,1598400,955,279,70
1,SU-14608,0140420685,2021,3,23,5,44,52,1599000,951,279,70
1,SU-14608,0140420685,2021,3,23,5,44,52,1599600,947,279,70
1,SU-14608,0140420685,2021,3,23,5,44,52,1600200,942,279,70
1,SU-14608,0140420685,2021,3,23,5,44,52,1600800,938,279,70
1,SU-14608,0140420685,2021,3,23,5,44,52,1601400,933,279,70
1,SU-14608,0140420685,2021,3,23,5,44,52,1602000,930,279,70
1,SU-14608,0140420685,2021,3,23,5,44,52,1602600,925,279,70
1,SU-14608,0140420685,2021,3,23,5,44,52,1603200,923,279,67
1,SU-14608,0140420685,2021,3,23,5,44,52,1603800,923,279,67
1,SU-14608,0140420685,2021,3,23,5,44,52,1604400,922,279,67
1,SU-14608,0140420685,2021,3,23,5,44,52,1605000,923,279,67
1,SU-14608,0140420685,2021,3,23,5,44,52,1605600,923,279,67
1,SU-14608,0140420685,2021,3,23,5,44,52,1606200,922,279,67
1,SU-14608,0140420685,2021,3,23,5,44,52,1606800,923,279,67
1,SU-14608,0140420685,2021,3,23,5,44,52,1607400,923,279,67
1,SU-14608,0140420685,2021,3,23,5,44,52,1608000,923,279,67
