1,SU-14608,0143071485,2021,4,22,23,4,52,0,930,279,88
1,SU-14608,0143071485,2021,4,22,23,4,52,600,939,279,91
1,SU-14608,0143071485,2021,4,22,23,4,52,1200,947,279,93
1,SU-14608,0143071485,2021,4,22,23,4,52,1800,953,279,93
1,SU-14608,0143071485,2021,4,22,23,4,52,2400,961,279,93
1,SU-14608,0143071485,2021,4,22,23,4,52,3000,967,279,93
1,SU-14608,0143071485,2021,4,22,23,4,52,3600,974,279,93
1,SU-14608,0143071485,2021,4,22,23,4,52,4200,981,279,93
1,SU-14608,0143071485,2021,4,22,23,4,52,4800,989,279,93
1,SU-14608,0143071485,2021,4,22,23,4,52,5400,997,279,93
1,SU-14608,0143071485,2021,4,22,23,4,52,6000,1003,279,93
1,SU-14608,0143071485,2021,4,22,23,4,52,6600,1010,279,93
1,SU-14608,0143071485,2021,4,22,23,4,52,7200,1017,279,93
1,SU-14608,0143071485,2021,4,22,23,4,52,7800,1022,279,93
1,SU-14608,0143071485,2021,4,22,23,4,52,8400,1027,279,94
1,SU-14608,0143071485,2021,4,22,23,4,52,9000,1031,279,94
1,SU-14608,0143071485,2021,4,22,23,4,52,9600,1034,279,94
1,SU-14608,0143071485,2021,4,22,23,4,52,10200,1038,279,94
1,SU-14608,0143071485,2021,4,22,23,4,52,10800,1040,279,94
1,SU-14608,0143071485,2021,4,22,23,4,52,11400,1044,279,94
1,SU-14608,0143071485,2021,4,22,23,4,52,12000,1047,279,94
1,SU-14608,0143071485,2021,4,22,23,4,52,12600,1049,279,93
1,SU-14608,0143071485,2021,4,22,23,4,52,13200,1051,279,93
1,SU-14608,0143071485,2021,4,22,23,4,52,13800,1052,279,93
1,SU-14608,0143071485,2021,4,22,23,4,52,14400,1055,279,93
1,SU-14608,0143071485,2021,4,22,23,4,52,15000,1055,279,93
1,SU-14608,0143071485,2021,4,22,23,4,52,15600,1057,279,93
1,SU-14608,0143071485,2021,4,22,23,4,52,16200,1058,279,93
1,SU-14608,0143071485,2021,4,22,23,4,52,16800,1060,279,93
1,SU-14608,0143071485,2021,4,22,23,4,52,17400,1060,279,93
1,SU-14608,0143071485,2021,4,22,23,4,52,18000,1062,279,93
1,SU-14608,0143071485,2021,4,22,23,4,52,18600,1062,279,93
1,SU-14608,0143071485,2021,4,22,23,4,52,19200,1062,279,93
1,SU-14608,0143071485,2021,4,22,23,4,52,19800,1064,279,93
1,SU-14608,0143071485,2021,4,22,23,4,52,20400,1063,279,93
1,SU-14608,0143071485,2021,4,22,23,4,52,21000,1064,279,94
1,SU-14608,0143071485,2021,4,22,23,4,52,21600,1064,279,94
1,SU-14608,0143071485,2021,4,22,23,4,52,22200,1065,279,94
1,SU-14608,0143071485,2021,4,22,23,4,52,22800,1065,279,94
1,SU-14608,0143071485,2021,4,22,23,4,52,23400,1065,279,94
1,SU-14608,0143071485,2021,4,22,23,4,52,24000,1066,279,94
1,SU-14608,0143071485,2021,4,22,23,4,52,24600,1066,279,94
1,SU-14608,0143071485,2021,4,22,23,4,52,25200,1066,279,95
1,SU-14608,0143071485,2021,4,22,23,4,52,25800,1066,279,95
1,SU-14608,0143071485,2021,4,22,23,4,52,26400,1066,279,95
1,SU-14608,0143071485,2021,4,22,23,4,52,27000,1067,279,95
1,SU-14608,0143071485,2021,4,22,23,4,52,27600,1067,279,95
1,SU-14608,0143071485,2021,4,22,23,4,52,28200,1067,279,95
1,SU-14608,0143071485,2021,4,22,23,4,52,28800,1067,279,95
1,SU-14608,0143071485,2021,4,22,23,4,52,29400,1067,279,95
1,SU-14608,0143071485,2021,4,22,23,4,52,30000,1067,279,95
1,SU-14608,0143071485,2021,4,22,23,4,52,30600,1067,279,96
1,SU-14608,0143071485,2021,4,22,23,4,52,31200,1067,279,95
1,SU-14608,0143071485,2021,4,22,23,4,52,31800,1067,279,95
1,SU-14608,0143071485,2021,4,22,23,4,52,32400,1067,279,96
1,SU-14608,0143071485,2021,4,22,23,4,52,33000,1067,279,96
1,SU-14608,0143071485,2021,4,22,23,4,52,33600,1067,279,95
1,SU-14608,0143071485,2021,4,22,23,4,52,34200,1067,279,96
1,SU-14608,0143071485,2021,4,22,23,4,52,34800,1067,279,95
1,SU-14608,0143071485,2021,4,22,23,4,52,35400,1067,279,96
1,SU-14608,0143071485,2021,4,22,23,4,52,36000,1067,279,96
1,SU-14608,0143071485,2021,4,22,23,4,52,36600,1067,279,96
1,SU-14608,0143071485,2021,4,22,23,4,52,37200,1067,279,95
1,SU-14608,0143071485,2021,4,22,23,4,52,37800,1067,279,96
1,SU-14608,0143071485,2021,4,22,23,4,52,38400,1067,279,97
1,SU-14608,0143071485,2021,4,22,23,4,52,39000,1067,279,95
1,SU-14608,0143071485,2021,4,22,23,4,52,39600,1067,279,97
1,SU-14608,0143071485,2021,4,22,23,4,52,40200,1067,279,96
1,SU-14608,0143071485,2021,4,22,23,4,52,40800,1067,279,96
1,SU-14608,0143071485,2021,4,22,23,4,52,41400,1067,279,96
1,SU-14608,0143071485,2021,4,22,23,4,52,42000,1067,279,96
1,SU-14608,0143071485,2021,4,22,23,4,52,42600,1067,279,96
1,SU-14608,0143071485,2021,4,22,23,4,52,43200,1067,279,96
1,SU-14608,0143071485,2021,4,22,23,4,52,43800,1066,279,96
1,SU-14608,0143071485,2021,4,22,23,4,52,44400,1066,279,97
1,SU-14608,0143071485,2021,4,22,23,4,52,45000,1066,279,96
1,SU-14608,0143071485,2021,4,22,23,4,52,45600,1066,279,96
1,SU-14608,0143071485,2021,4,22,23,4,52,46200,1066,279,97
1,SU-14608,0143071485,2021,4,22,23,4,52,46800,1065,279,96
1,SU-14608,0143071485,2021,4,22,23,4,52,47400,1066,279,96
1,SU-14608,0143071485,2021,4,22,23,4,52,48000,1065,279,96
1,SU-14608,0143071485,2021,4,22,23,4,52,48600,1066,279,97
1,SU-14608,0143071485,2021,4,22,23,4,52,49200,1066,279,97
1,SU-14608,0143071485,2021,4,22,23,4,52,49800,1064,279,97
1,SU-14608,0143071485,2021,4,22,23,4,52,50400,1065,279,97
1,SU-14608,0143071485,2021,4,22,23,4,52,51000,1064,279,97
1,SU-14608,0143071485,2021,4,22,23,4,52,51600,1064,279,97
1,SU-14608,0143071485,2021,4,22,23,4,52,52200,1063,279,97
1,SU-14608,0143071485,2021,4,22,23,4,52,52800,1064,279,97
1,SU-14608,0143071485,2021,4,22,23,4,52,53400,1063,279,98
1,SU-14608,0143071485,2021,4,22,23,4,52,54000,1064,279,97
1,SU-14608,0143071485,2021,4,22,23,4,52,54600,1063,279,98
1,SU-14608,0143071485,2021,4,22,23,4,52,55200,1062,279,97
1,SU-14608,0143071485,2021,4,22,23,4,52,55800,1062,279,98
1,SU-14608,0143071485,2021,4,22,23,4,52,56400,1062,279,97
1,SU-14608,0143071485,2021,4,22,23,4,52,57000,1061,279,98
1,SU-14608,0143071485,2021,4,22,23,4,52,57600,1061,279,98
1,SU-14608,0143071485,2021,4,22,23,4,52,58200,1061,279,98
1,SU-14608,0143071485,2021,4,22,23,4,52,58800,1061,279,98
1,SU-14608,0143071485,2021,4,22,23,4,52,59400,1060,279,97
1,SU-14608,0143071485,2021,4,22,23,4,52,60000,1060,279,97
1,SU-14608,0143071485,2021,4,22,23,4,52,60600,1060,279,98
1,SU-14608,0143071485,2021,4,22,23,4,52,61200,1059,279,98
1,SU-14608,0143071485,2021,4,22,23,4,52,61800,1060,279,98
1,SU-14608,0143071485,2021,4,22,23,4,52,62400,1058,279,98
1,SU-14608,0143071485,2021,4,22,23,4,52,63000,1059,279,98
1,SU-14608,0143071485,2021,4,22,23,4,52,63600,1058,279,97
1,SU-14608,0143071485,2021,4,22,23,4,52,64200,1059,279,98
1,SU-14608,0143071485,2021,4,22,23,4,52,64800,1058,279,98
1,SU-14608,0143071485,2021,4,22,23,4,52,65400,1058,279,98
1,SU-14608,0143071485,2021,4,22,23,4,52,66000,1057,279,98
1,SU-14608,0143071485,2021,4,22,23,4,52,66600,1058,279,97
1,SU-14608,0143071485,2021,4,22,23,4,52,67200,1058,279,98
1,SU-14608,0143071485,2021,4,22,23,4,52,67800,1058,279,98
1,SU-14608,0143071485,2021,4,22,23,4,52,68400,1057,279,97
1,SU-14608,0143071485,2021,4,22,23,4,52,69000,1057,279,98
1,SU-14608,0143071485,2021,4,22,23,4,52,69600,1056,279,98
1,SU-14608,0143071485,2021,4,22,23,4,52,70200,1057,279,98
1,SU-14608,0143071485,2021,4,22,23,4,52,70800,1056,279,98
1,SU-14608,0143071485,2021,4,22,23,4,52,71400,1056,279,98
1,SU-14608,0143071485,2021,4,22,23,4,52,72000,1057,279,98
1,SU-14608,0143071485,2021,4,22,23,4,52,72600,1056,279,98
1,SU-14608,0143071485,2021,4,22,23,4,52,73200,1057,279,98
1,SU-14608,0143071485,2021,4,22,23,4,52,73800,1056,279,98
1,SU-14608,0143071485,2021,4,22,23,4,52,74400,1056,279,98
1,SU-14608,0143071485,2021,4,22,23,4,52,75000,1056,279,98
1,SU-14608,0143071485,2021,4,22,23,4,52,75600,1057,279,98
1,SU-14608,0143071485,2021,4,22,23,4,52,76200,1057,279,98
1,SU-14608,0143071485,2021,4,22,23,4,52,76800,1057,279,98
1,SU-14608,0143071485,2021,4,22,23,4,52,77400,1058,279,98
1,SU-14608,0143071485,2021,4,22,23,4,52,78000,1058,279,97
1,SU-14608,0143071485,2021,4,22,23,4,52,78600,1058,279,98
1,SU-14608,0143071485,2021,4,22,23,4,52,79200,1059,279,98
1,SU-14608,0143071485,2021,4,22,23,4,52,79800,1059,279,98
1,SU-14608,0143071485,2021,4,22,23,4,52,80400,1060,279,98
1,SU-14608,0143071485,2021,4,22,23,4,52,81000,1062,279,97
1,SU-14608,0143071485,2021,4,22,23,4,52,81600,1061,279,97
1,SU-14608,0143071485,2021,4,22,23,4,52,82200,1063,279,97
1,SU-14608,0143071485,2021,4,22,23,4,52,82800,1063,279,96
1,SU-14608,0143071485,2021,4,22,23,4,52,83400,1064,279,97
1,SU-14608,0143071485,2021,4,22,23,4,52,84000,1064,279,98
1,SU-14608,0143071485,2021,4,22,23,4,52,84600,1066,279,97
1,SU-14608,0143071485,2021,4,22,23,4,52,85200,1066,279,97
1,SU-14608,0143071485,2021,4,22,23,4,52,85800,1067,279,96
1,SU-14608,0143071485,2021,4,22,23,4,52,86400,1067,279,98
1,SU-14608,0143071485,2021,4,22,23,4,52,87000,1067,279,98
1,SU-14608,0143071485,2021,4,22,23,4,52,87600,1068,279,96
1,SU-14608,0143071485,2021,4,22,23,4,52,88200,1068,279,97
1,SU-14608,0143071485,2021,4,22,23,4,52,88800,1069,279,97
1,SU-14608,0143071485,2021,4,22,23,4,52,89400,1069,279,96
1,SU-14608,0143071485,2021,4,22,23,4,52,90000,1069,279,97
1,SU-14608,0143071485,2021,4,22,23,4,52,90600,1070,279,96
1,SU-14608,0143071485,2021,4,22,23,4,52,91200,1071,279,96
1,SU-14608,0143071485,2021,4,22,23,4,52,91800,1070,279,96
1,SU-14608,0143071485,2021,4,22,23,4,52,92400,1071,279,96
1,SU-14608,0143071485,2021,4,22,23,4,52,93000,1072,279,95
1,SU-14608,0143071485,2021,4,22,23,4,52,93600,1071,279,96
1,SU-14608,0143071485,2021,4,22,23,4,52,94200,1072,279,96
1,SU-14608,0143071485,2021,4,22,23,4,52,94800,1072,279,96
1,SU-14608,0143071485,2021,4,22,23,4,52,95400,1072,279,95
1,SU-14608,0143071485,2021,4,22,23,4,52,96000,1072,279,96
1,SU-14608,0143071485,2021,4,22,23,4,52,96600,1073,279,95
1,SU-14608,0143071485,2021,4,22,23,4,52,97200,1073,279,95
1,SU-14608,0143071485,2021,4,22,23,4,52,97800,1073,279,95
1,SU-14608,0143071485,2021,4,22,23,4,52,98400,1075,279,95
1,SU-14608,0143071485,2021,4,22,23,4,52,99000,1075,279,95
1,SU-14608,0143071485,2021,4,22,23,4,52,99600,1076,279,95
1,SU-14608,0143071485,2021,4,22,23,4,52,100200,1078,279,95
1,SU-14608,0143071485,2021,4,22,23,4,52,100800,1078,279,95
1,SU-14608,0143071485,2021,4,22,23,4,52,101400,1079,279,95
1,SU-14608,0143071485,2021,4,22,23,4,52,102000,1081,279,95
1,SU-14608,0143071485,2021,4,22,23,4,52,102600,1082,279,95
1,SU-14608,0143071485,2021,4,22,23,4,52,103200,1084,279,94
1,SU-14608,0143071485,2021,4,22,23,4,52,103800,1087,279,94
1,SU-14608,0143071485,2021,4,22,23,4,52,104400,1089,279,94
1,SU-14608,0143071485,2021,4,22,23,4,52,105000,1091,279,94
1,SU-14608,0143071485,2021,4,22,23,4,52,105600,1094,279,95
1,SU-14608,0143071485,2021,4,22,23,4,52,106200,1097,279,94
1,SU-14608,0143071485,2021,4,22,23,4,52,106800,1101,279,94
1,SU-14608,0143071485,2021,4,22,23,4,52,107400,1103,279,94
1,SU-14608,0143071485,2021,4,22,23,4,52,108000,1106,279,94
1,SU-14608,0143071485,2021,4,22,23,4,52,108600,1108,279,93
1,SU-14608,0143071485,2021,4,22,23,4,52,109200,1112,279,94
1,SU-14608,0143071485,2021,4,22,23,4,52,109800,1114,279,93
1,SU-14608,0143071485,2021,4,22,23,4,52,110400,1117,279,94
1,SU-14608,0143071485,2021,4,22,23,4,52,111000,1120,279,93
1,SU-14608,0143071485,2021,4,22,23,4,52,111600,1122,279,93
1,SU-14608,0143071485,2021,4,22,23,4,52,112200,1125,279,94
1,SU-14608,0143071485,2021,4,22,23,4,52,112800,1128,279,93
1,SU-14608,0143071485,2021,4,22,23,4,52,113400,1131,279,93
1,SU-14608,0143071485,2021,4,22,23,4,52,114000,1133,279,93
1,SU-14608,0143071485,2021,4,22,23,4,52,114600,1134,279,93
1,SU-14608,0143071485,2021,4,22,23,4,52,115200,1136,279,93
1,SU-14608,0143071485,2021,4,22,23,4,52,115800,1138,279,93
1,SU-14608,0143071485,2021,4,22,23,4,52,116400,1142,279,93
1,SU-14608,0143071485,2021,4,22,23,4,52,117000,1145,279,93
1,SU-14608,0143071485,2021,4,22,23,4,52,117600,1146,279,93
1,SU-14608,0143071485,2021,4,22,23,4,52,118200,1148,279,93
1,SU-14608,0143071485,2021,4,22,23,4,52,118800,1151,279,93
1,SU-14608,0143071485,2021,4,22,23,4,52,119400,1153,279,93
1,SU-14608,0143071485,2021,4,22,23,4,52,120000,1156,279,93
1,SU-14608,0143071485,2021,4,22,23,4,52,120600,1157,279,93
1,SU-14608,0143071485,2021,4,22,23,4,52,121200,1159,279,93
1,SU-14608,0143071485,2021,4,22,23,4,52,121800,1161,279,93
1,SU-14608,0143071485,2021,4,22,23,4,52,122400,1163,279,93
1,SU-14608,0143071485,2021,4,22,23,4,52,123000,1164,279,93
1,SU-14608,0143071485,2021,4,22,23,4,52,123600,1166,279,93
1,SU-14608,0143071485,2021,4,22,23,4,52,124200,1168,279,93
1,SU-14608,0143071485,2021,4,22,23,4,52,124800,1168,279,93
1,SU-14608,0143071485,2021,4,22,23,4,52,125400,1169,279,93
1,SU-14608,0143071485,2021,4,22,23,4,52,126000,1170,279,93
1,SU-14608,0143071485,2021,4,22,23,4,52,126600,1172,279,93
1,SU-14608,0143071485,2021,4,22,23,4,52,127200,1173,279,93
1,SU-14608,0143071485,2021,4,22,23,4,52,127800,1174,279,93
1,SU-14608,0143071485,2021,4,22,23,4,52,128400,1175,279,92
1,SU-14608,0143071485,2021,4,22,23,4,52,129000,1177,279,93
1,SU-14608,0143071485,2021,4,22,23,4,52,129600,1176,279,93
1,SU-14608,0143071485,2021,4,22,23,4,52,130200,1178,279,93
1,SU-14608,0143071485,2021,4,22,23,4,52,130800,1178,279,93
1,SU-14608,0143071485,2021,4,22,23,4,52,131400,1178,279,93
1,SU-14608,0143071485,2021,4,22,23,4,52,132000,1178,279,93
1,SU-14608,0143071485,2021,4,22,23,4,52,132600,1179,279,92
1,SU-14608,0143071485,2021,4,22,23,4,52,133200,1179,279,93
1,SU-14608,0143071485,2021,4,22,23,4,52,133800,1181,279,93
1,SU-14608,0143071485,2021,4,22,23,4,52,134400,1180,279,93
1,SU-14608,0143071485,2021,4,22,23,4,52,135000,1180,279,93
1,SU-14608,0143071485,2021,4,22,23,4,52,135600,1179,279,93
1,SU-14608,0143071485,2021,4,22,23,4,52,136200,1179,279,93
1,SU-14608,0143071485,2021,4,22,23,4,52,136800,1180,279,93
1,SU-14608,0143071485,2021,4,22,23,4,52,137400,1178,279,92
1,SU-14608,0143071485,2021,4,22,23,4,52,138000,1178,279,93
1,SU-14608,0143071485,2021,4,22,23,4,52,138600,1179,279,93
1,SU-14608,0143071485,2021,4,22,23,4,52,139200,1178,279,93
1,SU-14608,0143071485,2021,4,22,23,4,52,139800,1178,279,93
1,SU-14608,0143071485,2021,4,22,23,4,52,140400,1177,279,93
1,SU-14608,0143071485,2021,4,22,23,4,52,141000,1177,279,92
1,SU-14608,0143071485,2021,4,22,23,4,52,141600,1176,279,92
1,SU-14608,0143071485,2021,4,22,23,4,52,142200,1175,279,93
1,SU-14608,0143071485,2021,4,22,23,4,52,142800,1175,279,93
1,SU-14608,0143071485,2021,4,22,23,4,52,143400,1174,279,93
1,SU-14608,0143071485,2021,4,22,23,4,52,144000,1173,279,93
1,SU-14608,0143071485,2021,4,22,23,4,52,144600,1172,279,93
1,SU-14608,0143071485,2021,4,22,23,4,52,145200,1171,279,93
1,SU-14608,0143071485,2021,4,22,23,4,52,145800,1170,279,93
1,SU-14608,0143071485,2021,4,22,23,4,52,146400,1169,279,93
1,SU-14608,0143071485,2021,4,22,23,4,52,147000,1168,279,93
1,SU-14608,0143071485,2021,4,22,23,4,52,147600,1168,279,93
1,SU-14608,0143071485,2021,4,22,23,4,52,148200,1166,279,93
1,SU-14608,0143071485,2021,4,22,23,4,52,148800,1166,279,93
1,SU-14608,0143071485,2021,4,22,23,4,52,149400,1164,279,93
1,SU-14608,0143071485,2021,4,22,23,4,52,150000,1162,279,93
1,SU-14608,0143071485,2021,4,22,23,4,52,150600,1161,279,93
1,SU-14608,0143071485,2021,4,22,23,4,52,151200,1160,279,93
1,SU-14608,0143071485,2021,4,22,23,4,52,151800,1158,279,93
1,SU-14608,0143071485,2021,4,22,23,4,52,152400,1156,279,93
1,SU-14608,0143071485,2021,4,22,23,4,52,153000,1155,279,93
1,SU-14608,0143071485,2021,4,22,23,4,52,153600,1154,279,93
1,SU-14608,0143071485,2021,4,22,23,4,52,154200,1152,279,93
1,SU-14608,0143071485,2021,4,22,23,4,52,154800,1150,279,93
1,SU-14608,0143071485,2021,4,22,23,4,52,155400,1149,279,93
1,SU-14608,0143071485,2021,4,22,23,4,52,156000,1147,279,93
1,SU-14608,0143071485,2021,4,22,23,4,52,156600,1146,279,93
1,SU-14608,0143071485,2021,4,22,23,4,52,157200,1143,279,93
1,SU-14608,0143071485,2021,4,22,23,4,52,157800,1142,279,93
1,SU-14608,0143071485,2021,4,22,23,4,52,158400,1140,279,93
1,SU-14608,0143071485,2021,4,22,23,4,52,159000,1138,279,93
1,SU-14608,0143071485,2021,4,22,23,4,52,159600,1136,279,93
1,SU-14608,0143071485,2021,4,22,23,4,52,160200,1136,279,93
1,SU-14608,0143071485,2021,4,22,23,4,52,160800,1134,279,93
1,SU-14608,0143071485,2021,4,22,23,4,52,161400,1133,279,93
1,SU-14608,0143071485,2021,4,22,23,4,52,162000,1131,279,93
1,SU-14608,0143071485,2021,4,22,23,4,52,162600,1131,279,93
1,SU-14608,0143071485,2021,4,22,23,4,52,163200,1129,279,93
1,SU-14608,0143071485,2021,4,22,23,4,52,163800,1128,279,93
1,SU-14608,0143071485,2021,4,22,23,4,52,164400,1127,279,94
1,SU-14608,0143071485,2021,4,22,23,4,52,165000,1126,279,93
1,SU-14608,0143071485,2021,4,22,23,4,52,165600,1124,279,93
1,SU-14608,0143071485,2021,4,22,23,4,52,166200,1123,279,93
1,SU-14608,0143071485,2021,4,22,23,4,52,166800,1123,279,93
1,SU-14608,0143071485,2021,4,22,23,4,52,167400,1122,279,93
1,SU-14608,0143071485,2021,4,22,23,4,52,168000,1120,279,93
1,SU-14608,0143071485,2021,4,22,23,4,52,168600,1121,279,93
1,SU-14608,0143071485,2021,4,22,23,4,52,169200,1120,279,93
1,SU-14608,0143071485,2021,4,22,23,4,52,169800,1120,279,93
1,SU-14608,0143071485,2021,4,22,23,4,52,170400,1119,279,93
1,SU-14608,0143071485,2021,4,22,23,4,52,171000,1119,279,93
1,SU-14608,0143071485,2021,4,22,23,4,52,171600,1119,279,93
1,SU-14608,0143071485,2021,4,22,23,4,52,172200,1118,279,93
1,SU-14608,0143071485,2021,4,22,23,4,52,172800,1119,279,93
1,SU-14608,0143071485,2021,4,22,23,4,52,173400,1119,279,94
1,SU-14608,0143071485,2021,4,22,23,4,52,174000,1118,279,94
1,SU-14608,0143071485,2021,4,22,23,4,52,174600,1119,279,94
1,SU-14608,0143071485,2021,4,22,23,4,52,175200,1120,279,93
1,SU-14608,0143071485,2021,4,22,23,4,52,175800,1121,279,94
1,SU-14608,0143071485,2021,4,22,23,4,52,176400,1121,279,94
1,SU-14608,0143071485,2021,4,22,23,4,52,177000,1122,279,93
1,SU-14608,0143071485,2021,4,22,23,4,52,177600,1122,279,94
1,SU-14608,0143071485,2021,4,22,23,4,52,178200,1123,279,93
1,SU-14608,0143071485,2021,4,22,23,4,52,178800,1124,279,94
1,SU-14608,0143071485,2021,4,22,23,4,52,179400,1125,279,94
1,SU-14608,0143071485,2021,4,22,23,4,52,180000,1126,279,94
1,SU-14608,0143071485,2021,4,22,23,4,52,180600,1127,279,94
1,SU-14608,0143071485,2021,4,22,23,4,52,181200,1128,279,93
1,SU-14608,0143071485,2021,4,22,23,4,52,181800,1128,279,93
1,SU-14608,0143071485,2021,4,22,23,4,52,182400,1130,279,94
1,SU-14608,0143071485,2021,4,22,23,4,52,183000,1131,279,93
1,SU-14608,0143071485,2021,4,22,23,4,52,183600,1132,279,94
1,SU-14608,0143071485,2021,4,22,23,4,52,184200,1133,279,93
1,SU-14608,0143071485,2021,4,22,23,4,52,184800,1134,279,93
1,SU-14608,0143071485,2021,4,22,23,4,52,185400,1135,279,94
1,SU-14608,0143071485,2021,4,22,23,4,52,186000,1137,279,93
1,SU-14608,0143071485,2021,4,22,23,4,52,186600,1139,279,94
1,SU-14608,0143071485,2021,4,22,23,4,52,187200,1140,279,94
1,SU-14608,0143071485,2021,4,22,23,4,52,187800,1142,279,93
1,SU-14608,0143071485,2021,4,22,23,4,52,188400,1144,279,93
1,SU-14608,0143071485,2021,4,22,23,4,52,189000,1146,279,93
1,SU-14608,0143071485,2021,4,22,23,4,52,189600,1147,279,94
1,SU-14608,0143071485,2021,4,22,23,4,52,190200,1148,279,93
1,SU-14608,0143071485,2021,4,22,23,4,52,190800,1150,279,93
1,SU-14608,0143071485,2021,4,22,23,4,52,191400,1153,279,93
1,SU-14608,0143071485,2021,4,22,23,4,52,192000,1155,279,94
1,SU-14608,0143071485,2021,4,22,23,4,52,192600,1157,279,93
1,SU-14608,0143071485,2021,4,22,23,4,52,193200,1159,279,93
1,SU-14608,0143071485,2021,4,22,23,4,52,193800,1160,279,93
1,SU-14608,0143071485,2021,4,22,23,4,52,194400,1162,279,93
1,SU-14608,0143071485,2021,4,22,23,4,52,195000,1164,279,93
1,SU-14608,0143071485,2021,4,22,23,4,52,195600,1166,279,93
1,SU-14608,0143071485,2021,4,22,23,4,52,196200,1168,279,93
1,SU-14608,0143071485,2021,4,22,23,4,52,196800,1168,279,93
1,SU-14608,0143071485,2021,4,22,23,4,52,197400,1169,279,93
1,SU-14608,0143071485,2021,4,22,23,4,52,198000,1171,279,93
1,SU-14608,0143071485,2021,4,22,23,4,52,198600,1173,279,93
1,SU-14608,0143071485,2021,4,22,23,4,52,199200,1174,279,93
1,SU-14608,0143071485,2021,4,22,23,4,52,199800,1175,279,93
1,SU-14608,0143071485,2021,4,22,23,4,52,200400,1177,279,93
1,SU-14608,0143071485,2021,4,22,23,4,52,201000,1179,279,93
1,SU-14608,0143071485,2021,4,22,23,4,52,201600,1180,279,93
1,SU-14608,0143071485,2021,4,22,23,4,52,202200,1181,279,93
1,SU-14608,0143071485,2021,4,22,23,4,52,202800,1182,279,93
1,SU-14608,0143071485,2021,4,22,23,4,52,203400,1183,279,93
1,SU-14608,0143071485,2021,4,22,23,4,52,204000,1184,279,93
1,SU-14608,0143071485,2021,4,22,23,4,52,204600,1185,279,92
1,SU-14608,0143071485,2021,4,22,23,4,52,205200,1187,279,93
1,SU-14608,0143071485,2021,4,22,23,4,52,205800,1187,279,93
1,SU-14608,0143071485,2021,4,22,23,4,52,206400,1188,279,93
1,SU-14608,0143071485,2021,4,22,23,4,52,207000,1189,279,92
1,SU-14608,0143071485,2021,4,22,23,4,52,207600,1190,279,92
1,SU-14608,0143071485,2021,4,22,23,4,52,208200,1190,279,93
1,SU-14608,0143071485,2021,4,22,23,4,52,208800,1191,279,93
1,SU-14608,0143071485,2021,4,22,23,4,52,209400,1191,279,93
1,SU-14608,0143071485,2021,4,22,23,4,52,210000,1191,279,93
1,SU-14608,0143071485,2021,4,22,23,4,52,210600,1193,279,93
1,SU-14608,0143071485,2021,4,22,23,4,52,211200,1192,279,93
1,SU-14608,0143071485,2021,4,22,23,4,52,211800,1193,279,93
1,SU-14608,0143071485,2021,4,22,23,4,52,212400,1193,279,93
1,SU-14608,0143071485,2021,4,22,23,4,52,213000,1193,279,93
1,SU-14608,0143071485,2021,4,22,23,4,52,213600,1193,279,93
1,SU-14608,0143071485,2021,4,22,23,4,52,214200,1193,279,92
1,SU-14608,0143071485,2021,4,22,23,4,52,214800,1193,279,93
1,SU-14608,0143071485,2021,4,22,23,4,52,215400,1193,279,93
1,SU-14608,0143071485,2021,4,22,23,4,52,216000,1193,279,93
1,SU-14608,0143071485,2021,4,22,23,4,52,216600,1193,279,93
1,SU-14608,0143071485,2021,4,22,23,4,52,217200,1193,279,93
1,SU-14608,0143071485,2021,4,22,23,4,52,217800,1192,279,93
1,SU-14608,0143071485,2021,4,22,23,4,52,218400,1192,279,93
1,SU-14608,0143071485,2021,4,22,23,4,52,219000,1192,279,93
1,SU-14608,0143071485,2021,4,22,23,4,52,219600,1192,279,93
1,SU-14608,0143071485,2021,4,22,23,4,52,220200,1191,279,93
1,SU-14608,0143071485,2021,4,22,23,4,52,220800,1191,279,93
1,SU-14608,0143071485,2021,4,22,23,4,52,221400,1190,279,93
1,SU-14608,0143071485,2021,4,22,23,4,52,222000,1188,279,93
1,SU-14608,0143071485,2021,4,22,23,4,52,222600,1189,279,93
1,SU-14608,0143071485,2021,4,22,23,4,52,223200,1188,279,93
1,SU-14608,0143071485,2021,4,22,23,4,52,223800,1187,279,93
1,SU-14608,0143071485,2021,4,22,23,4,52,224400,1186,279,93
1,SU-14608,0143071485,2021,4,22,23,4,52,225000,1186,279,93
1,SU-14608,0143071485,2021,4,22,23,4,52,225600,1184,279,93
1,SU-14608,0143071485,2021,4,22,23,4,52,226200,1184,279,93
1,SU-14608,0143071485,2021,4,22,23,4,52,226800,1183,279,93
1,SU-14608,0143071485,2021,4,22,23,4,52,227400,1182,279,94
1,SU-14608,0143071485,2021,4,22,23,4,52,228000,1181,279,93
1,SU-14608,0143071485,2021,4,22,23,4,52,228600,1181,279,93
1,SU-14608,0143071485,2021,4,22,23,4,52,229200,1180,279,93
1,SU-14608,0143071485,2021,4,22,23,4,52,229800,1179,279,93
1,SU-14608,0143071485,2021,4,22,23,4,52,230400,1179,279,93
1,SU-14608,0143071485,2021,4,22,23,4,52,231000,1178,279,94
1,SU-14608,0143071485,2021,4,22,23,4,52,231600,1177,279,93
1,SU-14608,0143071485,2021,4,22,23,4,52,232200,1176,279,93
1,SU-14608,0143071485,2021,4,22,23,4,52,232800,1175,279,93
1,SU-14608,0143071485,2021,4,22,23,4,52,233400,1174,279,93
1,SU-14608,0143071485,2021,4,22,23,4,52,234000,1174,279,93
1,SU-14608,0143071485,2021,4,22,23,4,52,234600,1174,279,94
1,SU-14608,0143071485,2021,4,22,23,4,52,235200,1174,279,94
1,SU-14608,0143071485,2021,4,22,23,4,52,235800,1173,279,93
1,SU-14608,0143071485,2021,4,22,23,4,52,236400,1174,279,94
1,SU-14608,0143071485,2021,4,22,23,4,52,237000,1173,279,94
1,SU-14608,0143071485,2021,4,22,23,4,52,237600,1174,279,94
1,SU-14608,0143071485,2021,4,22,23,4,52,238200,1174,279,94
1,SU-14608,0143071485,2021,4,22,23,4,52,238800,1176,279,93
1,SU-14608,0143071485,2021,4,22,23,4,52,239400,1175,279,94
1,SU-14608,0143071485,2021,4,22,23,4,52,240000,1178,279,94
1,SU-14608,0143071485,2021,4,22,23,4,52,240600,1178,279,94
1,SU-14608,0143071485,2021,4,22,23,4,52,241200,1180,279,94
1,SU-14608,0143071485,2021,4,22,23,4,52,241800,1183,279,94
1,SU-14608,0143071485,2021,4,22,23,4,52,242400,1185,279,93
1,SU-14608,0143071485,2021,4,22,23,4,52,243000,1188,279,94
1,SU-14608,0143071485,2021,4,22,23,4,52,243600,1191,279,94
1,SU-14608,0143071485,2021,4,22,23,4,52,244200,1195,279,95
1,SU-14608,0143071485,2021,4,22,23,4,52,244800,1199,279,94
1,SU-14608,0143071485,2021,4,22,23,4,52,245400,1202,279,95
1,SU-14608,0143071485,2021,4,22,23,4,52,246000,1206,279,94
1,SU-14608,0143071485,2021,4,22,23,4,52,246600,1211,279,94
1,SU-14608,0143071485,2021,4,22,23,4,52,247200,1215,279,94
1,SU-14608,0143071485,2021,4,22,23,4,52,247800,1220,279,94
1,SU-14608,0143071485,2021,4,22,23,4,52,248400,1226,279,94
1,SU-14608,0143071485,2021,4,22,23,4,52,249000,1231,279,94
1,SU-14608,0143071485,2021,4,22,23,4,52,249600,1237,279,94
1,SU-14608,0143071485,2021,4,22,23,4,52,250200,1244,279,95
1,SU-14608,0143071485,2021,4,22,23,4,52,250800,1253,279,94
1,SU-14608,0143071485,2021,4,22,23,4,52,251400,1261,279,93
1,SU-14608,0143071485,2021,4,22,23,4,52,252000,1269,279,94
1,SU-14608,0143071485,2021,4,22,23,4,52,252600,1278,279,94
1,SU-14608,0143071485,2021,4,22,23,4,52,253200,1288,279,94
1,SU-14608,0143071485,2021,4,22,23,4,52,253800,1298,279,93
1,SU-14608,0143071485,2021,4,22,23,4,52,254400,1308,279,94
1,SU-14608,0143071485,2021,4,22,23,4,52,255000,1320,279,93
1,SU-14608,0143071485,2021,4,22,23,4,52,255600,1328,279,93
1,SU-14608,0143071485,2021,4,22,23,4,52,256200,1333,279,93
1,SU-14608,0143071485,2021,4,22,23,4,52,256800,1336,279,93
1,SU-14608,0143071485,2021,4,22,23,4,52,257400,1337,279,93
1,SU-14608,0143071485,2021,4,22,23,4,52,258000,1338,279,93
1,SU-14608,0143071485,2021,4,22,23,4,52,258600,1339,279,94
1,SU-14608,0143071485,2021,4,22,23,4,52,259200,1339,279,93
1,SU-14608,0143071485,2021,4,22,23,4,52,259800,1338,279,93
1,SU-14608,0143071485,2021,4,22,23,4,52,260400,1340,279,93
1,SU-14608,0143071485,2021,4,22,23,4,52,261000,1340,279,94
1,SU-14608,0143071485,2021,4,22,23,4,52,261600,1341,279,93
1,SU-14608,0143071485,2021,4,22,23,4,52,262200,1342,279,93
1,SU-14608,0143071485,2021,4,22,23,4,52,262800,1343,279,93
1,SU-14608,0143071485,2021,4,22,23,4,52,263400,1345,279,93
1,SU-14608,0143071485,2021,4,22,23,4,52,264000,1346,279,93
1,SU-14608,0143071485,2021,4,22,23,4,52,264600,1348,279,93
1,SU-14608,0143071485,2021,4,22,23,4,52,265200,1348,279,93
1,SU-14608,0143071485,2021,4,22,23,4,52,265800,1350,279,93
1,SU-14608,0143071485,2021,4,22,23,4,52,266400,1351,279,93
1,SU-14608,0143071485,2021,4,22,23,4,52,267000,1352,279,93
1,SU-14608,0143071485,2021,4,22,23,4,52,267600,1352,279,93
1,SU-14608,0143071485,2021,4,22,23,4,52,268200,1353,279,93
1,SU-14608,0143071485,2021,4,22,23,4,52,268800,1354,279,93
1,SU-14608,0143071485,2021,4,22,23,4,52,269400,1354,279,93
1,SU-14608,0143071485,2021,4,22,23,4,52,270000,1355,279,93
1,SU-14608,0143071485,2021,4,22,23,4,52,270600,1355,279,94
1,SU-14608,0143071485,2021,4,22,23,4,52,271200,1357,279,94
1,SU-14608,0143071485,2021,4,22,23,4,52,271800,1357,279,94
1,SU-14608,0143071485,2021,4,22,23,4,52,272400,1359,279,94
1,SU-14608,0143071485,2021,4,22,23,4,52,273000,1358,279,94
1,SU-14608,0143071485,2021,4,22,23,4,52,273600,1358,279,94
1,SU-14608,0143071485,2021,4,22,23,4,52,274200,1358,279,94
1,SU-14608,0143071485,2021,4,22,23,4,52,274800,1359,279,94
1,SU-14608,0143071485,2021,4,22,23,4,52,275400,1359,279,94
1,SU-14608,0143071485,2021,4,22,23,4,52,276000,1360,279,93
1,SU-14608,0143071485,2021,4,22,23,4,52,276600,1360,279,93
1,SU-14608,0143071485,2021,4,22,23,4,52,277200,1360,279,94
1,SU-14608,0143071485,2021,4,22,23,4,52,277800,1360,279,94
1,SU-14608,0143071485,2021,4,22,23,4,52,278400,1360,279,95
1,SU-14608,0143071485,2021,4,22,23,4,52,279000,1360,279,95
1,SU-14608,0143071485,2021,4,22,23,4,52,279600,1360,279,96
1,SU-14608,0143071485,2021,4,22,23,4,52,280200,1362,279,96
1,SU-14608,0143071485,2021,4,22,23,4,52,280800,1362,279,98
1,SU-14608,0143071485,2021,4,22,23,4,52,281400,1361,279,98
1,SU-14608,0143071485,2021,4,22,23,4,52,282000,1361,279,98
1,SU-14608,0143071485,2021,4,22,23,4,52,282600,1361,279,99
1,SU-14608,0143071485,2021,4,22,23,4,52,283200,1361,280,00
1,SU-14608,0143071485,2021,4,22,23,4,52,283800,1361,280,00
1,SU-14608,0143071485,2021,4,22,23,4,52,284400,1360,280,00
1,SU-14608,0143071485,2021,4,22,23,4,52,285000,1360,280,01
1,SU-14608,0143071485,2021,4,22,23,4,52,285600,1361,280,00
1,SU-14608,0143071485,2021,4,22,23,4,52,286200,1360,280,00
1,SU-14608,0143071485,2021,4,22,23,4,52,286800,1361,280,00
1,SU-14608,0143071485,2021,4,22,23,4,52,287400,1362,280,00
1,SU-14608,0143071485,2021,4,22,23,4,52,288000,1361,280,00
1,SU-14608,0143071485,2021,4,22,23,4,52,288600,1361,279,98
1,SU-14608,0143071485,2021,4,22,23,4,52,289200,1362,279,99
1,SU-14608,0143071485,2021,4,22,23,4,52,289800,1361,279,98
1,SU-14608,0143071485,2021,4,22,23,4,52,290400,1361,279,98
1,SU-14608,0143071485,2021,4,22,23,4,52,291000,1361,279,98
1,SU-14608,0143071485,2021,4,22,23,4,52,291600,1361,279,97
1,SU-14608,0143071485,2021,4,22,23,4,52,292200,1360,279,97
1,SU-14608,0143071485,2021,4,22,23,4,52,292800,1361,279,97
1,SU-14608,0143071485,2021,4,22,23,4,52,293400,1360,279,96
1,SU-14608,0143071485,2021,4,22,23,4,52,294000,1360,279,96
1,SU-14608,0143071485,2021,4,22,23,4,52,294600,1360,279,96
1,SU-14608,0143071485,2021,4,22,23,4,52,295200,1358,279,95
1,SU-14608,0143071485,2021,4,22,23,4,52,295800,1360,279,95
1,SU-14608,0143071485,2021,4,22,23,4,52,296400,1359,279,95
1,SU-14608,0143071485,2021,4,22,23,4,52,297000,1359,279,94
1,SU-14608,0143071485,2021,4,22,23,4,52,297600,1359,279,95
1,SU-14608,0143071485,2021,4,22,23,4,52,298200,1358,279,94
1,SU-14608,0143071485,2021,4,22,23,4,52,298800,1358,279,95
1,SU-14608,0143071485,2021,4,22,23,4,52,299400,1358,279,94
1,SU-14608,0143071485,2021,4,22,23,4,52,300000,1357,279,94
1,SU-14608,0143071485,2021,4,22,23,4,52,300600,1357,279,93
1,SU-14608,0143071485,2021,4,22,23,4,52,301200,1357,279,93
1,SU-14608,0143071485,2021,4,22,23,4,52,301800,1357,279,93
1,SU-14608,0143071485,2021,4,22,23,4,52,302400,1356,279,93
1,SU-14608,0143071485,2021,4,22,23,4,52,303000,1355,279,93
1,SU-14608,0143071485,2021,4,22,23,4,52,303600,1356,279,93
1,SU-14608,0143071485,2021,4,22,23,4,52,304200,1355,279,93
1,SU-14608,0143071485,2021,4,22,23,4,52,304800,1355,279,93
1,SU-14608,0143071485,2021,4,22,23,4,52,305400,1354,279,93
1,SU-14608,0143071485,2021,4,22,23,4,52,306000,1354,279,93
1,SU-14608,0143071485,2021,4,22,23,4,52,306600,1354,279,92
1,SU-14608,0143071485,2021,4,22,23,4,52,307200,1354,279,92
1,SU-14608,0143071485,2021,4,22,23,4,52,307800,1355,279,92
1,SU-14608,0143071485,2021,4,22,23,4,52,308400,1354,279,92
1,SU-14608,0143071485,2021,4,22,23,4,52,309000,1353,279,91
1,SU-14608,0143071485,2021,4,22,23,4,52,309600,1353,279,91
1,SU-14608,0143071485,2021,4,22,23,4,52,310200,1354,279,92
1,SU-14608,0143071485,2021,4,22,23,4,52,310800,1354,279,92
1,SU-14608,0143071485,2021,4,22,23,4,52,311400,1354,279,92
1,SU-14608,0143071485,2021,4,22,23,4,52,312000,1354,279,91
1,SU-14608,0143071485,2021,4,22,23,4,52,312600,1355,279,90
1,SU-14608,0143071485,2021,4,22,23,4,52,313200,1355,279,92
1,SU-14608,0143071485,2021,4,22,23,4,52,313800,1355,279,91
1,SU-14608,0143071485,2021,4,22,23,4,52,314400,1357,279,91
1,SU-14608,0143071485,2021,4,22,23,4,52,315000,1357,279,91
1,SU-14608,0143071485,2021,4,22,23,4,52,315600,1357,279,90
1,SU-14608,0143071485,2021,4,22,23,4,52,316200,1358,279,90
1,SU-14608,0143071485,2021,4,22,23,4,52,316800,1358,279,91
1,SU-14608,0143071485,2021,4,22,23,4,52,317400,1360,279,91
1,SU-14608,0143071485,2021,4,22,23,4,52,318000,1360,279,90
1,SU-14608,0143071485,2021,4,22,23,4,52,318600,1361,279,90
1,SU-14608,0143071485,2021,4,22,23,4,52,319200,1361,279,90
1,SU-14608,0143071485,2021,4,22,23,4,52,319800,1363,279,90
1,SU-14608,0143071485,2021,4,22,23,4,52,320400,1362,279,90
1,SU-14608,0143071485,2021,4,22,23,4,52,321000,1363,279,90
1,SU-14608,0143071485,2021,4,22,23,4,52,321600,1365,279,90
1,SU-14608,0143071485,2021,4,22,23,4,52,322200,1366,279,90
1,SU-14608,0143071485,2021,4,22,23,4,52,322800,1368,279,90
1,SU-14608,0143071485,2021,4,22,23,4,52,323400,1370,279,90
1,SU-14608,0143071485,2021,4,22,23,4,52,324000,1373,279,90
1,SU-14608,0143071485,2021,4,22,23,4,52,324600,1376,279,90
1,SU-14608,0143071485,2021,4,22,23,4,52,325200,1380,279,90
1,SU-14608,0143071485,2021,4,22,23,4,52,325800,1383,279,90
1,SU-14608,0143071485,2021,4,22,23,4,52,326400,1386,279,89
1,SU-14608,0143071485,2021,4,22,23,4,52,327000,1388,279,89
1,SU-14608,0143071485,2021,4,22,23,4,52,327600,1391,279,89
1,SU-14608,0143071485,2021,4,22,23,4,52,328200,1394,279,89
1,SU-14608,0143071485,2021,4,22,23,4,52,328800,1396,279,89
1,SU-14608,0143071485,2021,4,22,23,4,52,329400,1399,279,89
1,SU-14608,0143071485,2021,4,22,23,4,52,330000,1400,279,89
1,SU-14608,0143071485,2021,4,22,23,4,52,330600,1402,279,89
1,SU-14608,0143071485,2021,4,22,23,4,52,331200,1404,279,88
1,SU-14608,0143071485,2021,4,22,23,4,52,331800,1405,279,88
1,SU-14608,0143071485,2021,4,22,23,4,52,332400,1408,279,88
1,SU-14608,0143071485,2021,4,22,23,4,52,333000,1409,279,89
1,SU-14608,0143071485,2021,4,22,23,4,52,333600,1410,279,87
1,SU-14608,0143071485,2021,4,22,23,4,52,334200,1412,279,87
1,SU-14608,0143071485,2021,4,22,23,4,52,334800,1413,279,87
1,SU-14608,0143071485,2021,4,22,23,4,52,335400,1415,279,87
1,SU-14608,0143071485,2021,4,22,23,4,52,336000,1416,279,87
1,SU-14608,0143071485,2021,4,22,23,4,52,336600,1417,279,87
1,SU-14608,0143071485,2021,4,22,23,4,52,337200,1418,279,87
1,SU-14608,0143071485,2021,4,22,23,4,52,337800,1419,279,87
1,SU-14608,0143071485,2021,4,22,23,4,52,338400,1421,279,86
1,SU-14608,0143071485,2021,4,22,23,4,52,339000,1422,279,86
1,SU-14608,0143071485,2021,4,22,23,4,52,339600,1423,279,85
1,SU-14608,0143071485,2021,4,22,23,4,52,340200,1425,279,86
1,SU-14608,0143071485,2021,4,22,23,4,52,340800,1425,279,85
1,SU-14608,0143071485,2021,4,22,23,4,52,341400,1427,279,86
1,SU-14608,0143071485,2021,4,22,23,4,52,342000,1428,279,85
1,SU-14608,0143071485,2021,4,22,23,4,52,342600,1429,279,84
1,SU-14608,0143071485,2021,4,22,23,4,52,343200,1430,279,84
1,SU-14608,0143071485,2021,4,22,23,4,52,343800,1432,279,84
1,SU-14608,0143071485,2021,4,22,23,4,52,344400,1432,279,84
1,SU-14608,0143071485,2021,4,22,23,4,52,345000,1434,279,84
1,SU-14608,0143071485,2021,4,22,23,4,52,345600,1434,279,83
1,SU-14608,0143071485,2021,4,22,23,4,52,346200,1434,279,83
1,SU-14608,0143071485,2021,4,22,23,4,52,346800,1434,279,82
1,SU-14608,0143071485,2021,4,22,23,4,52,347400,1435,279,82
1,SU-14608,0143071485,2021,4,22,23,4,52,348000,1435,279,82
1,SU-14608,0143071485,2021,4,22,23,4,52,348600,1436,279,82
1,SU-14608,0143071485,2021,4,22,23,4,52,349200,1437,279,81
1,SU-14608,0143071485,2021,4,22,23,4,52,349800,1438,279,81
1,SU-14608,0143071485,2021,4,22,23,4,52,350400,1437,279,81
1,SU-14608,0143071485,2021,4,22,23,4,52,351000,1437,279,81
1,SU-14608,0143071485,2021,4,22,23,4,52,351600,1437,279,81
1,SU-14608,0143071485,2021,4,22,23,4,52,352200,1438,279,81
1,SU-14608,0143071485,2021,4,22,23,4,52,352800,1439,279,80
1,SU-14608,0143071485,2021,4,22,23,4,52,353400,1439,279,81
1,SU-14608,0143071485,2021,4,22,23,4,52,354000,1439,279,79
1,SU-14608,0143071485,2021,4,22,23,4,52,354600,1439,279,80
1,SU-14608,0143071485,2021,4,22,23,4,52,355200,1440,279,79
1,SU-14608,0143071485,2021,4,22,23,4,52,355800,1440,279,79
1,SU-14608,0143071485,2021,4,22,23,4,52,356400,1440,279,79
1,SU-14608,0143071485,2021,4,22,23,4,52,357000,1441,279,79
1,SU-14608,0143071485,2021,4,22,23,4,52,357600,1441,279,79
1,SU-14608,0143071485,2021,4,22,23,4,52,358200,1442,279,79
1,SU-14608,0143071485,2021,4,22,23,4,52,358800,1441,279,78
1,SU-14608,0143071485,2021,4,22,23,4,52,359400,1442,279,79
1,SU-14608,0143071485,2021,4,22,23,4,52,360000,1442,279,78
1,SU-14608,0143071485,2021,4,22,23,4,52,360600,1442,279,79
1,SU-14608,0143071485,2021,4,22,23,4,52,361200,1442,279,79
1,SU-14608,0143071485,2021,4,22,23,4,52,361800,1443,279,78
1,SU-14608,0143071485,2021,4,22,23,4,52,362400,1443,279,79
1,SU-14608,0143071485,2021,4,22,23,4,52,363000,1443,279,79
1,SU-14608,0143071485,2021,4,22,23,4,52,363600,1443,279,78
1,SU-14608,0143071485,2021,4,22,23,4,52,364200,1443,279,78
1,SU-14608,0143071485,2021,4,22,23,4,52,364800,1443,279,79
1,SU-14608,0143071485,2021,4,22,23,4,52,365400,1443,279,79
1,SU-14608,0143071485,2021,4,22,23,4,52,366000,1443,279,79
1,SU-14608,0143071485,2021,4,22,23,4,52,366600,1443,279,79
1,SU-14608,0143071485,2021,4,22,23,4,52,367200,1442,279,79
1,SU-14608,0143071485,2021,4,22,23,4,52,367800,1442,279,79
1,SU-14608,0143071485,2021,4,22,23,4,52,368400,1442,279,78
1,SU-14608,0143071485,2021,4,22,23,4,52,369000,1442,279,79
1,SU-14608,0143071485,2021,4,22,23,4,52,369600,1442,279,79
1,SU-14608,0143071485,2021,4,22,23,4,52,370200,1442,279,79
1,SU-14608,0143071485,2021,4,22,23,4,52,370800,1441,279,78
1,SU-14608,0143071485,2021,4,22,23,4,52,371400,1441,279,78
1,SU-14608,0143071485,2021,4,22,23,4,52,372000,1441,279,78
1,SU-14608,0143071485,2021,4,22,23,4,52,372600,1440,279,78
1,SU-14608,0143071485,2021,4,22,23,4,52,373200,1440,279,78
1,SU-14608,0143071485,2021,4,22,23,4,52,373800,1440,279,79
1,SU-14608,0143071485,2021,4,22,23,4,52,374400,1439,279,79
1,SU-14608,0143071485,2021,4,22,23,4,52,375000,1438,279,79
1,SU-14608,0143071485,2021,4,22,23,4,52,375600,1438,279,79
1,SU-14608,0143071485,2021,4,22,23,4,52,376200,1437,279,79
1,SU-14608,0143071485,2021,4,22,23,4,52,376800,1436,279,79
1,SU-14608,0143071485,2021,4,22,23,4,52,377400,1436,279,79
1,SU-14608,0143071485,2021,4,22,23,4,52,378000,1435,279,79
1,SU-14608,0143071485,2021,4,22,23,4,52,378600,1435,279,80
1,SU-14608,0143071485,2021,4,22,23,4,52,379200,1434,279,80
1,SU-14608,0143071485,2021,4,22,23,4,52,379800,1434,279,80
1,SU-14608,0143071485,2021,4,22,23,4,52,380400,1434,279,81
1,SU-14608,0143071485,2021,4,22,23,4,52,381000,1433,279,81
1,SU-14608,0143071485,2021,4,22,23,4,52,381600,1431,279,81
1,SU-14608,0143071485,2021,4,22,23,4,52,382200,1432,279,81
1,SU-14608,0143071485,2021,4,22,23,4,52,382800,1430,279,81
1,SU-14608,0143071485,2021,4,22,23,4,52,383400,1430,279,82
1,SU-14608,0143071485,2021,4,22,23,4,52,384000,1429,279,82
1,SU-14608,0143071485,2021,4,22,23,4,52,384600,1428,279,83
1,SU-14608,0143071485,2021,4,22,23,4,52,385200,1427,279,83
1,SU-14608,0143071485,2021,4,22,23,4,52,385800,1427,279,84
1,SU-14608,0143071485,2021,4,22,23,4,52,386400,1425,279,84
1,SU-14608,0143071485,2021,4,22,23,4,52,387000,1426,279,85
1,SU-14608,0143071485,2021,4,22,23,4,52,387600,1425,279,85
1,SU-14608,0143071485,2021,4,22,23,4,52,388200,1423,279,85
1,SU-14608,0143071485,2021,4,22,23,4,52,388800,1423,279,86
1,SU-14608,0143071485,2021,4,22,23,4,52,389400,1422,279,86
1,SU-14608,0143071485,2021,4,22,23,4,52,390000,1421,279,86
1,SU-14608,0143071485,2021,4,22,23,4,52,390600,1421,279,87
1,SU-14608,0143071485,2021,4,22,23,4,52,391200,1420,279,87
1,SU-14608,0143071485,2021,4,22,23,4,52,391800,1419,279,87
1,SU-14608,0143071485,2021,4,22,23,4,52,392400,1418,279,88
1,SU-14608,0143071485,2021,4,22,23,4,52,393000,1417,279,89
1,SU-14608,0143071485,2021,4,22,23,4,52,393600,1416,279,89
1,SU-14608,0143071485,2021,4,22,23,4,52,394200,1416,279,88
1,SU-14608,0143071485,2021,4,22,23,4,52,394800,1415,279,90
1,SU-14608,0143071485,2021,4,22,23,4,52,395400,1415,279,90
1,SU-14608,0143071485,2021,4,22,23,4,52,396000,1414,279,90
1,SU-14608,0143071485,2021,4,22,23,4,52,396600,1413,279,91
1,SU-14608,0143071485,2021,4,22,23,4,52,397200,1412,279,90
1,SU-14608,0143071485,2021,4,22,23,4,52,397800,1412,279,91
1,SU-14608,0143071485,2021,4,22,23,4,52,398400,1411,279,91
1,SU-14608,0143071485,2021,4,22,23,4,52,399000,1410,279,92
1,SU-14608,0143071485,2021,4,22,23,4,52,399600,1409,279,91
1,SU-14608,0143071485,2021,4,22,23,4,52,400200,1409,279,92
1,SU-14608,0143071485,2021,4,22,23,4,52,400800,1408,279,92
1,SU-14608,0143071485,2021,4,22,23,4,52,401400,1408,279,93
1,SU-14608,0143071485,2021,4,22,23,4,52,402000,1407,279,92
1,SU-14608,0143071485,2021,4,22,23,4,52,402600,1406,279,93
1,SU-14608,0143071485,2021,4,22,23,4,52,403200,1407,279,93
1,SU-14608,0143071485,2021,4,22,23,4,52,403800,1406,279,93
1,SU-14608,0143071485,2021,4,22,23,4,52,404400,1405,279,93
1,SU-14608,0143071485,2021,4,22,23,4,52,405000,1405,279,93
1,SU-14608,0143071485,2021,4,22,23,4,52,405600,1405,279,93
1,SU-14608,0143071485,2021,4,22,23,4,52,406200,1405,279,93
1,SU-14608,0143071485,2021,4,22,23,4,52,406800,1404,279,93
1,SU-14608,0143071485,2021,4,22,23,4,52,407400,1405,279,93
1,SU-14608,0143071485,2021,4,22,23,4,52,408000,1404,279,93
1,SU-14608,0143071485,2021,4,22,23,4,52,408600,1404,279,93
1,SU-14608,0143071485,2021,4,22,23,4,52,409200,1404,279,93
1,SU-14608,0143071485,2021,4,22,23,4,52,409800,1405,279,93
1,SU-14608,0143071485,2021,4,22,23,4,52,410400,1405,279,93
1,SU-14608,0143071485,2021,4,22,23,4,52,411000,1404,279,93
1,SU-14608,0143071485,2021,4,22,23,4,52,411600,1405,279,93
1,SU-14608,0143071485,2021,4,22,23,4,52,412200,1405,279,93
1,SU-14608,0143071485,2021,4,22,23,4,52,412800,1405,279,92
1,SU-14608,0143071485,2021,4,22,23,4,52,413400,1406,279,92
1,SU-14608,0143071485,2021,4,22,23,4,52,414000,1405,279,92
1,SU-14608,0143071485,2021,4,22,23,4,52,414600,1406,279,91
1,SU-14608,0143071485,2021,4,22,23,4,52,415200,1407,279,91
1,SU-14608,0143071485,2021,4,22,23,4,52,415800,1407,279,91
1,SU-14608,0143071485,2021,4,22,23,4,52,416400,1407,279,90
1,SU-14608,0143071485,2021,4,22,23,4,52,417000,1407,279,91
1,SU-14608,0143071485,2021,4,22,23,4,52,417600,1407,279,90
1,SU-14608,0143071485,2021,4,22,23,4,52,418200,1407,279,90
1,SU-14608,0143071485,2021,4,22,23,4,52,418800,1408,279,90
1,SU-14608,0143071485,2021,4,22,23,4,52,419400,1409,279,89
1,SU-14608,0143071485,2021,4,22,23,4,52,420000,1409,279,90
1,SU-14608,0143071485,2021,4,22,23,4,52,420600,1410,279,89
1,SU-14608,0143071485,2021,4,22,23,4,52,421200,1410,279,89
1,SU-14608,0143071485,2021,4,22,23,4,52,421800,1410,279,89
1,SU-14608,0143071485,2021,4,22,23,4,52,422400,1410,279,88
1,SU-14608,0143071485,2021,4,22,23,4,52,423000,1411,279,87
1,SU-14608,0143071485,2021,4,22,23,4,52,423600,1411,279,87
1,SU-14608,0143071485,2021,4,22,23,4,52,424200,1412,279,87
1,SU-14608,0143071485,2021,4,22,23,4,52,424800,1412,279,87
1,SU-14608,0143071485,2021,4,22,23,4,52,425400,1413,279,87
1,SU-14608,0143071485,2021,4,22,23,4,52,426000,1412,279,87
1,SU-14608,0143071485,2021,4,22,23,4,52,426600,1413,279,87
1,SU-14608,0143071485,2021,4,22,23,4,52,427200,1413,279,87
1,SU-14608,0143071485,2021,4,22,23,4,52,427800,1414,279,87
1,SU-14608,0143071485,2021,4,22,23,4,52,428400,1413,279,87
1,SU-14608,0143071485,2021,4,22,23,4,52,429000,1414,279,87
1,SU-14608,0143071485,2021,4,22,23,4,52,429600,1415,279,86
1,SU-14608,0143071485,2021,4,22,23,4,52,430200,1414,279,86
1,SU-14608,0143071485,2021,4,22,23,4,52,430800,1416,279,86
1,SU-14608,0143071485,2021,4,22,23,4,52,431400,1415,279,87
1,SU-14608,0143071485,2021,4,22,23,4,52,432000,1416,279,87
1,SU-14608,0143071485,2021,4,22,23,4,52,432600,1416,279,87
1,SU-14608,0143071485,2021,4,22,23,4,52,433200,1415,279,86
1,SU-14608,0143071485,2021,4,22,23,4,52,433800,1416,279,86
1,SU-14608,0143071485,2021,4,22,23,4,52,434400,1415,279,86
1,SU-14608,0143071485,2021,4,22,23,4,52,435000,1416,279,86
1,SU-14608,0143071485,2021,4,22,23,4,52,435600,1415,279,86
1,SU-14608,0143071485,2021,4,22,23,4,52,436200,1415,279,85
1,SU-14608,0143071485,2021,4,22,23,4,52,436800,1415,279,85
1,SU-14608,0143071485,2021,4,22,23,4,52,437400,1415,279,85
1,SU-14608,0143071485,2021,4,22,23,4,52,438000,1415,279,85
1,SU-14608,0143071485,2021,4,22,23,4,52,438600,1415,279,85
1,SU-14608,0143071485,2021,4,22,23,4,52,439200,1415,279,85
1,SU-14608,0143071485,2021,4,22,23,4,52,439800,1415,279,85
1,SU-14608,0143071485,2021,4,22,23,4,52,440400,1414,279,86
1,SU-14608,0143071485,2021,4,22,23,4,52,441000,1414,279,85
1,SU-14608,0143071485,2021,4,22,23,4,52,441600,1414,279,86
1,SU-14608,0143071485,2021,4,22,23,4,52,442200,1414,279,85
1,SU-14608,0143071485,2021,4,22,23,4,52,442800,1414,279,86
1,SU-14608,0143071485,2021,4,22,23,4,52,443400,1413,279,86
1,SU-14608,0143071485,2021,4,22,23,4,52,444000,1414,279,86
1,SU-14608,0143071485,2021,4,22,23,4,52,444600,1413,279,86
1,SU-14608,0143071485,2021,4,22,23,4,52,445200,1413,279,86
1,SU-14608,0143071485,2021,4,22,23,4,52,445800,1413,279,87
1,SU-14608,0143071485,2021,4,22,23,4,52,446400,1413,279,87
1,SU-14608,0143071485,2021,4,22,23,4,52,447000,1413,279,86
1,SU-14608,0143071485,2021,4,22,23,4,52,447600,1413,279,87
1,SU-14608,0143071485,2021,4,22,23,4,52,448200,1413,279,87
1,SU-14608,0143071485,2021,4,22,23,4,52,448800,1414,279,87
1,SU-14608,0143071485,2021,4,22,23,4,52,449400,1415,279,87
1,SU-14608,0143071485,2021,4,22,23,4,52,450000,1415,279,87
1,SU-14608,0143071485,2021,4,22,23,4,52,450600,1414,279,87
1,SU-14608,0143071485,2021,4,22,23,4,52,451200,1416,279,88
1,SU-14608,0143071485,2021,4,22,23,4,52,451800,1417,279,87
1,SU-14608,0143071485,2021,4,22,23,4,52,452400,1417,279,88
1,SU-14608,0143071485,2021,4,22,23,4,52,453000,1419,279,87
1,SU-14608,0143071485,2021,4,22,23,4,52,453600,1420,279,87
1,SU-14608,0143071485,2021,4,22,23,4,52,454200,1420,279,88
1,SU-14608,0143071485,2021,4,22,23,4,52,454800,1422,279,87
1,SU-14608,0143071485,2021,4,22,23,4,52,455400,1422,279,87
1,SU-14608,0143071485,2021,4,22,23,4,52,456000,1424,279,87
1,SU-14608,0143071485,2021,4,22,23,4,52,456600,1424,279,87
1,SU-14608,0143071485,2021,4,22,23,4,52,457200,1425,279,87
1,SU-14608,0143071485,2021,4,22,23,4,52,457800,1426,279,88
1,SU-14608,0143071485,2021,4,22,23,4,52,458400,1427,279,87
1,SU-14608,0143071485,2021,4,22,23,4,52,459000,1428,279,87
1,SU-14608,0143071485,2021,4,22,23,4,52,459600,1429,279,87
1,SU-14608,0143071485,2021,4,22,23,4,52,460200,1431,279,87
1,SU-14608,0143071485,2021,4,22,23,4,52,460800,1431,279,86
1,SU-14608,0143071485,2021,4,22,23,4,52,461400,1431,279,87
1,SU-14608,0143071485,2021,4,22,23,4,52,462000,1433,279,86
1,SU-14608,0143071485,2021,4,22,23,4,52,462600,1434,279,85
1,SU-14608,0143071485,2021,4,22,23,4,52,463200,1434,279,86
1,SU-14608,0143071485,2021,4,22,23,4,52,463800,1434,279,85
1,SU-14608,0143071485,2021,4,22,23,4,52,464400,1435,279,86
1,SU-14608,0143071485,2021,4,22,23,4,52,465000,1435,279,86
1,SU-14608,0143071485,2021,4,22,23,4,52,465600,1437,279,85
1,SU-14608,0143071485,2021,4,22,23,4,52,466200,1437,279,86
1,SU-14608,0143071485,2021,4,22,23,4,52,466800,1438,279,84
1,SU-14608,0143071485,2021,4,22,23,4,52,467400,1438,279,85
1,SU-14608,0143071485,2021,4,22,23,4,52,468000,1437,279,85
1,SU-14608,0143071485,2021,4,22,23,4,52,468600,1438,279,86
1,SU-14608,0143071485,2021,4,22,23,4,52,469200,1438,279,85
1,SU-14608,0143071485,2021,4,22,23,4,52,469800,1439,279,86
1,SU-14608,0143071485,2021,4,22,23,4,52,470400,1440,279,86
1,SU-14608,0143071485,2021,4,22,23,4,52,471000,1440,279,85
1,SU-14608,0143071485,2021,4,22,23,4,52,471600,1439,279,85
1,SU-14608,0143071485,2021,4,22,23,4,52,472200,1440,279,85
1,SU-14608,0143071485,2021,4,22,23,4,52,472800,1440,279,85
1,SU-14608,0143071485,2021,4,22,23,4,52,473400,1441,279,85
1,SU-14608,0143071485,2021,4,22,23,4,52,474000,1440,279,85
1,SU-14608,0143071485,2021,4,22,23,4,52,474600,1441,279,85
1,SU-14608,0143071485,2021,4,22,23,4,52,475200,1441,279,85
1,SU-14608,0143071485,2021,4,22,23,4,52,475800,1441,279,85
1,SU-14608,0143071485,2021,4,22,23,4,52,476400,1442,279,85
1,SU-14608,0143071485,2021,4,22,23,4,52,477000,1441,279,85
1,SU-14608,0143071485,2021,4,22,23,4,52,477600,1441,279,85
1,SU-14608,0143071485,2021,4,22,23,4,52,478200,1441,279,86
1,SU-14608,0143071485,2021,4,22,23,4,52,478800,1440,279,86
1,SU-14608,0143071485,2021,4,22,23,4,52,479400,1440,279,86
1,SU-14608,0143071485,2021,4,22,23,4,52,480000,1441,279,86
1,SU-14608,0143071485,2021,4,22,23,4,52,480600,1440,279,85
1,SU-14608,0143071485,2021,4,22,23,4,52,481200,1440,279,86
1,SU-14608,0143071485,2021,4,22,23,4,52,481800,1440,279,85
1,SU-14608,0143071485,2021,4,22,23,4,52,482400,1441,279,86
1,SU-14608,0143071485,2021,4,22,23,4,52,483000,1440,279,86
1,SU-14608,0143071485,2021,4,22,23,4,52,483600,1440,279,87
1,SU-14608,0143071485,2021,4,22,23,4,52,484200,1440,279,87
1,SU-14608,0143071485,2021,4,22,23,4,52,484800,1440,279,87
1,SU-14608,0143071485,2021,4,22,23,4,52,485400,1440,279,88
1,SU-14608,0143071485,2021,4,22,23,4,52,486000,1440,279,88
1,SU-14608,0143071485,2021,4,22,23,4,52,486600,1440,279,88
1,SU-14608,0143071485,2021,4,22,23,4,52,487200,1441,279,89
1,SU-14608,0143071485,2021,4,22,23,4,52,487800,1441,279,89
1,SU-14608,0143071485,2021,4,22,23,4,52,488400,1440,279,89
1,SU-14608,0143071485,2021,4,22,23,4,52,489000,1442,279,90
1,SU-14608,0143071485,2021,4,22,23,4,52,489600,1442,279,90
1,SU-14608,0143071485,2021,4,22,23,4,52,490200,1443,279,90
1,SU-14608,0143071485,2021,4,22,23,4,52,490800,1443,279,90
1,SU-14608,0143071485,2021,4,22,23,4,52,491400,1444,279,90
1,SU-14608,0143071485,2021,4,22,23,4,52,492000,1444,279,90
1,SU-14608,0143071485,2021,4,22,23,4,52,492600,1445,279,89
1,SU-14608,0143071485,2021,4,22,23,4,52,493200,1475,279,89
1,SU-14608,0143071485,2021,4,22,23,4,52,493800,1501,279,88
1,SU-14608,0143071485,2021,4,22,23,4,52,494400,1515,279,89
1,SU-14608,0143071485,2021,4,22,23,4,52,495000,1525,279,92
1,SU-14608,0143071485,2021,4,22,23,4,52,495600,1534,279,93
1,SU-14608,0143071485,2021,4,22,23,4,52,496200,1540,279,92
1,SU-14608,0143071485,2021,4,22,23,4,52,496800,1548,279,90
1,SU-14608,0143071485,2021,4,22,23,4,52,497400,1554,279,90
1,SU-14608,0143071485,2021,4,22,23,4,52,498000,1559,279,88
1,SU-14608,0143071485,2021,4,22,23,4,52,498600,1564,279,87
1,SU-14608,0143071485,2021,4,22,23,4,52,499200,1568,279,87
1,SU-14608,0143071485,2021,4,22,23,4,52,499800,1572,279,87
1,SU-14608,0143071485,2021,4,22,23,4,52,500400,1575,279,87
1,SU-14608,0143071485,2021,4,22,23,4,52,501000,1577,279,86
1,SU-14608,0143071485,2021,4,22,23,4,52,501600,1580,279,87
1,SU-14608,0143071485,2021,4,22,23,4,52,502200,1582,279,87
1,SU-14608,0143071485,2021,4,22,23,4,52,502800,1583,279,87
1,SU-14608,0143071485,2021,4,22,23,4,52,503400,1585,279,87
1,SU-14608,0143071485,2021,4,22,23,4,52,504000,1585,279,88
1,SU-14608,0143071485,2021,4,22,23,4,52,504600,1585,279,88
1,SU-14608,0143071485,2021,4,22,23,4,52,505200,1586,279,89
1,SU-14608,0143071485,2021,4,22,23,4,52,505800,1586,279,89
1,SU-14608,0143071485,2021,4,22,23,4,52,506400,1586,279,90
1,SU-14608,0143071485,2021,4,22,23,4,52,507000,1585,279,90
1,SU-14608,0143071485,2021,4,22,23,4,52,507600,1584,279,90
1,SU-14608,0143071485,2021,4,22,23,4,52,508200,1583,279,90
1,SU-14608,0143071485,2021,4,22,23,4,52,508800,1581,279,90
1,SU-14608,0143071485,2021,4,22,23,4,52,509400,1579,279,90
1,SU-14608,0143071485,2021,4,22,23,4,52,510000,1577,279,90
1,SU-14608,0143071485,2021,4,22,23,4,52,510600,1575,279,90
1,SU-14608,0143071485,2021,4,22,23,4,52,511200,1572,279,90
1,SU-14608,0143071485,2021,4,22,23,4,52,511800,1569,279,90
1,SU-14608,0143071485,2021,4,22,23,4,52,512400,1568,279,91
1,SU-14608,0143071485,2021,4,22,23,4,52,513000,1564,279,90
1,SU-14608,0143071485,2021,4,22,23,4,52,513600,1562,279,90
1,SU-14608,0143071485,2021,4,22,23,4,52,514200,1558,279,91
1,SU-14608,0143071485,2021,4,22,23,4,52,514800,1554,279,91
1,SU-14608,0143071485,2021,4,22,23,4,52,515400,1551,279,91
1,SU-14608,0143071485,2021,4,22,23,4,52,516000,1548,279,91
1,SU-14608,0143071485,2021,4,22,23,4,52,516600,1545,279,92
1,SU-14608,0143071485,2021,4,22,23,4,52,517200,1541,279,91
1,SU-14608,0143071485,2021,4,22,23,4,52,517800,1539,279,91
1,SU-14608,0143071485,2021,4,22,23,4,52,518400,1535,279,92
1,SU-14608,0143071485,2021,4,22,23,4,52,519000,1533,279,92
1,SU-14608,0143071485,2021,4,22,23,4,52,519600,1530,279,93
1,SU-14608,0143071485,2021,4,22,23,4,52,520200,1527,279,93
1,SU-14608,0143071485,2021,4,22,23,4,52,520800,1524,279,92
1,SU-14608,0143071485,2021,4,22,23,4,52,521400,1523,279,93
1,SU-14608,0143071485,2021,4,22,23,4,52,522000,1521,279,92
1,SU-14608,0143071485,2021,4,22,23,4,52,522600,1520,279,93
1,SU-14608,0143071485,2021,4,22,23,4,52,523200,1519,279,93
1,SU-14608,0143071485,2021,4,22,23,4,52,523800,1519,279,93
1,SU-14608,0143071485,2021,4,22,23,4,52,524400,1520,279,93
1,SU-14608,0143071485,2021,4,22,23,4,52,525000,1521,279,94
1,SU-14608,0143071485,2021,4,22,23,4,52,525600,1521,279,94
1,SU-14608,0143071485,2021,4,22,23,4,52,526200,1525,279,94
1,SU-14608,0143071485,2021,4,22,23,4,52,526800,1528,279,93
1,SU-14608,0143071485,2021,4,22,23,4,52,527400,1531,279,94
1,SU-14608,0143071485,2021,4,22,23,4,52,528000,1535,279,95
1,SU-14608,0143071485,2021,4,22,23,4,52,528600,1539,279,94
1,SU-14608,0143071485,2021,4,22,23,4,52,529200,1544,279,95
1,SU-14608,0143071485,2021,4,22,23,4,52,529800,1548,279,95
1,SU-14608,0143071485,2021,4,22,23,4,52,530400,1554,279,95
1,SU-14608,0143071485,2021,4,22,23,4,52,531000,1560,279,95
1,SU-14608,0143071485,2021,4,22,23,4,52,531600,1566,279,95
1,SU-14608,0143071485,2021,4,22,23,4,52,532200,1572,279,96
1,SU-14608,0143071485,2021,4,22,23,4,52,532800,1577,279,96
1,SU-14608,0143071485,2021,4,22,23,4,52,533400,1584,279,97
1,SU-14608,0143071485,2021,4,22,23,4,52,534000,1590,279,97
1,SU-14608,0143071485,2021,4,22,23,4,52,534600,1597,279,97
1,SU-14608,0143071485,2021,4,22,23,4,52,535200,1602,279,98
1,SU-14608,0143071485,2021,4,22,23,4,52,535800,1606,279,98
1,SU-14608,0143071485,2021,4,22,23,4,52,536400,1611,279,98
1,SU-14608,0143071485,2021,4,22,23,4,52,537000,1615,279,98
1,SU-14608,0143071485,2021,4,22,23,4,52,537600,1617,279,99
1,SU-14608,0143071485,2021,4,22,23,4,52,538200,1619,279,98
1,SU-14608,0143071485,2021,4,22,23,4,52,538800,1621,279,99
1,SU-14608,0143071485,2021,4,22,23,4,52,539400,1622,279,98
1,SU-14608,0143071485,2021,4,22,23,4,52,540000,1622,279,99
1,SU-14608,0143071485,2021,4,22,23,4,52,540600,1621,279,98
1,SU-14608,0143071485,2021,4,22,23,4,52,541200,1621,279,98
1,SU-14608,0143071485,2021,4,22,23,4,52,541800,1620,279,99
1,SU-14608,0143071485,2021,4,22,23,4,52,542400,1618,279,98
1,SU-14608,0143071485,2021,4,22,23,4,52,543000,1618,279,99
1,SU-14608,0143071485,2021,4,22,23,4,52,543600,1617,279,99
1,SU-14608,0143071485,2021,4,22,23,4,52,544200,1616,279,99
1,SU-14608,0143071485,2021,4,22,23,4,52,544800,1614,279,99
1,SU-14608,0143071485,2021,4,22,23,4,52,545400,1615,280,00
1,SU-14608,0143071485,2021,4,22,23,4,52,546000,1615,280,00
1,SU-14608,0143071485,2021,4,22,23,4,52,546600,1614,279,99
1,SU-14608,0143071485,2021,4,22,23,4,52,547200,1614,279,98
1,SU-14608,0143071485,2021,4,22,23,4,52,547800,1617,279,98
1,SU-14608,0143071485,2021,4,22,23,4,52,548400,1617,279,98
1,SU-14608,0143071485,2021,4,22,23,4,52,549000,1618,279,98
1,SU-14608,0143071485,2021,4,22,23,4,52,549600,1622,279,98
1,SU-14608,0143071485,2021,4,22,23,4,52,550200,1625,279,98
1,SU-14608,0143071485,2021,4,22,23,4,52,550800,1627,279,98
1,SU-14608,0143071485,2021,4,22,23,4,52,551400,1631,279,98
1,SU-14608,0143071485,2021,4,22,23,4,52,552000,1634,279,98
1,SU-14608,0143071485,2021,4,22,23,4,52,552600,1639,279,98
1,SU-14608,0143071485,2021,4,22,23,4,52,553200,1645,279,98
1,SU-14608,0143071485,2021,4,22,23,4,52,553800,1653,279,98
1,SU-14608,0143071485,2021,4,22,23,4,52,554400,1658,279,98
1,SU-14608,0143071485,2021,4,22,23,4,52,555000,1666,279,97
1,SU-14608,0143071485,2021,4,22,23,4,52,555600,1674,279,97
1,SU-14608,0143071485,2021,4,22,23,4,52,556200,1681,279,97
1,SU-14608,0143071485,2021,4,22,23,4,52,556800,1689,279,96
1,SU-14608,0143071485,2021,4,22,23,4,52,557400,1698,279,97
1,SU-14608,0143071485,2021,4,22,23,4,52,558000,1708,279,96
1,SU-14608,0143071485,2021,4,22,23,4,52,558600,1718,279,95
1,SU-14608,0143071485,2021,4,22,23,4,52,559200,1730,279,95
1,SU-14608,0143071485,2021,4,22,23,4,52,559800,1742,279,95
1,SU-14608,0143071485,2021,4,22,23,4,52,560400,1754,279,95
1,SU-14608,0143071485,2021,4,22,23,4,52,561000,1765,279,96
1,SU-14608,0143071485,2021,4,22,23,4,52,561600,1775,279,95
1,SU-14608,0143071485,2021,4,22,23,4,52,562200,1784,279,95
1,SU-14608,0143071485,2021,4,22,23,4,52,562800,1791,279,95
1,SU-14608,0143071485,2021,4,22,23,4,52,563400,1796,279,95
1,SU-14608,0143071485,2021,4,22,23,4,52,564000,1799,279,95
1,SU-14608,0143071485,2021,4,22,23,4,52,564600,1802,279,95
1,SU-14608,0143071485,2021,4,22,23,4,52,565200,1804,279,95
1,SU-14608,0143071485,2021,4,22,23,4,52,565800,1805,279,96
1,SU-14608,0143071485,2021,4,22,23,4,52,566400,1806,279,95
1,SU-14608,0143071485,2021,4,22,23,4,52,567000,1807,279,95
1,SU-14608,0143071485,2021,4,22,23,4,52,567600,1807,279,95
1,SU-14608,0143071485,2021,4,22,23,4,52,568200,1807,279,96
1,SU-14608,0143071485,2021,4,22,23,4,52,568800,1808,279,97
1,SU-14608,0143071485,2021,4,22,23,4,52,569400,1807,279,97
1,SU-14608,0143071485,2021,4,22,23,4,52,570000,1806,279,97
1,SU-14608,0143071485,2021,4,22,23,4,52,570600,1806,279,98
1,SU-14608,0143071485,2021,4,22,23,4,52,571200,1806,279,97
1,SU-14608,0143071485,2021,4,22,23,4,52,571800,1805,279,98
1,SU-14608,0143071485,2021,4,22,23,4,52,572400,1804,279,98
1,SU-14608,0143071485,2021,4,22,23,4,52,573000,1804,279,98
1,SU-14608,0143071485,2021,4,22,23,4,52,573600,1805,279,98
1,SU-14608,0143071485,2021,4,22,23,4,52,574200,1807,279,98
1,SU-14608,0143071485,2021,4,22,23,4,52,574800,1806,279,98
1,SU-14608,0143071485,2021,4,22,23,4,52,575400,1808,279,98
1,SU-14608,0143071485,2021,4,22,23,4,52,576000,1808,279,98
1,SU-14608,0143071485,2021,4,22,23,4,52,576600,1809,279,98
1,SU-14608,0143071485,2021,4,22,23,4,52,577200,1811,279,98
1,SU-14608,0143071485,2021,4,22,23,4,52,577800,1815,279,98
1,SU-14608,0143071485,2021,4,22,23,4,52,578400,1818,279,98
1,SU-14608,0143071485,2021,4,22,23,4,52,579000,1820,279,99
1,SU-14608,0143071485,2021,4,22,23,4,52,579600,1823,280,00
1,SU-14608,0143071485,2021,4,22,23,4,52,580200,1824,280,00
1,SU-14608,0143071485,2021,4,22,23,4,52,580800,1828,280,00
1,SU-14608,0143071485,2021,4,22,23,4,52,581400,1831,280,01
1,SU-14608,0143071485,2021,4,22,23,4,52,582000,1834,280,01
1,SU-14608,0143071485,2021,4,22,23,4,52,582600,1837,280,02
1,SU-14608,0143071485,2021,4,22,23,4,52,583200,1841,280,03
1,SU-14608,0143071485,2021,4,22,23,4,52,583800,1843,280,03
1,SU-14608,0143071485,2021,4,22,23,4,52,584400,1847,280,04
1,SU-14608,0143071485,2021,4,22,23,4,52,585000,1848,280,04
1,SU-14608,0143071485,2021,4,22,23,4,52,585600,1850,280,04
1,SU-14608,0143071485,2021,4,22,23,4,52,586200,1852,280,04
1,SU-14608,0143071485,2021,4,22,23,4,52,586800,1852,280,04
1,SU-14608,0143071485,2021,4,22,23,4,52,587400,1854,280,04
1,SU-14608,0143071485,2021,4,22,23,4,52,588000,1854,280,05
1,SU-14608,0143071485,2021,4,22,23,4,52,588600,1854,280,05
1,SU-14608,0143071485,2021,4,22,23,4,52,589200,1852,280,05
1,SU-14608,0143071485,2021,4,22,23,4,52,589800,1851,280,05
1,SU-14608,0143071485,2021,4,22,23,4,52,590400,1850,280,06
1,SU-14608,0143071485,2021,4,22,23,4,52,591000,1846,280,06
1,SU-14608,0143071485,2021,4,22,23,4,52,591600,1842,280,07
1,SU-14608,0143071485,2021,4,22,23,4,52,592200,1840,280,07
1,SU-14608,0143071485,2021,4,22,23,4,52,592800,1836,280,07
1,SU-14608,0143071485,2021,4,22,23,4,52,593400,1831,280,07
1,SU-14608,0143071485,2021,4,22,23,4,52,594000,1826,280,08
1,SU-14608,0143071485,2021,4,22,23,4,52,594600,1821,280,08
1,SU-14608,0143071485,2021,4,22,23,4,52,595200,1816,280,08
1,SU-14608,0143071485,2021,4,22,23,4,52,595800,1812,280,09
1,SU-14608,0143071485,2021,4,22,23,4,52,596400,1807,280,09
1,SU-14608,0143071485,2021,4,22,23,4,52,597000,1801,280,09
1,SU-14608,0143071485,2021,4,22,23,4,52,597600,1797,280,09
1,SU-14608,0143071485,2021,4,22,23,4,52,598200,1790,280,10
1,SU-14608,0143071485,2021,4,22,23,4,52,598800,1783,280,10
1,SU-14608,0143071485,2021,4,22,23,4,52,599400,1778,280,09
1,SU-14608,0143071485,2021,4,22,23,4,52,600000,1769,280,11
1,SU-14608,0143071485,2021,4,22,23,4,52,600600,1759,280,11
1,SU-14608,0143071485,2021,4,22,23,4,52,601200,1748,280,12
1,SU-14608,0143071485,2021,4,22,23,4,52,601800,1738,280,12
1,SU-14608,0143071485,2021,4,22,23,4,52,602400,1728,280,12
1,SU-14608,0143071485,2021,4,22,23,4,52,603000,1719,280,12
1,SU-14608,0143071485,2021,4,22,23,4,52,603600,1709,280,13
1,SU-14608,0143071485,2021,4,22,23,4,52,604200,1700,280,13
1,SU-14608,0143071485,2021,4,22,23,4,52,604800,1690,280,14
1,SU-14608,0143071485,2021,4,22,23,4,52,605400,1680,280,15
1,SU-14608,0143071485,2021,4,22,23,4,52,606000,1671,280,15
1,SU-14608,0143071485,2021,4,22,23,4,52,606600,1663,280,26
1,SU-14608,0143071485,2021,4,22,23,4,52,607200,1654,280,15
1,SU-14608,0143071485,2021,4,22,23,4,52,607800,1648,280,26
1,SU-14608,0143071485,2021,4,22,23,4,52,608400,1642,280,26
1,SU-14608,0143071485,2021,4,22,23,4,52,609000,1636,280,26
1,SU-14608,0143071485,2021,4,22,23,4,52,609600,1630,280,27
1,SU-14608,0143071485,2021,4,22,23,4,52,610200,1625,280,28
1,SU-14608,0143071485,2021,4,22,23,4,52,610800,1621,280,28
1,SU-14608,0143071485,2021,4,22,23,4,52,611400,1618,280,29
1,SU-14608,0143071485,2021,4,22,23,4,52,612000,1614,280,30
1,SU-14608,0143071485,2021,4,22,23,4,52,612600,1610,280,29
1,SU-14608,0143071485,2021,4,22,23,4,52,613200,1607,280,30
1,SU-14608,0143071485,2021,4,22,23,4,52,613800,1604,280,30
1,SU-14608,0143071485,2021,4,22,23,4,52,614400,1600,280,30
1,SU-14608,0143071485,2021,4,22,23,4,52,615000,1597,280,31
1,SU-14608,0143071485,2021,4,22,23,4,52,615600,1594,280,32
1,SU-14608,0143071485,2021,4,22,23,4,52,616200,1592,280,32
1,SU-14608,0143071485,2021,4,22,23,4,52,616800,1589,280,32
1,SU-14608,0143071485,2021,4,22,23,4,52,617400,1587,280,32
1,SU-14608,0143071485,2021,4,22,23,4,52,618000,1585,280,33
1,SU-14608,0143071485,2021,4,22,23,4,52,618600,1584,280,33
1,SU-14608,0143071485,2021,4,22,23,4,52,619200,1581,280,33
1,SU-14608,0143071485,2021,4,22,23,4,52,619800,1580,280,33
1,SU-14608,0143071485,2021,4,22,23,4,52,620400,1579,280,34
1,SU-14608,0143071485,2021,4,22,23,4,52,621000,1580,280,35
1,SU-14608,0143071485,2021,4,22,23,4,52,621600,1580,280,35
1,SU-14608,0143071485,2021,4,22,23,4,52,622200,1583,280,35
1,SU-14608,0143071485,2021,4,22,23,4,52,622800,1585,280,35
1,SU-14608,0143071485,2021,4,22,23,4,52,623400,1588,280,35
1,SU-14608,0143071485,2021,4,22,23,4,52,624000,1590,280,35
1,SU-14608,0143071485,2021,4,22,23,4,52,624600,1594,280,35
1,SU-14608,0143071485,2021,4,22,23,4,52,625200,1597,280,37
1,SU-14608,0143071485,2021,4,22,23,4,52,625800,1602,280,36
1,SU-14608,0143071485,2021,4,22,23,4,52,626400,1607,280,36
1,SU-14608,0143071485,2021,4,22,23,4,52,627000,1611,280,36
1,SU-14608,0143071485,2021,4,22,23,4,52,627600,1615,280,37
1,SU-14608,0143071485,2021,4,22,23,4,52,628200,1622,280,36
1,SU-14608,0143071485,2021,4,22,23,4,52,628800,1627,280,37
1,SU-14608,0143071485,2021,4,22,23,4,52,629400,1630,280,36
1,SU-14608,0143071485,2021,4,22,23,4,52,630000,1636,280,36
1,SU-14608,0143071485,2021,4,22,23,4,52,630600,1639,280,36
1,SU-14608,0143071485,2021,4,22,23,4,52,631200,1642,280,37
1,SU-14608,0143071485,2021,4,22,23,4,52,631800,1644,280,37
1,SU-14608,0143071485,2021,4,22,23,4,52,632400,1648,280,37
1,SU-14608,0143071485,2021,4,22,23,4,52,633000,1649,280,37
1,SU-14608,0143071485,2021,4,22,23,4,52,633600,1650,280,37
1,SU-14608,0143071485,2021,4,22,23,4,52,634200,1651,280,37
1,SU-14608,0143071485,2021,4,22,23,4,52,634800,1650,280,37
1,SU-14608,0143071485,2021,4,22,23,4,52,635400,1650,280,38
1,SU-14608,0143071485,2021,4,22,23,4,52,636000,1647,280,38
1,SU-14608,0143071485,2021,4,22,23,4,52,636600,1643,280,37
1,SU-14608,0143071485,2021,4,22,23,4,52,637200,1640,280,39
1,SU-14608,0143071485,2021,4,22,23,4,52,637800,1637,280,38
1,SU-14608,0143071485,2021,4,22,23,4,52,638400,1632,280,38
1,SU-14608,0143071485,2021,4,22,23,4,52,639000,1628,280,39
1,SU-14608,0143071485,2021,4,22,23,4,52,639600,1622,280,38
1,SU-14608,0143071485,2021,4,22,23,4,52,640200,1618,280,39
1,SU-14608,0143071485,2021,4,22,23,4,52,640800,1612,280,39
1,SU-14608,0143071485,2021,4,22,23,4,52,641400,1605,280,40
1,SU-14608,0143071485,2021,4,22,23,4,52,642000,1600,280,40
1,SU-14608,0143071485,2021,4,22,23,4,52,642600,1593,280,40
1,SU-14608,0143071485,2021,4,22,23,4,52,643200,1587,280,40
1,SU-14608,0143071485,2021,4,22,23,4,52,643800,1582,280,40
1,SU-14608,0143071485,2021,4,22,23,4,52,644400,1576,280,40
1,SU-14608,0143071485,2021,4,22,23,4,52,645000,1569,280,40
1,SU-14608,0143071485,2021,4,22,23,4,52,645600,1564,280,40
1,SU-14608,0143071485,2021,4,22,23,4,52,646200,1558,280,41
1,SU-14608,0143071485,2021,4,22,23,4,52,646800,1554,280,40
1,SU-14608,0143071485,2021,4,22,23,4,52,647400,1548,280,40
1,SU-14608,0143071485,2021,4,22,23,4,52,648000,1544,280,40
1,SU-14608,0143071485,2021,4,22,23,4,52,648600,1539,280,41
1,SU-14608,0143071485,2021,4,22,23,4,52,649200,1534,280,41
1,SU-14608,0143071485,2021,4,22,23,4,52,649800,1527,280,42
1,SU-14608,0143071485,2021,4,22,23,4,52,650400,1523,280,41
1,SU-14608,0143071485,2021,4,22,23,4,52,651000,1518,280,42
1,SU-14608,0143071485,2021,4,22,23,4,52,651600,1514,280,41
1,SU-14608,0143071485,2021,4,22,23,4,52,652200,1510,280,42
1,SU-14608,0143071485,2021,4,22,23,4,52,652800,1506,280,42
1,SU-14608,0143071485,2021,4,22,23,4,52,653400,1502,280,42
1,SU-14608,0143071485,2021,4,22,23,4,52,654000,1500,280,43
1,SU-14608,0143071485,2021,4,22,23,4,52,654600,1495,280,43
1,SU-14608,0143071485,2021,4,22,23,4,52,655200,1491,280,44
1,SU-14608,0143071485,2021,4,22,23,4,52,655800,1489,280,43
1,SU-14608,0143071485,2021,4,22,23,4,52,656400,1484,280,43
1,SU-14608,0143071485,2021,4,22,23,4,52,657000,1482,280,43
1,SU-14608,0143071485,2021,4,22,23,4,52,657600,1478,280,43
1,SU-14608,0143071485,2021,4,22,23,4,52,658200,1475,280,44
1,SU-14608,0143071485,2021,4,22,23,4,52,658800,1472,280,44
1,SU-14608,0143071485,2021,4,22,23,4,52,659400,1468,280,44
1,SU-14608,0143071485,2021,4,22,23,4,52,660000,1466,280,44
1,SU-14608,0143071485,2021,4,22,23,4,52,660600,1463,280,44
1,SU-14608,0143071485,2021,4,22,23,4,52,661200,1461,280,44
1,SU-14608,0143071485,2021,4,22,23,4,52,661800,1458,280,45
1,SU-14608,0143071485,2021,4,22,23,4,52,662400,1457,280,46
1,SU-14608,0143071485,2021,4,22,23,4,52,663000,1454,280,46
1,SU-14608,0143071485,2021,4,22,23,4,52,663600,1454,280,46
1,SU-14608,0143071485,2021,4,22,23,4,52,664200,1451,280,46
1,SU-14608,0143071485,2021,4,22,23,4,52,664800,1449,280,46
1,SU-14608,0143071485,2021,4,22,23,4,52,665400,1448,280,46
1,SU-14608,0143071485,2021,4,22,23,4,52,666000,1447,280,46
1,SU-14608,0143071485,2021,4,22,23,4,52,666600,1446,280,46
1,SU-14608,0143071485,2021,4,22,23,4,52,667200,1444,280,46
1,SU-14608,0143071485,2021,4,22,23,4,52,667800,1443,280,47
1,SU-14608,0143071485,2021,4,22,23,4,52,668400,1443,280,47
1,SU-14608,0143071485,2021,4,22,23,4,52,669000,1441,280,47
1,SU-14608,0143071485,2021,4,22,23,4,52,669600,1441,280,47
1,SU-14608,0143071485,2021,4,22,23,4,52,670200,1441,280,48
1,SU-14608,0143071485,2021,4,22,23,4,52,670800,1441,280,48
1,SU-14608,0143071485,2021,4,22,23,4,52,671400,1441,280,48
1,SU-14608,0143071485,2021,4,22,23,4,52,672000,1441,280,49
1,SU-14608,0143071485,2021,4,22,23,4,52,672600,1441,280,48
1,SU-14608,0143071485,2021,4,22,23,4,52,673200,1441,280,48
1,SU-14608,0143071485,2021,4,22,23,4,52,673800,1441,280,49
1,SU-14608,0143071485,2021,4,22,23,4,52,674400,1442,280,48
1,SU-14608,0143071485,2021,4,22,23,4,52,675000,1441,280,49
1,SU-14608,0143071485,2021,4,22,23,4,52,675600,1442,280,49
1,SU-14608,0143071485,2021,4,22,23,4,52,676200,1442,280,48
1,SU-14608,0143071485,2021,4,22,23,4,52,676800,1442,280,49
1,SU-14608,0143071485,2021,4,22,23,4,52,677400,1442,280,49
1,SU-14608,0143071485,2021,4,22,23,4,52,678000,1443,280,49
1,SU-14608,0143071485,2021,4,22,23,4,52,678600,1442,280,49
1,SU-14608,0143071485,2021,4,22,23,4,52,679200,1442,280,49
1,SU-14608,0143071485,2021,4,22,23,4,52,679800,1442,280,49
1,SU-14608,0143071485,2021,4,22,23,4,52,680400,1443,280,49
1,SU-14608,0143071485,2021,4,22,23,4,52,681000,1442,280,49
1,SU-14608,0143071485,2021,4,22,23,4,52,681600,1441,280,49
1,SU-14608,0143071485,2021,4,22,23,4,52,682200,1440,280,49
1,SU-14608,0143071485,2021,4,22,23,4,52,682800,1439,280,49
1,SU-14608,0143071485,2021,4,22,23,4,52,683400,1439,280,49
1,SU-14608,0143071485,2021,4,22,23,4,52,684000,1438,280,49
1,SU-14608,0143071485,2021,4,22,23,4,52,684600,1438,280,49
1,SU-14608,0143071485,2021,4,22,23,4,52,685200,1437,280,49
1,SU-14608,0143071485,2021,4,22,23,4,52,685800,1436,280,49
1,SU-14608,0143071485,2021,4,22,23,4,52,686400,1436,280,50
1,SU-14608,0143071485,2021,4,22,23,4,52,687000,1434,280,50
1,SU-14608,0143071485,2021,4,22,23,4,52,687600,1434,280,50
1,SU-14608,0143071485,2021,4,22,23,4,52,688200,1433,280,50
1,SU-14608,0143071485,2021,4,22,23,4,52,688800,1432,280,49
1,SU-14608,0143071485,2021,4,22,23,4,52,689400,1432,280,50
1,SU-14608,0143071485,2021,4,22,23,4,52,690000,1430,280,50
1,SU-14608,0143071485,2021,4,22,23,4,52,690600,1429,280,50
1,SU-14608,0143071485,2021,4,22,23,4,52,691200,1427,280,50
1,SU-14608,0143071485,2021,4,22,23,4,52,691800,1427,280,51
1,SU-14608,0143071485,2021,4,22,23,4,52,692400,1425,280,51
1,SU-14608,0143071485,2021,4,22,23,4,52,693000,1424,280,51
1,SU-14608,0143071485,2021,4,22,23,4,52,693600,1423,280,51
1,SU-14608,0143071485,2021,4,22,23,4,52,694200,1423,280,51
1,SU-14608,0143071485,2021,4,22,23,4,52,694800,1422,280,50
1,SU-14608,0143071485,2021,4,22,23,4,52,695400,1421,280,51
1,SU-14608,0143071485,2021,4,22,23,4,52,696000,1420,280,51
1,SU-14608,0143071485,2021,4,22,23,4,52,696600,1419,280,51
1,SU-14608,0143071485,2021,4,22,23,4,52,697200,1419,280,51
1,SU-14608,0143071485,2021,4,22,23,4,52,697800,1418,280,51
1,SU-14608,0143071485,2021,4,22,23,4,52,698400,1416,280,51
1,SU-14608,0143071485,2021,4,22,23,4,52,699000,1416,280,51
1,SU-14608,0143071485,2021,4,22,23,4,52,699600,1415,280,52
1,SU-14608,0143071485,2021,4,22,23,4,52,700200,1415,280,51
1,SU-14608,0143071485,2021,4,22,23,4,52,700800,1415,280,52
1,SU-14608,0143071485,2021,4,22,23,4,52,701400,1414,280,52
1,SU-14608,0143071485,2021,4,22,23,4,52,702000,1414,280,52
1,SU-14608,0143071485,2021,4,22,23,4,52,702600,1413,280,53
1,SU-14608,0143071485,2021,4,22,23,4,52,703200,1413,280,52
1,SU-14608,0143071485,2021,4,22,23,4,52,703800,1411,280,52
1,SU-14608,0143071485,2021,4,22,23,4,52,704400,1411,280,52
1,SU-14608,0143071485,2021,4,22,23,4,52,705000,1410,280,52
1,SU-14608,0143071485,2021,4,22,23,4,52,705600,1409,280,52
1,SU-14608,0143071485,2021,4,22,23,4,52,706200,1408,280,53
1,SU-14608,0143071485,2021,4,22,23,4,52,706800,1408,280,52
1,SU-14608,0143071485,2021,4,22,23,4,52,707400,1408,280,53
1,SU-14608,0143071485,2021,4,22,23,4,52,708000,1407,280,53
1,SU-14608,0143071485,2021,4,22,23,4,52,708600,1407,280,54
1,SU-14608,0143071485,2021,4,22,23,4,52,709200,1407,280,54
1,SU-14608,0143071485,2021,4,22,23,4,52,709800,1406,280,53
1,SU-14608,0143071485,2021,4,22,23,4,52,710400,1407,280,54
1,SU-14608,0143071485,2021,4,22,23,4,52,711000,1406,280,54
1,SU-14608,0143071485,2021,4,22,23,4,52,711600,1405,280,54
1,SU-14608,0143071485,2021,4,22,23,4,52,712200,1405,280,54
1,SU-14608,0143071485,2021,4,22,23,4,52,712800,1405,280,54
1,SU-14608,0143071485,2021,4,22,23,4,52,713400,1405,280,54
1,SU-14608,0143071485,2021,4,22,23,4,52,714000,1405,280,54
1,SU-14608,0143071485,2021,4,22,23,4,52,714600,1403,280,54
1,SU-14608,0143071485,2021,4,22,23,4,52,715200,1402,280,54
1,SU-14608,0143071485,2021,4,22,23,4,52,715800,1402,280,54
1,SU-14608,0143071485,2021,4,22,23,4,52,716400,1402,280,54
1,SU-14608,0143071485,2021,4,22,23,4,52,717000,1402,280,55
1,SU-14608,0143071485,2021,4,22,23,4,52,717600,1402,280,54
1,SU-14608,0143071485,2021,4,22,23,4,52,718200,1401,280,54
1,SU-14608,0143071485,2021,4,22,23,4,52,718800,1401,280,54
1,SU-14608,0143071485,2021,4,22,23,4,52,719400,1400,280,54
1,SU-14608,0143071485,2021,4,22,23,4,52,720000,1400,280,55
1,SU-14608,0143071485,2021,4,22,23,4,52,720600,1400,280,54
1,SU-14608,0143071485,2021,4,22,23,4,52,721200,1400,280,55
1,SU-14608,0143071485,2021,4,22,23,4,52,721800,1399,280,55
1,SU-14608,0143071485,2021,4,22,23,4,52,722400,1400,280,55
1,SU-14608,0143071485,2021,4,22,23,4,52,723000,1400,280,55
1,SU-14608,0143071485,2021,4,22,23,4,52,723600,1400,280,56
1,SU-14608,0143071485,2021,4,22,23,4,52,724200,1401,280,56
1,SU-14608,0143071485,2021,4,22,23,4,52,724800,1400,280,56
1,SU-14608,0143071485,2021,4,22,23,4,52,725400,1401,280,56
1,SU-14608,0143071485,2021,4,22,23,4,52,726000,1400,280,55
1,SU-14608,0143071485,2021,4,22,23,4,52,726600,1400,280,56
1,SU-14608,0143071485,2021,4,22,23,4,52,727200,1400,280,56
1,SU-14608,0143071485,2021,4,22,23,4,52,727800,1400,280,55
1,SU-14608,0143071485,2021,4,22,23,4,52,728400,1399,280,56
1,SU-14608,0143071485,2021,4,22,23,4,52,729000,1399,280,56
1,SU-14608,0143071485,2021,4,22,23,4,52,729600,1399,280,56
1,SU-14608,0143071485,2021,4,22,23,4,52,730200,1399,280,56
1,SU-14608,0143071485,2021,4,22,23,4,52,730800,1399,280,56
1,SU-14608,0143071485,2021,4,22,23,4,52,731400,1399,280,56
1,SU-14608,0143071485,2021,4,22,23,4,52,732000,1399,280,55
1,SU-14608,0143071485,2021,4,22,23,4,52,732600,1399,280,56
1,SU-14608,0143071485,2021,4,22,23,4,52,733200,1399,280,55
1,SU-14608,0143071485,2021,4,22,23,4,52,733800,1398,280,56
1,SU-14608,0143071485,2021,4,22,23,4,52,734400,1397,280,56
1,SU-14608,0143071485,2021,4,22,23,4,52,735000,1397,280,56
1,SU-14608,0143071485,2021,4,22,23,4,52,735600,1397,280,56
1,SU-14608,0143071485,2021,4,22,23,4,52,736200,1396,280,56
1,SU-14608,0143071485,2021,4,22,23,4,52,736800,1396,280,56
1,SU-14608,0143071485,2021,4,22,23,4,52,737400,1395,280,56
1,SU-14608,0143071485,2021,4,22,23,4,52,738000,1396,280,56
1,SU-14608,0143071485,2021,4,22,23,4,52,738600,1395,280,56
1,SU-14608,0143071485,2021,4,22,23,4,52,739200,1394,280,57
1,SU-14608,0143071485,2021,4,22,23,4,52,739800,1394,280,56
1,SU-14608,0143071485,2021,4,22,23,4,52,740400,1394,280,57
1,SU-14608,0143071485,2021,4,22,23,4,52,741000,1394,280,57
1,SU-14608,0143071485,2021,4,22,23,4,52,741600,1393,280,56
1,SU-14608,0143071485,2021,4,22,23,4,52,742200,1394,280,57
1,SU-14608,0143071485,2021,4,22,23,4,52,742800,1393,280,56
1,SU-14608,0143071485,2021,4,22,23,4,52,743400,1392,280,57
1,SU-14608,0143071485,2021,4,22,23,4,52,744000,1392,280,57
1,SU-14608,0143071485,2021,4,22,23,4,52,744600,1391,280,57
1,SU-14608,0143071485,2021,4,22,23,4,52,745200,1391,280,57
1,SU-14608,0143071485,2021,4,22,23,4,52,745800,1390,280,57
1,SU-14608,0143071485,2021,4,22,23,4,52,746400,1389,280,57
1,SU-14608,0143071485,2021,4,22,23,4,52,747000,1389,280,57
1,SU-14608,0143071485,2021,4,22,23,4,52,747600,1389,280,57
1,SU-14608,0143071485,2021,4,22,23,4,52,748200,1388,280,57
1,SU-14608,0143071485,2021,4,22,23,4,52,748800,1389,280,58
1,SU-14608,0143071485,2021,4,22,23,4,52,749400,1387,280,57
1,SU-14608,0143071485,2021,4,22,23,4,52,750000,1387,280,57
1,SU-14608,0143071485,2021,4,22,23,4,52,750600,1388,280,58
1,SU-14608,0143071485,2021,4,22,23,4,52,751200,1387,280,57
1,SU-14608,0143071485,2021,4,22,23,4,52,751800,1387,280,58
1,SU-14608,0143071485,2021,4,22,23,4,52,752400,1387,280,59
1,SU-14608,0143071485,2021,4,22,23,4,52,753000,1387,280,58
1,SU-14608,0143071485,2021,4,22,23,4,52,753600,1387,280,58
1,SU-14608,0143071485,2021,4,22,23,4,52,754200,1387,280,58
1,SU-14608,0143071485,2021,4,22,23,4,52,754800,1386,280,58
1,SU-14608,0143071485,2021,4,22,23,4,52,755400,1386,280,58
1,SU-14608,0143071485,2021,4,22,23,4,52,756000,1386,280,58
1,SU-14608,0143071485,2021,4,22,23,4,52,756600,1386,280,58
1,SU-14608,0143071485,2021,4,22,23,4,52,757200,1386,280,58
1,SU-14608,0143071485,2021,4,22,23,4,52,757800,1386,280,59
1,SU-14608,0143071485,2021,4,22,23,4,52,758400,1387,280,58
1,SU-14608,0143071485,2021,4,22,23,4,52,759000,1387,280,58
1,SU-14608,0143071485,2021,4,22,23,4,52,759600,1387,280,59
1,SU-14608,0143071485,2021,4,22,23,4,52,760200,1387,280,59
1,SU-14608,0143071485,2021,4,22,23,4,52,760800,1387,280,60
1,SU-14608,0143071485,2021,4,22,23,4,52,761400,1388,280,59
1,SU-14608,0143071485,2021,4,22,23,4,52,762000,1388,280,59
1,SU-14608,0143071485,2021,4,22,23,4,52,762600,1389,280,59
1,SU-14608,0143071485,2021,4,22,23,4,52,763200,1388,280,59
1,SU-14608,0143071485,2021,4,22,23,4,52,763800,1390,280,59
1,SU-14608,0143071485,2021,4,22,23,4,52,764400,1389,280,59
1,SU-14608,0143071485,2021,4,22,23,4,52,765000,1390,280,59
1,SU-14608,0143071485,2021,4,22,23,4,52,765600,1390,280,59
1,SU-14608,0143071485,2021,4,22,23,4,52,766200,1391,280,59
1,SU-14608,0143071485,2021,4,22,23,4,52,766800,1391,280,59
1,SU-14608,0143071485,2021,4,22,23,4,52,767400,1391,280,58
1,SU-14608,0143071485,2021,4,22,23,4,52,768000,1392,280,59
1,SU-14608,0143071485,2021,4,22,23,4,52,768600,1392,280,58
1,SU-14608,0143071485,2021,4,22,23,4,52,769200,1393,280,58
1,SU-14608,0143071485,2021,4,22,23,4,52,769800,1393,280,58
1,SU-14608,0143071485,2021,4,22,23,4,52,770400,1392,280,58
1,SU-14608,0143071485,2021,4,22,23,4,52,771000,1393,280,58
1,SU-14608,0143071485,2021,4,22,23,4,52,771600,1394,280,57
1,SU-14608,0143071485,2021,4,22,23,4,52,772200,1394,280,57
1,SU-14608,0143071485,2021,4,22,23,4,52,772800,1394,280,57
1,SU-14608,0143071485,2021,4,22,23,4,52,773400,1395,280,58
1,SU-14608,0143071485,2021,4,22,23,4,52,774000,1395,280,57
1,SU-14608,0143071485,2021,4,22,23,4,52,774600,1394,280,57
1,SU-14608,0143071485,2021,4,22,23,4,52,775200,1395,280,57
1,SU-14608,0143071485,2021,4,22,23,4,52,775800,1395,280,57
1,SU-14608,0143071485,2021,4,22,23,4,52,776400,1395,280,57
1,SU-14608,0143071485,2021,4,22,23,4,52,777000,1395,280,57
1,SU-14608,0143071485,2021,4,22,23,4,52,777600,1395,280,57
1,SU-14608,0143071485,2021,4,22,23,4,52,778200,1396,280,57
1,SU-14608,0143071485,2021,4,22,23,4,52,778800,1395,280,57
1,SU-14608,0143071485,2021,4,22,23,4,52,779400,1395,280,58
1,SU-14608,0143071485,2021,4,22,23,4,52,780000,1395,280,57
1,SU-14608,0143071485,2021,4,22,23,4,52,780600,1395,280,57
1,SU-14608,0143071485,2021,4,22,23,4,52,781200,1394,280,57
1,SU-14608,0143071485,2021,4,22,23,4,52,781800,1394,280,57
1,SU-14608,0143071485,2021,4,22,23,4,52,782400,1394,280,57
1,SU-14608,0143071485,2021,4,22,23,4,52,783000,1394,280,57
1,SU-14608,0143071485,2021,4,22,23,4,52,783600,1394,280,57
1,SU-14608,0143071485,2021,4,22,23,4,52,784200,1393,280,58
1,SU-14608,0143071485,2021,4,22,23,4,52,784800,1392,280,57
1,SU-14608,0143071485,2021,4,22,23,4,52,785400,1393,280,57
1,SU-14608,0143071485,2021,4,22,23,4,52,786000,1392,280,57
1,SU-14608,0143071485,2021,4,22,23,4,52,786600,1392,280,58
1,SU-14608,0143071485,2021,4,22,23,4,52,787200,1392,280,58
1,SU-14608,0143071485,2021,4,22,23,4,52,787800,1391,280,58
1,SU-14608,0143071485,2021,4,22,23,4,52,788400,1391,280,58
1,SU-14608,0143071485,2021,4,22,23,4,52,789000,1391,280,58
1,SU-14608,0143071485,2021,4,22,23,4,52,789600,1391,280,58
1,SU-14608,0143071485,2021,4,22,23,4,52,790200,1389,280,57
1,SU-14608,0143071485,2021,4,22,23,4,52,790800,1391,280,58
1,SU-14608,0143071485,2021,4,22,23,4,52,791400,1390,280,58
1,SU-14608,0143071485,2021,4,22,23,4,52,792000,1389,280,58
1,SU-14608,0143071485,2021,4,22,23,4,52,792600,1389,280,58
1,SU-14608,0143071485,2021,4,22,23,4,52,793200,1389,280,58
1,SU-14608,0143071485,2021,4,22,23,4,52,793800,1388,280,59
1,SU-14608,0143071485,2021,4,22,23,4,52,794400,1388,280,58
1,SU-14608,0143071485,2021,4,22,23,4,52,795000,1387,280,58
1,SU-14608,0143071485,2021,4,22,23,4,52,795600,1387,280,58
1,SU-14608,0143071485,2021,4,22,23,4,52,796200,1386,280,58
1,SU-14608,0143071485,2021,4,22,23,4,52,796800,1386,280,58
1,SU-14608,0143071485,2021,4,22,23,4,52,797400,1386,280,58
1,SU-14608,0143071485,2021,4,22,23,4,52,798000,1385,280,58
1,SU-14608,0143071485,2021,4,22,23,4,52,798600,1385,280,59
1,SU-14608,0143071485,2021,4,22,23,4,52,799200,1384,280,59
1,SU-14608,0143071485,2021,4,22,23,4,52,799800,1384,280,58
1,SU-14608,0143071485,2021,4,22,23,4,52,800400,1383,280,58
1,SU-14608,0143071485,2021,4,22,23,4,52,801000,1383,280,58
1,SU-14608,0143071485,2021,4,22,23,4,52,801600,1382,280,59
1,SU-14608,0143071485,2021,4,22,23,4,52,802200,1382,280,58
1,SU-14608,0143071485,2021,4,22,23,4,52,802800,1381,280,59
1,SU-14608,0143071485,2021,4,22,23,4,52,803400,1381,280,58
1,SU-14608,0143071485,2021,4,22,23,4,52,804000,1381,280,58
1,SU-14608,0143071485,2021,4,22,23,4,52,804600,1381,280,58
1,SU-14608,0143071485,2021,4,22,23,4,52,805200,1381,280,59
1,SU-14608,0143071485,2021,4,22,23,4,52,805800,1380,280,59
1,SU-14608,0143071485,2021,4,22,23,4,52,806400,1380,280,59
1,SU-14608,0143071485,2021,4,22,23,4,52,807000,1380,280,59
1,SU-14608,0143071485,2021,4,22,23,4,52,807600,1380,280,59
1,SU-14608,0143071485,2021,4,22,23,4,52,808200,1379,280,59
1,SU-14608,0143071485,2021,4,22,23,4,52,808800,1379,280,58
1,SU-14608,0143071485,2021,4,22,23,4,52,809400,1379,280,59
1,SU-14608,0143071485,2021,4,22,23,4,52,810000,1378,280,59
1,SU-14608,0143071485,2021,4,22,23,4,52,810600,1378,280,59
1,SU-14608,0143071485,2021,4,22,23,4,52,811200,1377,280,59
1,SU-14608,0143071485,2021,4,22,23,4,52,811800,1378,280,59
1,SU-14608,0143071485,2021,4,22,23,4,52,812400,1377,280,60
1,SU-14608,0143071485,2021,4,22,23,4,52,813000,1377,280,58
1,SU-14608,0143071485,2021,4,22,23,4,52,813600,1376,280,58
1,SU-14608,0143071485,2021,4,22,23,4,52,814200,1376,280,59
1,SU-14608,0143071485,2021,4,22,23,4,52,814800,1376,280,59
1,SU-14608,0143071485,2021,4,22,23,4,52,815400,1375,280,59
1,SU-14608,0143071485,2021,4,22,23,4,52,816000,1374,280,59
1,SU-14608,0143071485,2021,4,22,23,4,52,816600,1375,280,58
1,SU-14608,0143071485,2021,4,22,23,4,52,817200,1375,280,59
1,SU-14608,0143071485,2021,4,22,23,4,52,817800,1375,280,59
1,SU-14608,0143071485,2021,4,22,23,4,52,818400,1374,280,59
1,SU-14608,0143071485,2021,4,22,23,4,52,819000,1373,280,58
1,SU-14608,0143071485,2021,4,22,23,4,52,819600,1373,280,59
1,SU-14608,0143071485,2021,4,22,23,4,52,820200,1373,280,58
1,SU-14608,0143071485,2021,4,22,23,4,52,820800,1373,280,59
1,SU-14608,0143071485,2021,4,22,23,4,52,821400,1372,280,58
1,SU-14608,0143071485,2021,4,22,23,4,52,822000,1372,280,59
1,SU-14608,0143071485,2021,4,22,23,4,52,822600,1371,280,59
1,SU-14608,0143071485,2021,4,22,23,4,52,823200,1370,280,59
1,SU-14608,0143071485,2021,4,22,23,4,52,823800,1370,280,59
1,SU-14608,0143071485,2021,4,22,23,4,52,824400,1370,280,60
1,SU-14608,0143071485,2021,4,22,23,4,52,825000,1371,280,59
1,SU-14608,0143071485,2021,4,22,23,4,52,825600,1370,280,59
1,SU-14608,0143071485,2021,4,22,23,4,52,826200,1370,280,60
1,SU-14608,0143071485,2021,4,22,23,4,52,826800,1370,280,59
1,SU-14608,0143071485,2021,4,22,23,4,52,827400,1369,280,59
1,SU-14608,0143071485,2021,4,22,23,4,52,828000,1369,280,60
1,SU-14608,0143071485,2021,4,22,23,4,52,828600,1369,280,60
1,SU-14608,0143071485,2021,4,22,23,4,52,829200,1368,280,59
1,SU-14608,0143071485,2021,4,22,23,4,52,829800,1368,280,59
1,SU-14608,0143071485,2021,4,22,23,4,52,830400,1368,280,60
1,SU-14608,0143071485,2021,4,22,23,4,52,831000,1368,280,60
1,SU-14608,0143071485,2021,4,22,23,4,52,831600,1367,280,60
1,SU-14608,0143071485,2021,4,22,23,4,52,832200,1367,280,60
1,SU-14608,0143071485,2021,4,22,23,4,52,832800,1367,280,60
1,SU-14608,0143071485,2021,4,22,23,4,52,833400,1366,280,60
1,SU-14608,0143071485,2021,4,22,23,4,52,834000,1366,280,60
1,SU-14608,0143071485,2021,4,22,23,4,52,834600,1366,280,60
1,SU-14608,0143071485,2021,4,22,23,4,52,835200,1366,280,60
1,SU-14608,0143071485,2021,4,22,23,4,52,835800,1366,280,61
1,SU-14608,0143071485,2021,4,22,23,4,52,836400,1365,280,60
1,SU-14608,0143071485,2021,4,22,23,4,52,837000,1365,280,60
1,SU-14608,0143071485,2021,4,22,23,4,52,837600,1364,280,60
1,SU-14608,0143071485,2021,4,22,23,4,52,838200,1364,280,60
1,SU-14608,0143071485,2021,4,22,23,4,52,838800,1364,280,61
1,SU-14608,0143071485,2021,4,22,23,4,52,839400,1364,280,61
1,SU-14608,0143071485,2021,4,22,23,4,52,840000,1363,280,61
1,SU-14608,0143071485,2021,4,22,23,4,52,840600,1362,280,61
1,SU-14608,0143071485,2021,4,22,23,4,52,841200,1364,280,61
1,SU-14608,0143071485,2021,4,22,23,4,52,841800,1362,280,61
1,SU-14608,0143071485,2021,4,22,23,4,52,842400,1362,280,61
1,SU-14608,0143071485,2021,4,22,23,4,52,843000,1362,280,61
1,SU-14608,0143071485,2021,4,22,23,4,52,843600,1362,280,63
1,SU-14608,0143071485,2021,4,22,23,4,52,844200,1361,280,62
1,SU-14608,0143071485,2021,4,22,23,4,52,844800,1360,280,61
1,SU-14608,0143071485,2021,4,22,23,4,52,845400,1360,280,62
1,SU-14608,0143071485,2021,4,22,23,4,52,846000,1360,280,62
1,SU-14608,0143071485,2021,4,22,23,4,52,846600,1360,280,61
1,SU-14608,0143071485,2021,4,22,23,4,52,847200,1359,280,63
1,SU-14608,0143071485,2021,4,22,23,4,52,847800,1359,280,61
1,SU-14608,0143071485,2021,4,22,23,4,52,848400,1359,280,62
1,SU-14608,0143071485,2021,4,22,23,4,52,849000,1359,280,62
1,SU-14608,0143071485,2021,4,22,23,4,52,849600,1358,280,63
1,SU-14608,0143071485,2021,4,22,23,4,52,850200,1357,280,63
1,SU-14608,0143071485,2021,4,22,23,4,52,850800,1357,280,62
1,SU-14608,0143071485,2021,4,22,23,4,52,851400,1357,280,62
1,SU-14608,0143071485,2021,4,22,23,4,52,852000,1356,280,63
1,SU-14608,0143071485,2021,4,22,23,4,52,852600,1355,280,62
1,SU-14608,0143071485,2021,4,22,23,4,52,853200,1356,280,63
1,SU-14608,0143071485,2021,4,22,23,4,52,853800,1356,280,62
1,SU-14608,0143071485,2021,4,22,23,4,52,854400,1356,280,63
1,SU-14608,0143071485,2021,4,22,23,4,52,855000,1355,280,63
1,SU-14608,0143071485,2021,4,22,23,4,52,855600,1355,280,63
1,SU-14608,0143071485,2021,4,22,23,4,52,856200,1355,280,63
1,SU-14608,0143071485,2021,4,22,23,4,52,856800,1355,280,63
1,SU-14608,0143071485,2021,4,22,23,4,52,857400,1355,280,63
1,SU-14608,0143071485,2021,4,22,23,4,52,858000,1355,280,63
1,SU-14608,0143071485,2021,4,22,23,4,52,858600,1355,280,63
1,SU-14608,0143071485,2021,4,22,23,4,52,859200,1355,280,63
1,SU-14608,0143071485,2021,4,22,23,4,52,859800,1354,280,63
1,SU-14608,0143071485,2021,4,22,23,4,52,860400,1354,280,63
1,SU-14608,0143071485,2021,4,22,23,4,52,861000,1353,280,63
1,SU-14608,0143071485,2021,4,22,23,4,52,861600,1353,280,63
1,SU-14608,0143071485,2021,4,22,23,4,52,862200,1352,280,63
1,SU-14608,0143071485,2021,4,22,23,4,52,862800,1353,280,63
1,SU-14608,0143071485,2021,4,22,23,4,52,863400,1352,280,63
1,SU-14608,0143071485,2021,4,22,23,4,52,864000,1352,280,63
1,SU-14608,0143071485,2021,4,22,23,4,52,864600,1352,280,63
1,SU-14608,0143071485,2021,4,22,23,4,52,865200,1351,280,63
1,SU-14608,0143071485,2021,4,22,23,4,52,865800,1351,280,63
1,SU-14608,0143071485,2021,4,22,23,4,52,866400,1351,280,63
1,SU-14608,0143071485,2021,4,22,23,4,52,867000,1351,280,63
1,SU-14608,0143071485,2021,4,22,23,4,52,867600,1350,280,63
1,SU-14608,0143071485,2021,4,22,23,4,52,868200,1350,280,63
1,SU-14608,0143071485,2021,4,22,23,4,52,868800,1350,280,63
1,SU-14608,0143071485,2021,4,22,23,4,52,869400,1349,280,63
1,SU-14608,0143071485,2021,4,22,23,4,52,870000,1350,280,63
1,SU-14608,0143071485,2021,4,22,23,4,52,870600,1350,280,63
1,SU-14608,0143071485,2021,4,22,23,4,52,871200,1349,280,63
1,SU-14608,0143071485,2021,4,22,23,4,52,871800,1348,280,63
1,SU-14608,0143071485,2021,4,22,23,4,52,872400,1348,280,63
1,SU-14608,0143071485,2021,4,22,23,4,52,873000,1347,280,63
1,SU-14608,0143071485,2021,4,22,23,4,52,873600,1348,280,63
1,SU-14608,0143071485,2021,4,22,23,4,52,874200,1348,280,63
1,SU-14608,0143071485,2021,4,22,23,4,52,874800,1347,280,63
1,SU-14608,0143071485,2021,4,22,23,4,52,875400,1347,280,63
1,SU-14608,0143071485,2021,4,22,23,4,52,876000,1346,280,63
1,SU-14608,0143071485,2021,4,22,23,4,52,876600,1346,280,63
1,SU-14608,0143071485,2021,4,22,23,4,52,877200,1346,280,63
1,SU-14608,0143071485,2021,4,22,23,4,52,877800,1346,280,63
1,SU-14608,0143071485,2021,4,22,23,4,52,878400,1346,280,63
1,SU-14608,0143071485,2021,4,22,23,4,52,879000,1345,280,63
1,SU-14608,0143071485,2021,4,22,23,4,52,879600,1344,280,63
1,SU-14608,0143071485,2021,4,22,23,4,52,880200,1345,280,63
1,SU-14608,0143071485,2021,4,22,23,4,52,880800,1343,280,63
1,SU-14608,0143071485,2021,4,22,23,4,52,881400,1344,280,63
1,SU-14608,0143071485,2021,4,22,23,4,52,882000,1343,280,63
1,SU-14608,0143071485,2021,4,22,23,4,52,882600,1343,280,63
1,SU-14608,0143071485,2021,4,22,23,4,52,883200,1342,280,63
1,SU-14608,0143071485,2021,4,22,23,4,52,883800,1343,280,63
1,SU-14608,0143071485,2021,4,22,23,4,52,884400,1342,280,63
1,SU-14608,0143071485,2021,4,22,23,4,52,885000,1342,280,63
1,SU-14608,0143071485,2021,4,22,23,4,52,885600,1341,280,63
1,SU-14608,0143071485,2021,4,22,23,4,52,886200,1341,280,63
1,SU-14608,0143071485,2021,4,22,23,4,52,886800,1340,280,63
1,SU-14608,0143071485,2021,4,22,23,4,52,887400,1340,280,63
1,SU-14608,0143071485,2021,4,22,23,4,52,888000,1339,280,63
1,SU-14608,0143071485,2021,4,22,23,4,52,888600,1340,280,63
1,SU-14608,0143071485,2021,4,22,23,4,52,889200,1339,280,63
1,SU-14608,0143071485,2021,4,22,23,4,52,889800,1339,280,63
1,SU-14608,0143071485,2021,4,22,23,4,52,890400,1339,280,63
1,SU-14608,0143071485,2021,4,22,23,4,52,891000,1338,280,64
1,SU-14608,0143071485,2021,4,22,23,4,52,891600,1338,280,63
1,SU-14608,0143071485,2021,4,22,23,4,52,892200,1338,280,63
1,SU-14608,0143071485,2021,4,22,23,4,52,892800,1337,280,63
1,SU-14608,0143071485,2021,4,22,23,4,52,893400,1338,280,64
1,SU-14608,0143071485,2021,4,22,23,4,52,894000,1337,280,63
1,SU-14608,0143071485,2021,4,22,23,4,52,894600,1337,280,64
1,SU-14608,0143071485,2021,4,22,23,4,52,895200,1338,280,64
1,SU-14608,0143071485,2021,4,22,23,4,52,895800,1337,280,64
1,SU-14608,0143071485,2021,4,22,23,4,52,896400,1337,280,63
1,SU-14608,0143071485,2021,4,22,23,4,52,897000,1337,280,63
1,SU-14608,0143071485,2021,4,22,23,4,52,897600,1336,280,63
1,SU-14608,0143071485,2021,4,22,23,4,52,898200,1336,280,65
1,SU-14608,0143071485,2021,4,22,23,4,52,898800,1335,280,64
1,SU-14608,0143071485,2021,4,22,23,4,52,899400,1336,280,64
1,SU-14608,0143071485,2021,4,22,23,4,52,900000,1334,280,64
1,SU-14608,0143071485,2021,4,22,23,4,52,900600,1335,280,63
1,SU-14608,0143071485,2021,4,22,23,4,52,901200,1334,280,64
1,SU-14608,0143071485,2021,4,22,23,4,52,901800,1333,280,64
1,SU-14608,0143071485,2021,4,22,23,4,52,902400,1334,280,64
1,SU-14608,0143071485,2021,4,22,23,4,52,903000,1332,280,63
1,SU-14608,0143071485,2021,4,22,23,4,52,903600,1332,280,64
1,SU-14608,0143071485,2021,4,22,23,4,52,904200,1332,280,64
1,SU-14608,0143071485,2021,4,22,23,4,52,904800,1331,280,64
1,SU-14608,0143071485,2021,4,22,23,4,52,905400,1332,280,63
1,SU-14608,0143071485,2021,4,22,23,4,52,906000,1331,280,64
1,SU-14608,0143071485,2021,4,22,23,4,52,906600,1330,280,64
1,SU-14608,0143071485,2021,4,22,23,4,52,907200,1329,280,64
1,SU-14608,0143071485,2021,4,22,23,4,52,907800,1329,280,64
1,SU-14608,0143071485,2021,4,22,23,4,52,908400,1328,280,64
1,SU-14608,0143071485,2021,4,22,23,4,52,909000,1328,280,64
1,SU-14608,0143071485,2021,4,22,23,4,52,909600,1327,280,64
1,SU-14608,0143071485,2021,4,22,23,4,52,910200,1327,280,63
1,SU-14608,0143071485,2021,4,22,23,4,52,910800,1327,280,64
1,SU-14608,0143071485,2021,4,22,23,4,52,911400,1326,280,64
1,SU-14608,0143071485,2021,4,22,23,4,52,912000,1325,280,64
1,SU-14608,0143071485,2021,4,22,23,4,52,912600,1325,280,64
1,SU-14608,0143071485,2021,4,22,23,4,52,913200,1324,280,64
1,SU-14608,0143071485,2021,4,22,23,4,52,913800,1324,280,65
1,SU-14608,0143071485,2021,4,22,23,4,52,914400,1324,280,64
1,SU-14608,0143071485,2021,4,22,23,4,52,915000,1323,280,63
1,SU-14608,0143071485,2021,4,22,23,4,52,915600,1322,280,64
1,SU-14608,0143071485,2021,4,22,23,4,52,916200,1323,280,63
1,SU-14608,0143071485,2021,4,22,23,4,52,916800,1322,280,64
1,SU-14608,0143071485,2021,4,22,23,4,52,917400,1322,280,64
1,SU-14608,0143071485,2021,4,22,23,4,52,918000,1320,280,65
1,SU-14608,0143071485,2021,4,22,23,4,52,918600,1320,280,64
1,SU-14608,0143071485,2021,4,22,23,4,52,919200,1320,280,64
1,SU-14608,0143071485,2021,4,22,23,4,52,919800,1319,280,64
1,SU-14608,0143071485,2021,4,22,23,4,52,920400,1320,280,64
1,SU-14608,0143071485,2021,4,22,23,4,52,921000,1319,280,64
1,SU-14608,0143071485,2021,4,22,23,4,52,921600,1319,280,64
1,SU-14608,0143071485,2021,4,22,23,4,52,922200,1318,280,64
1,SU-14608,0143071485,2021,4,22,23,4,52,922800,1318,280,64
1,SU-14608,0143071485,2021,4,22,23,4,52,923400,1317,280,65
1,SU-14608,0143071485,2021,4,22,23,4,52,924000,1317,280,64
1,SU-14608,0143071485,2021,4,22,23,4,52,924600,1316,280,64
1,SU-14608,0143071485,2021,4,22,23,4,52,925200,1316,280,64
1,SU-14608,0143071485,2021,4,22,23,4,52,925800,1316,280,65
1,SU-14608,0143071485,2021,4,22,23,4,52,926400,1315,280,64
1,SU-14608,0143071485,2021,4,22,23,4,52,927000,1315,280,65
1,SU-14608,0143071485,2021,4,22,23,4,52,927600,1315,280,64
1,SU-14608,0143071485,2021,4,22,23,4,52,928200,1314,280,64
1,SU-14608,0143071485,2021,4,22,23,4,52,928800,1314,280,64
1,SU-14608,0143071485,2021,4,22,23,4,52,929400,1313,280,64
1,SU-14608,0143071485,2021,4,22,23,4,52,930000,1313,280,65
1,SU-14608,0143071485,2021,4,22,23,4,52,930600,1312,280,64
1,SU-14608,0143071485,2021,4,22,23,4,52,931200,1312,280,64
1,SU-14608,0143071485,2021,4,22,23,4,52,931800,1312,280,64
1,SU-14608,0143071485,2021,4,22,23,4,52,932400,1312,280,64
1,SU-14608,0143071485,2021,4,22,23,4,52,933000,1311,280,64
1,SU-14608,0143071485,2021,4,22,23,4,52,933600,1311,280,64
1,SU-14608,0143071485,2021,4,22,23,4,52,934200,1310,280,63
1,SU-14608,0143071485,2021,4,22,23,4,52,934800,1310,280,63
1,SU-14608,0143071485,2021,4,22,23,4,52,935400,1310,280,63
1,SU-14608,0143071485,2021,4,22,23,4,52,936000,1309,280,63
1,SU-14608,0143071485,2021,4,22,23,4,52,936600,1309,280,64
1,SU-14608,0143071485,2021,4,22,23,4,52,937200,1310,280,63
1,SU-14608,0143071485,2021,4,22,23,4,52,937800,1309,280,63
1,SU-14608,0143071485,2021,4,22,23,4,52,938400,1309,280,63
1,SU-14608,0143071485,2021,4,22,23,4,52,939000,1309,280,63
1,SU-14608,0143071485,2021,4,22,23,4,52,939600,1309,280,63
1,SU-14608,0143071485,2021,4,22,23,4,52,940200,1309,280,63
1,SU-14608,0143071485,2021,4,22,23,4,52,940800,1308,280,63
1,SU-14608,0143071485,2021,4,22,23,4,52,941400,1309,280,63
1,SU-14608,0143071485,2021,4,22,23,4,52,942000,1309,280,63
1,SU-14608,0143071485,2021,4,22,23,4,52,942600,1309,280,63
1,SU-14608,0143071485,2021,4,22,23,4,52,943200,1309,280,63
1,SU-14608,0143071485,2021,4,22,23,4,52,943800,1309,280,63
1,SU-14608,0143071485,2021,4,22,23,4,52,944400,1308,280,63
1,SU-14608,0143071485,2021,4,22,23,4,52,945000,1309,280,63
1,SU-14608,0143071485,2021,4,22,23,4,52,945600,1308,280,63
1,SU-14608,0143071485,2021,4,22,23,4,52,946200,1309,280,63
1,SU-14608,0143071485,2021,4,22,23,4,52,946800,1310,280,63
1,SU-14608,0143071485,2021,4,22,23,4,52,947400,1309,280,63
1,SU-14608,0143071485,2021,4,22,23,4,52,948000,1309,280,63
1,SU-14608,0143071485,2021,4,22,23,4,52,948600,1310,280,63
1,SU-14608,0143071485,2021,4,22,23,4,52,949200,1309,280,63
1,SU-14608,0143071485,2021,4,22,23,4,52,949800,1309,280,63
1,SU-14608,0143071485,2021,4,22,23,4,52,950400,1310,280,63
1,SU-14608,0143071485,2021,4,22,23,4,52,951000,1309,280,63
1,SU-14608,0143071485,2021,4,22,23,4,52,951600,1311,280,63
1,SU-14608,0143071485,2021,4,22,23,4,52,952200,1310,280,63
1,SU-14608,0143071485,2021,4,22,23,4,52,952800,1310,280,63
1,SU-14608,0143071485,2021,4,22,23,4,52,953400,1310,280,62
1,SU-14608,0143071485,2021,4,22,23,4,52,954000,1311,280,62
1,SU-14608,0143071485,2021,4,22,23,4,52,954600,1310,280,62
1,SU-14608,0143071485,2021,4,22,23,4,52,955200,1311,280,62
1,SU-14608,0143071485,2021,4,22,23,4,52,955800,1310,280,61
1,SU-14608,0143071485,2021,4,22,23,4,52,956400,1311,280,63
1,SU-14608,0143071485,2021,4,22,23,4,52,957000,1311,280,63
1,SU-14608,0143071485,2021,4,22,23,4,52,957600,1311,280,62
1,SU-14608,0143071485,2021,4,22,23,4,52,958200,1311,280,63
1,SU-14608,0143071485,2021,4,22,23,4,52,958800,1311,280,62
1,SU-14608,0143071485,2021,4,22,23,4,52,959400,1312,280,62
1,SU-14608,0143071485,2021,4,22,23,4,52,960000,1312,280,63
1,SU-14608,0143071485,2021,4,22,23,4,52,960600,1313,280,62
1,SU-14608,0143071485,2021,4,22,23,4,52,961200,1312,280,62
1,SU-14608,0143071485,2021,4,22,23,4,52,961800,1312,280,62
1,SU-14608,0143071485,2021,4,22,23,4,52,962400,1313,280,61
1,SU-14608,0143071485,2021,4,22,23,4,52,963000,1312,280,62
1,SU-14608,0143071485,2021,4,22,23,4,52,963600,1313,280,62
1,SU-14608,0143071485,2021,4,22,23,4,52,964200,1314,280,62
1,SU-14608,0143071485,2021,4,22,23,4,52,964800,1312,280,61
1,SU-14608,0143071485,2021,4,22,23,4,52,965400,1313,280,62
1,SU-14608,0143071485,2021,4,22,23,4,52,966000,1314,280,61
1,SU-14608,0143071485,2021,4,22,23,4,52,966600,1313,280,61
1,SU-14608,0143071485,2021,4,22,23,4,52,967200,1313,280,61
1,SU-14608,0143071485,2021,4,22,23,4,52,967800,1313,280,61
1,SU-14608,0143071485,2021,4,22,23,4,52,968400,1313,280,62
1,SU-14608,0143071485,2021,4,22,23,4,52,969000,1314,280,60
1,SU-14608,0143071485,2021,4,22,23,4,52,969600,1313,280,61
1,SU-14608,0143071485,2021,4,22,23,4,52,970200,1313,280,61
1,SU-14608,0143071485,2021,4,22,23,4,52,970800,1314,280,61
1,SU-14608,0143071485,2021,4,22,23,4,52,971400,1313,280,61
1,SU-14608,0143071485,2021,4,22,23,4,52,972000,1313,280,61
1,SU-14608,0143071485,2021,4,22,23,4,52,972600,1314,280,61
1,SU-14608,0143071485,2021,4,22,23,4,52,973200,1313,280,60
1,SU-14608,0143071485,2021,4,22,23,4,52,973800,1313,280,61
1,SU-14608,0143071485,2021,4,22,23,4,52,974400,1313,280,61
1,SU-14608,0143071485,2021,4,22,23,4,52,975000,1313,280,60
1,SU-14608,0143071485,2021,4,22,23,4,52,975600,1314,280,60
1,SU-14608,0143071485,2021,4,22,23,4,52,976200,1313,280,60
1,SU-14608,0143071485,2021,4,22,23,4,52,976800,1314,280,60
1,SU-14608,0143071485,2021,4,22,23,4,52,977400,1313,280,60
1,SU-14608,0143071485,2021,4,22,23,4,52,978000,1313,280,60
1,SU-14608,0143071485,2021,4,22,23,4,52,978600,1314,280,60
1,SU-14608,0143071485,2021,4,22,23,4,52,979200,1314,280,60
1,SU-14608,0143071485,2021,4,22,23,4,52,979800,1314,280,60
1,SU-14608,0143071485,2021,4,22,23,4,52,980400,1314,280,60
1,SU-14608,0143071485,2021,4,22,23,4,52,981000,1313,280,60
1,SU-14608,0143071485,2021,4,22,23,4,52,981600,1314,280,60
1,SU-14608,0143071485,2021,4,22,23,4,52,982200,1313,280,60
1,SU-14608,0143071485,2021,4,22,23,4,52,982800,1313,280,60
1,SU-14608,0143071485,2021,4,22,23,4,52,983400,1313,280,60
1,SU-14608,0143071485,2021,4,22,23,4,52,984000,1313,280,59
1,SU-14608,0143071485,2021,4,22,23,4,52,984600,1313,280,60
1,SU-14608,0143071485,2021,4,22,23,4,52,985200,1312,280,59
1,SU-14608,0143071485,2021,4,22,23,4,52,985800,1313,280,60
1,SU-14608,0143071485,2021,4,22,23,4,52,986400,1313,280,60
1,SU-14608,0143071485,2021,4,22,23,4,52,987000,1313,280,60
1,SU-14608,0143071485,2021,4,22,23,4,52,987600,1314,280,60
1,SU-14608,0143071485,2021,4,22,23,4,52,988200,1313,280,60
1,SU-14608,0143071485,2021,4,22,23,4,52,988800,1313,280,60
1,SU-14608,0143071485,2021,4,22,23,4,52,989400,1313,280,59
1,SU-14608,0143071485,2021,4,22,23,4,52,990000,1312,280,60
1,SU-14608,0143071485,2021,4,22,23,4,52,990600,1312,280,59
1,SU-14608,0143071485,2021,4,22,23,4,52,991200,1311,280,60
1,SU-14608,0143071485,2021,4,22,23,4,52,991800,1312,280,60
1,SU-14608,0143071485,2021,4,22,23,4,52,992400,1312,280,60
1,SU-14608,0143071485,2021,4,22,23,4,52,993000,1311,280,59
1,SU-14608,0143071485,2021,4,22,23,4,52,993600,1311,280,60
1,SU-14608,0143071485,2021,4,22,23,4,52,994200,1311,280,60
1,SU-14608,0143071485,2021,4,22,23,4,52,994800,1310,280,59
1,SU-14608,0143071485,2021,4,22,23,4,52,995400,1310,280,59
1,SU-14608,0143071485,2021,4,22,23,4,52,996000,1310,280,60
1,SU-14608,0143071485,2021,4,22,23,4,52,996600,1310,280,59
1,SU-14608,0143071485,2021,4,22,23,4,52,997200,1309,280,59
1,SU-14608,0143071485,2021,4,22,23,4,52,997800,1310,280,59
1,SU-14608,0143071485,2021,4,22,23,4,52,998400,1310,280,60
1,SU-14608,0143071485,2021,4,22,23,4,52,999000,1309,280,59
1,SU-14608,0143071485,2021,4,22,23,4,52,999600,1309,280,59
1,SU-14608,0143071485,2021,4,22,23,4,52,1000200,1308,280,59
1,SU-14608,0143071485,2021,4,22,23,4,52,1000800,1309,280,59
1,SU-14608,0143071485,2021,4,22,23,4,52,1001400,1308,280,59
1,SU-14608,0143071485,2021,4,22,23,4,52,1002000,1308,280,59
1,SU-14608,0143071485,2021,4,22,23,4,52,1002600,1307,280,59
1,SU-14608,0143071485,2021,4,22,23,4,52,1003200,1307,280,58
1,SU-14608,0143071485,2021,4,22,23,4,52,1003800,1306,280,59
1,SU-14608,0143071485,2021,4,22,23,4,52,1004400,1307,280,58
1,SU-14608,0143071485,2021,4,22,23,4,52,1005000,1307,280,60
1,SU-14608,0143071485,2021,4,22,23,4,52,1005600,1307,280,59
1,SU-14608,0143071485,2021,4,22,23,4,52,1006200,1306,280,59
1,SU-14608,0143071485,2021,4,22,23,4,52,1006800,1306,280,59
1,SU-14608,0143071485,2021,4,22,23,4,52,1007400,1305,280,58
1,SU-14608,0143071485,2021,4,22,23,4,52,1008000,1305,280,58
1,SU-14608,0143071485,2021,4,22,23,4,52,1008600,1305,280,58
1,SU-14608,0143071485,2021,4,22,23,4,52,1009200,1304,280,58
1,SU-14608,0143071485,2021,4,22,23,4,52,1009800,1304,280,58
1,SU-14608,0143071485,2021,4,22,23,4,52,1010400,1304,280,59
1,SU-14608,0143071485,2021,4,22,23,4,52,1011000,1303,280,59
1,SU-14608,0143071485,2021,4,22,23,4,52,1011600,1304,280,58
1,SU-14608,0143071485,2021,4,22,23,4,52,1012200,1304,280,59
1,SU-14608,0143071485,2021,4,22,23,4,52,1012800,1302,280,58
1,SU-14608,0143071485,2021,4,22,23,4,52,1013400,1303,280,59
1,SU-14608,0143071485,2021,4,22,23,4,52,1014000,1303,280,58
1,SU-14608,0143071485,2021,4,22,23,4,52,1014600,1302,280,58
1,SU-14608,0143071485,2021,4,22,23,4,52,1015200,1302,280,57
1,SU-14608,0143071485,2021,4,22,23,4,52,1015800,1301,280,58
1,SU-14608,0143071485,2021,4,22,23,4,52,1016400,1301,280,58
1,SU-14608,0143071485,2021,4,22,23,4,52,1017000,1301,280,58
1,SU-14608,0143071485,2021,4,22,23,4,52,1017600,1301,280,58
1,SU-14608,0143071485,2021,4,22,23,4,52,1018200,1300,280,58
1,SU-14608,0143071485,2021,4,22,23,4,52,1018800,1300,280,57
1,SU-14608,0143071485,2021,4,22,23,4,52,1019400,1300,280,58
1,SU-14608,0143071485,2021,4,22,23,4,52,1020000,1300,280,59
1,SU-14608,0143071485,2021,4,22,23,4,52,1020600,1298,280,58
1,SU-14608,0143071485,2021,4,22,23,4,52,1021200,1299,280,57
1,SU-14608,0143071485,2021,4,22,23,4,52,1021800,1299,280,58
1,SU-14608,0143071485,2021,4,22,23,4,52,1022400,1299,280,57
1,SU-14608,0143071485,2021,4,22,23,4,52,1023000,1299,280,57
1,SU-14608,0143071485,2021,4,22,23,4,52,1023600,1300,280,58
1,SU-14608,0143071485,2021,4,22,23,4,52,1024200,1299,280,57
1,SU-14608,0143071485,2021,4,22,23,4,52,1024800,1300,280,58
1,SU-14608,0143071485,2021,4,22,23,4,52,1025400,1300,280,58
1,SU-14608,0143071485,2021,4,22,23,4,52,1026000,1301,280,57
1,SU-14608,0143071485,2021,4,22,23,4,52,1026600,1301,280,57
1,SU-14608,0143071485,2021,4,22,23,4,52,1027200,1302,280,57
1,SU-14608,0143071485,2021,4,22,23,4,52,1027800,1303,280,57
1,SU-14608,0143071485,2021,4,22,23,4,52,1028400,1303,280,57
1,SU-14608,0143071485,2021,4,22,23,4,52,1029000,1303,280,57
1,SU-14608,0143071485,2021,4,22,23,4,52,1029600,1304,280,57
1,SU-14608,0143071485,2021,4,22,23,4,52,1030200,1306,280,57
1,SU-14608,0143071485,2021,4,22,23,4,52,1030800,1307,280,57
1,SU-14608,0143071485,2021,4,22,23,4,52,1031400,1308,280,58
1,SU-14608,0143071485,2021,4,22,23,4,52,1032000,1309,280,58
1,SU-14608,0143071485,2021,4,22,23,4,52,1032600,1310,280,57
1,SU-14608,0143071485,2021,4,22,23,4,52,1033200,1310,280,57
1,SU-14608,0143071485,2021,4,22,23,4,52,1033800,1312,280,57
1,SU-14608,0143071485,2021,4,22,23,4,52,1034400,1313,280,57
1,SU-14608,0143071485,2021,4,22,23,4,52,1035000,1313,280,57
1,SU-14608,0143071485,2021,4,22,23,4,52,1035600,1314,280,57
1,SU-14608,0143071485,2021,4,22,23,4,52,1036200,1315,280,57
1,SU-14608,0143071485,2021,4,22,23,4,52,1036800,1316,280,57
1,SU-14608,0143071485,2021,4,22,23,4,52,1037400,1316,280,57
1,SU-14608,0143071485,2021,4,22,23,4,52,1038000,1317,280,57
1,SU-14608,0143071485,2021,4,22,23,4,52,1038600,1317,280,57
1,SU-14608,0143071485,2021,4,22,23,4,52,1039200,1318,280,57
1,SU-14608,0143071485,2021,4,22,23,4,52,1039800,1319,280,57
1,SU-14608,0143071485,2021,4,22,23,4,52,1040400,1320,280,57
1,SU-14608,0143071485,2021,4,22,23,4,52,1041000,1320,280,57
1,SU-14608,0143071485,2021,4,22,23,4,52,1041600,1321,280,56
1,SU-14608,0143071485,2021,4,22,23,4,52,1042200,1323,280,57
1,SU-14608,0143071485,2021,4,22,23,4,52,1042800,1322,280,56
1,SU-14608,0143071485,2021,4,22,23,4,52,1043400,1323,280,57
1,SU-14608,0143071485,2021,4,22,23,4,52,1044000,1324,280,56
1,SU-14608,0143071485,2021,4,22,23,4,52,1044600,1326,280,56
1,SU-14608,0143071485,2021,4,22,23,4,52,1045200,1326,280,57
1,SU-14608,0143071485,2021,4,22,23,4,52,1045800,1327,280,56
1,SU-14608,0143071485,2021,4,22,23,4,52,1046400,1327,280,56
1,SU-14608,0143071485,2021,4,22,23,4,52,1047000,1327,280,57
1,SU-14608,0143071485,2021,4,22,23,4,52,1047600,1328,280,55
1,SU-14608,0143071485,2021,4,22,23,4,52,1048200,1328,280,56
1,SU-14608,0143071485,2021,4,22,23,4,52,1048800,1330,280,56
1,SU-14608,0143071485,2021,4,22,23,4,52,1049400,1329,280,56
1,SU-14608,0143071485,2021,4,22,23,4,52,1050000,1329,280,56
1,SU-14608,0143071485,2021,4,22,23,4,52,1050600,1331,280,56
1,SU-14608,0143071485,2021,4,22,23,4,52,1051200,1330,280,56
1,SU-14608,0143071485,2021,4,22,23,4,52,1051800,1330,280,56
1,SU-14608,0143071485,2021,4,22,23,4,52,1052400,1331,280,57
1,SU-14608,0143071485,2021,4,22,23,4,52,1053000,1332,280,57
1,SU-14608,0143071485,2021,4,22,23,4,52,1053600,1333,280,57
1,SU-14608,0143071485,2021,4,22,23,4,52,1054200,1333,280,58
1,SU-14608,0143071485,2021,4,22,23,4,52,1054800,1333,280,58
1,SU-14608,0143071485,2021,4,22,23,4,52,1055400,1333,280,59
1,SU-14608,0143071485,2021,4,22,23,4,52,1056000,1333,280,60
1,SU-14608,0143071485,2021,4,22,23,4,52,1056600,1334,280,60
1,SU-14608,0143071485,2021,4,22,23,4,52,1057200,1334,280,60
1,SU-14608,0143071485,2021,4,22,23,4,52,1057800,1334,280,60
1,SU-14608,0143071485,2021,4,22,23,4,52,1058400,1334,280,60
1,SU-14608,0143071485,2021,4,22,23,4,52,1059000,1334,280,60
1,SU-14608,0143071485,2021,4,22,23,4,52,1059600,1334,280,59
1,SU-14608,0143071485,2021,4,22,23,4,52,1060200,1335,280,60
1,SU-14608,0143071485,2021,4,22,23,4,52,1060800,1335,280,59
1,SU-14608,0143071485,2021,4,22,23,4,52,1061400,1335,280,59
1,SU-14608,0143071485,2021,4,22,23,4,52,1062000,1336,280,58
1,SU-14608,0143071485,2021,4,22,23,4,52,1062600,1336,280,58
1,SU-14608,0143071485,2021,4,22,23,4,52,1063200,1336,280,57
1,SU-14608,0143071485,2021,4,22,23,4,52,1063800,1335,280,57
1,SU-14608,0143071485,2021,4,22,23,4,52,1064400,1336,280,57
1,SU-14608,0143071485,2021,4,22,23,4,52,1065000,1336,280,57
1,SU-14608,0143071485,2021,4,22,23,4,52,1065600,1337,280,57
1,SU-14608,0143071485,2021,4,22,23,4,52,1066200,1337,280,56
1,SU-14608,0143071485,2021,4,22,23,4,52,1066800,1336,280,56
1,SU-14608,0143071485,2021,4,22,23,4,52,1067400,1337,280,56
1,SU-14608,0143071485,2021,4,22,23,4,52,1068000,1337,280,54
1,SU-14608,0143071485,2021,4,22,23,4,52,1068600,1336,280,55
1,SU-14608,0143071485,2021,4,22,23,4,52,1069200,1337,280,54
1,SU-14608,0143071485,2021,4,22,23,4,52,1069800,1337,280,54
1,SU-14608,0143071485,2021,4,22,23,4,52,1070400,1337,280,54
1,SU-14608,0143071485,2021,4,22,23,4,52,1071000,1336,280,54
1,SU-14608,0143071485,2021,4,22,23,4,52,1071600,1337,280,54
1,SU-14608,0143071485,2021,4,22,23,4,52,1072200,1337,280,54
1,SU-14608,0143071485,2021,4,22,23,4,52,1072800,1336,280,54
1,SU-14608,0143071485,2021,4,22,23,4,52,1073400,1337,280,54
1,SU-14608,0143071485,2021,4,22,23,4,52,1074000,1336,280,53
1,SU-14608,0143071485,2021,4,22,23,4,52,1074600,1335,280,53
1,SU-14608,0143071485,2021,4,22,23,4,52,1075200,1337,280,54
1,SU-14608,0143071485,2021,4,22,23,4,52,1075800,1335,280,53
1,SU-14608,0143071485,2021,4,22,23,4,52,1076400,1336,280,53
1,SU-14608,0143071485,2021,4,22,23,4,52,1077000,1335,280,53
1,SU-14608,0143071485,2021,4,22,23,4,52,1077600,1336,280,52
1,SU-14608,0143071485,2021,4,22,23,4,52,1078200,1336,280,53
1,SU-14608,0143071485,2021,4,22,23,4,52,1078800,1336,280,52
1,SU-14608,0143071485,2021,4,22,23,4,52,1079400,1335,280,52
1,SU-14608,0143071485,2021,4,22,23,4,52,1080000,1335,280,52
1,SU-14608,0143071485,2021,4,22,23,4,52,1080600,1335,280,52
1,SU-14608,0143071485,2021,4,22,23,4,52,1081200,1335,280,51
1,SU-14608,0143071485,2021,4,22,23,4,52,1081800,1334,280,51
1,SU-14608,0143071485,2021,4,22,23,4,52,1082400,1335,280,51
1,SU-14608,0143071485,2021,4,22,23,4,52,1083000,1334,280,51
1,SU-14608,0143071485,2021,4,22,23,4,52,1083600,1334,280,52
1,SU-14608,0143071485,2021,4,22,23,4,52,1084200,1334,280,51
1,SU-14608,0143071485,2021,4,22,23,4,52,1084800,1333,280,51
1,SU-14608,0143071485,2021,4,22,23,4,52,1085400,1334,280,51
1,SU-14608,0143071485,2021,4,22,23,4,52,1086000,1333,280,51
1,SU-14608,0143071485,2021,4,22,23,4,52,1086600,1333,280,51
1,SU-14608,0143071485,2021,4,22,23,4,52,1087200,1333,280,51
1,SU-14608,0143071485,2021,4,22,23,4,52,1087800,1331,280,50
1,SU-14608,0143071485,2021,4,22,23,4,52,1088400,1333,280,51
1,SU-14608,0143071485,2021,4,22,23,4,52,1089000,1332,280,51
1,SU-14608,0143071485,2021,4,22,23,4,52,1089600,1332,280,51
1,SU-14608,0143071485,2021,4,22,23,4,52,1090200,1332,280,51
1,SU-14608,0143071485,2021,4,22,23,4,52,1090800,1331,280,50
1,SU-14608,0143071485,2021,4,22,23,4,52,1091400,1331,280,51
1,SU-14608,0143071485,2021,4,22,23,4,52,1092000,1330,280,50
1,SU-14608,0143071485,2021,4,22,23,4,52,1092600,1330,280,50
1,SU-14608,0143071485,2021,4,22,23,4,52,1093200,1330,280,51
1,SU-14608,0143071485,2021,4,22,23,4,52,1093800,1329,280,51
1,SU-14608,0143071485,2021,4,22,23,4,52,1094400,1329,280,51
1,SU-14608,0143071485,2021,4,22,23,4,52,1095000,1329,280,50
1,SU-14608,0143071485,2021,4,22,23,4,52,1095600,1328,280,51
1,SU-14608,0143071485,2021,4,22,23,4,52,1096200,1329,280,50
1,SU-14608,0143071485,2021,4,22,23,4,52,1096800,1327,280,50
1,SU-14608,0143071485,2021,4,22,23,4,52,1097400,1327,280,50
1,SU-14608,0143071485,2021,4,22,23,4,52,1098000,1325,280,50
1,SU-14608,0143071485,2021,4,22,23,4,52,1098600,1326,280,51
1,SU-14608,0143071485,2021,4,22,23,4,52,1099200,1326,280,50
1,SU-14608,0143071485,2021,4,22,23,4,52,1099800,1325,280,51
1,SU-14608,0143071485,2021,4,22,23,4,52,1100400,1325,280,49
1,SU-14608,0143071485,2021,4,22,23,4,52,1101000,1324,280,50
1,SU-14608,0143071485,2021,4,22,23,4,52,1101600,1324,280,50
1,SU-14608,0143071485,2021,4,22,23,4,52,1102200,1324,280,49
1,SU-14608,0143071485,2021,4,22,23,4,52,1102800,1323,280,49
1,SU-14608,0143071485,2021,4,22,23,4,52,1103400,1324,280,49
1,SU-14608,0143071485,2021,4,22,23,4,52,1104000,1324,280,49
1,SU-14608,0143071485,2021,4,22,23,4,52,1104600,1324,280,50
1,SU-14608,0143071485,2021,4,22,23,4,52,1105200,1324,280,49
1,SU-14608,0143071485,2021,4,22,23,4,52,1105800,1324,280,50
1,SU-14608,0143071485,2021,4,22,23,4,52,1106400,1324,280,50
1,SU-14608,0143071485,2021,4,22,23,4,52,1107000,1324,280,50
1,SU-14608,0143071485,2021,4,22,23,4,52,1107600,1324,280,50
1,SU-14608,0143071485,2021,4,22,23,4,52,1108200,1324,280,49
1,SU-14608,0143071485,2021,4,22,23,4,52,1108800,1324,280,49
1,SU-14608,0143071485,2021,4,22,23,4,52,1109400,1326,280,49
1,SU-14608,0143071485,2021,4,22,23,4,52,1110000,1326,280,50
1,SU-14608,0143071485,2021,4,22,23,4,52,1110600,1326,280,49
1,SU-14608,0143071485,2021,4,22,23,4,52,1111200,1328,280,49
1,SU-14608,0143071485,2021,4,22,23,4,52,1111800,1328,280,49
1,SU-14608,0143071485,2021,4,22,23,4,52,1112400,1329,280,49
1,SU-14608,0143071485,2021,4,22,23,4,52,1113000,1329,280,49
1,SU-14608,0143071485,2021,4,22,23,4,52,1113600,1330,280,49
1,SU-14608,0143071485,2021,4,22,23,4,52,1114200,1330,280,50
1,SU-14608,0143071485,2021,4,22,23,4,52,1114800,1332,280,49
1,SU-14608,0143071485,2021,4,22,23,4,52,1115400,1332,280,49
1,SU-14608,0143071485,2021,4,22,23,4,52,1116000,1333,280,49
1,SU-14608,0143071485,2021,4,22,23,4,52,1116600,1335,280,49
1,SU-14608,0143071485,2021,4,22,23,4,52,1117200,1336,280,49
1,SU-14608,0143071485,2021,4,22,23,4,52,1117800,1338,280,49
1,SU-14608,0143071485,2021,4,22,23,4,52,1118400,1340,280,49
1,SU-14608,0143071485,2021,4,22,23,4,52,1119000,1343,280,49
1,SU-14608,0143071485,2021,4,22,23,4,52,1119600,1345,280,48
1,SU-14608,0143071485,2021,4,22,23,4,52,1120200,1346,280,48
1,SU-14608,0143071485,2021,4,22,23,4,52,1120800,1348,280,48
1,SU-14608,0143071485,2021,4,22,23,4,52,1121400,1350,280,48
1,SU-14608,0143071485,2021,4,22,23,4,52,1122000,1352,280,48
1,SU-14608,0143071485,2021,4,22,23,4,52,1122600,1353,280,47
1,SU-14608,0143071485,2021,4,22,23,4,52,1123200,1355,280,47
1,SU-14608,0143071485,2021,4,22,23,4,52,1123800,1357,280,47
1,SU-14608,0143071485,2021,4,22,23,4,52,1124400,1357,280,47
1,SU-14608,0143071485,2021,4,22,23,4,52,1125000,1358,280,46
1,SU-14608,0143071485,2021,4,22,23,4,52,1125600,1359,280,46
1,SU-14608,0143071485,2021,4,22,23,4,52,1126200,1360,280,46
1,SU-14608,0143071485,2021,4,22,23,4,52,1126800,1361,280,46
1,SU-14608,0143071485,2021,4,22,23,4,52,1127400,1362,280,45
1,SU-14608,0143071485,2021,4,22,23,4,52,1128000,1362,280,46
1,SU-14608,0143071485,2021,4,22,23,4,52,1128600,1363,280,45
1,SU-14608,0143071485,2021,4,22,23,4,52,1129200,1364,280,45
1,SU-14608,0143071485,2021,4,22,23,4,52,1129800,1364,280,44
1,SU-14608,0143071485,2021,4,22,23,4,52,1130400,1364,280,44
1,SU-14608,0143071485,2021,4,22,23,4,52,1131000,1365,280,44
1,SU-14608,0143071485,2021,4,22,23,4,52,1131600,1366,280,43
1,SU-14608,0143071485,2021,4,22,23,4,52,1132200,1366,280,43
1,SU-14608,0143071485,2021,4,22,23,4,52,1132800,1366,280,43
1,SU-14608,0143071485,2021,4,22,23,4,52,1133400,1366,280,43
1,SU-14608,0143071485,2021,4,22,23,4,52,1134000,1367,280,42
1,SU-14608,0143071485,2021,4,22,23,4,52,1134600,1366,280,42
1,SU-14608,0143071485,2021,4,22,23,4,52,1135200,1366,280,42
1,SU-14608,0143071485,2021,4,22,23,4,52,1135800,1367,280,42
1,SU-14608,0143071485,2021,4,22,23,4,52,1136400,1367,280,41
1,SU-14608,0143071485,2021,4,22,23,4,52,1137000,1367,280,41
1,SU-14608,0143071485,2021,4,22,23,4,52,1137600,1367,280,41
1,SU-14608,0143071485,2021,4,22,23,4,52,1138200,1367,280,40
1,SU-14608,0143071485,2021,4,22,23,4,52,1138800,1367,280,40
1,SU-14608,0143071485,2021,4,22,23,4,52,1139400,1367,280,40
1,SU-14608,0143071485,2021,4,22,23,4,52,1140000,1366,280,40
1,SU-14608,0143071485,2021,4,22,23,4,52,1140600,1367,280,39
1,SU-14608,0143071485,2021,4,22,23,4,52,1141200,1366,280,39
1,SU-14608,0143071485,2021,4,22,23,4,52,1141800,1367,280,38
1,SU-14608,0143071485,2021,4,22,23,4,52,1142400,1367,280,39
1,SU-14608,0143071485,2021,4,22,23,4,52,1143000,1366,280,39
1,SU-14608,0143071485,2021,4,22,23,4,52,1143600,1366,280,37
1,SU-14608,0143071485,2021,4,22,23,4,52,1144200,1367,280,37
1,SU-14608,0143071485,2021,4,22,23,4,52,1144800,1364,280,37
1,SU-14608,0143071485,2021,4,22,23,4,52,1145400,1363,280,37
1,SU-14608,0143071485,2021,4,22,23,4,52,1146000,1364,280,37
1,SU-14608,0143071485,2021,4,22,23,4,52,1146600,1364,280,36
1,SU-14608,0143071485,2021,4,22,23,4,52,1147200,1363,280,36
1,SU-14608,0143071485,2021,4,22,23,4,52,1147800,1364,280,36
1,SU-14608,0143071485,2021,4,22,23,4,52,1148400,1363,280,36
1,SU-14608,0143071485,2021,4,22,23,4,52,1149000,1363,280,36
1,SU-14608,0143071485,2021,4,22,23,4,52,1149600,1362,280,36
1,SU-14608,0143071485,2021,4,22,23,4,52,1150200,1362,280,36
1,SU-14608,0143071485,2021,4,22,23,4,52,1150800,1362,280,35
1,SU-14608,0143071485,2021,4,22,23,4,52,1151400,1361,280,35
1,SU-14608,0143071485,2021,4,22,23,4,52,1152000,1361,280,35
1,SU-14608,0143071485,2021,4,22,23,4,52,1152600,1361,280,35
1,SU-14608,0143071485,2021,4,22,23,4,52,1153200,1360,280,35
1,SU-14608,0143071485,2021,4,22,23,4,52,1153800,1359,280,35
1,SU-14608,0143071485,2021,4,22,23,4,52,1154400,1359,280,35
1,SU-14608,0143071485,2021,4,22,23,4,52,1155000,1359,280,34
1,SU-14608,0143071485,2021,4,22,23,4,52,1155600,1359,280,34
1,SU-14608,0143071485,2021,4,22,23,4,52,1156200,1358,280,35
1,SU-14608,0143071485,2021,4,22,23,4,52,1156800,1358,280,35
1,SU-14608,0143071485,2021,4,22,23,4,52,1157400,1358,280,34
1,SU-14608,0143071485,2021,4,22,23,4,52,1158000,1357,280,34
1,SU-14608,0143071485,2021,4,22,23,4,52,1158600,1357,280,34
1,SU-14608,0143071485,2021,4,22,23,4,52,1159200,1356,280,34
1,SU-14608,0143071485,2021,4,22,23,4,52,1159800,1356,280,34
1,SU-14608,0143071485,2021,4,22,23,4,52,1160400,1357,280,34
1,SU-14608,0143071485,2021,4,22,23,4,52,1161000,1356,280,34
1,SU-14608,0143071485,2021,4,22,23,4,52,1161600,1355,280,34
1,SU-14608,0143071485,2021,4,22,23,4,52,1162200,1355,280,34
1,SU-14608,0143071485,2021,4,22,23,4,52,1162800,1354,280,34
1,SU-14608,0143071485,2021,4,22,23,4,52,1163400,1354,280,33
1,SU-14608,0143071485,2021,4,22,23,4,52,1164000,1354,280,34
1,SU-14608,0143071485,2021,4,22,23,4,52,1164600,1353,280,34
1,SU-14608,0143071485,2021,4,22,23,4,52,1165200,1353,280,34
1,SU-14608,0143071485,2021,4,22,23,4,52,1165800,1353,280,33
1,SU-14608,0143071485,2021,4,22,23,4,52,1166400,1352,280,34
1,SU-14608,0143071485,2021,4,22,23,4,52,1167000,1352,280,34
1,SU-14608,0143071485,2021,4,22,23,4,52,1167600,1352,280,34
1,SU-14608,0143071485,2021,4,22,23,4,52,1168200,1351,280,33
1,SU-14608,0143071485,2021,4,22,23,4,52,1168800,1351,280,33
1,SU-14608,0143071485,2021,4,22,23,4,52,1169400,1350,280,34
1,SU-14608,0143071485,2021,4,22,23,4,52,1170000,1350,280,34
1,SU-14608,0143071485,2021,4,22,23,4,52,1170600,1350,280,33
1,SU-14608,0143071485,2021,4,22,23,4,52,1171200,1350,280,34
1,SU-14608,0143071485,2021,4,22,23,4,52,1171800,1349,280,34
1,SU-14608,0143071485,2021,4,22,23,4,52,1172400,1349,280,34
1,SU-14608,0143071485,2021,4,22,23,4,52,1173000,1348,280,33
1,SU-14608,0143071485,2021,4,22,23,4,52,1173600,1347,280,34
1,SU-14608,0143071485,2021,4,22,23,4,52,1174200,1347,280,33
1,SU-14608,0143071485,2021,4,22,23,4,52,1174800,1347,280,34
1,SU-14608,0143071485,2021,4,22,23,4,52,1175400,1347,280,34
1,SU-14608,0143071485,2021,4,22,23,4,52,1176000,1346,280,35
1,SU-14608,0143071485,2021,4,22,23,4,52,1176600,1346,280,34
1,SU-14608,0143071485,2021,4,22,23,4,52,1177200,1346,280,33
1,SU-14608,0143071485,2021,4,22,23,4,52,1177800,1345,280,33
1,SU-14608,0143071485,2021,4,22,23,4,52,1178400,1345,280,34
1,SU-14608,0143071485,2021,4,22,23,4,52,1179000,1345,280,34
1,SU-14608,0143071485,2021,4,22,23,4,52,1179600,1344,280,34
1,SU-14608,0143071485,2021,4,22,23,4,52,1180200,1343,280,34
1,SU-14608,0143071485,2021,4,22,23,4,52,1180800,1343,280,34
1,SU-14608,0143071485,2021,4,22,23,4,52,1181400,1343,280,34
1,SU-14608,0143071485,2021,4,22,23,4,52,1182000,1343,280,34
1,SU-14608,0143071485,2021,4,22,23,4,52,1182600,1341,280,33
1,SU-14608,0143071485,2021,4,22,23,4,52,1183200,1341,280,33
1,SU-14608,0143071485,2021,4,22,23,4,52,1183800,1341,280,33
1,SU-14608,0143071485,2021,4,22,23,4,52,1184400,1340,280,34
1,SU-14608,0143071485,2021,4,22,23,4,52,1185000,1340,280,34
1,SU-14608,0143071485,2021,4,22,23,4,52,1185600,1339,280,34
1,SU-14608,0143071485,2021,4,22,23,4,52,1186200,1340,280,34
1,SU-14608,0143071485,2021,4,22,23,4,52,1186800,1339,280,33
1,SU-14608,0143071485,2021,4,22,23,4,52,1187400,1338,280,34
1,SU-14608,0143071485,2021,4,22,23,4,52,1188000,1338,280,33
1,SU-14608,0143071485,2021,4,22,23,4,52,1188600,1338,280,34
1,SU-14608,0143071485,2021,4,22,23,4,52,1189200,1338,280,34
1,SU-14608,0143071485,2021,4,22,23,4,52,1189800,1338,280,34
1,SU-14608,0143071485,2021,4,22,23,4,52,1190400,1338,280,34
1,SU-14608,0143071485,2021,4,22,23,4,52,1191000,1337,280,34
1,SU-14608,0143071485,2021,4,22,23,4,52,1191600,1338,280,34
1,SU-14608,0143071485,2021,4,22,23,4,52,1192200,1338,280,35
1,SU-14608,0143071485,2021,4,22,23,4,52,1192800,1338,280,34
1,SU-14608,0143071485,2021,4,22,23,4,52,1193400,1338,280,34
1,SU-14608,0143071485,2021,4,22,23,4,52,1194000,1337,280,34
1,SU-14608,0143071485,2021,4,22,23,4,52,1194600,1337,280,35
1,SU-14608,0143071485,2021,4,22,23,4,52,1195200,1338,280,34
1,SU-14608,0143071485,2021,4,22,23,4,52,1195800,1338,280,34
1,SU-14608,0143071485,2021,4,22,23,4,52,1196400,1339,280,35
1,SU-14608,0143071485,2021,4,22,23,4,52,1197000,1339,280,35
1,SU-14608,0143071485,2021,4,22,23,4,52,1197600,1338,280,34
1,SU-14608,0143071485,2021,4,22,23,4,52,1198200,1340,280,34
1,SU-14608,0143071485,2021,4,22,23,4,52,1198800,1342,280,35
1,SU-14608,0143071485,2021,4,22,23,4,52,1199400,1343,280,35
1,SU-14608,0143071485,2021,4,22,23,4,52,1200000,1346,280,34
1,SU-14608,0143071485,2021,4,22,23,4,52,1200600,1348,280,35
1,SU-14608,0143071485,2021,4,22,23,4,52,1201200,1350,280,35
1,SU-14608,0143071485,2021,4,22,23,4,52,1201800,1352,280,35
1,SU-14608,0143071485,2021,4,22,23,4,52,1202400,1355,280,35
1,SU-14608,0143071485,2021,4,22,23,4,52,1203000,1358,280,35
1,SU-14608,0143071485,2021,4,22,23,4,52,1203600,1360,280,34
1,SU-14608,0143071485,2021,4,22,23,4,52,1204200,1362,280,34
1,SU-14608,0143071485,2021,4,22,23,4,52,1204800,1364,280,35
1,SU-14608,0143071485,2021,4,22,23,4,52,1205400,1365,280,35
1,SU-14608,0143071485,2021,4,22,23,4,52,1206000,1366,280,34
1,SU-14608,0143071485,2021,4,22,23,4,52,1206600,1368,280,34
1,SU-14608,0143071485,2021,4,22,23,4,52,1207200,1370,280,34
1,SU-14608,0143071485,2021,4,22,23,4,52,1207800,1371,280,34
1,SU-14608,0143071485,2021,4,22,23,4,52,1208400,1372,280,33
1,SU-14608,0143071485,2021,4,22,23,4,52,1209000,1372,280,34
1,SU-14608,0143071485,2021,4,22,23,4,52,1209600,1373,280,34
1,SU-14608,0143071485,2021,4,22,23,4,52,1210200,1375,280,33
1,SU-14608,0143071485,2021,4,22,23,4,52,1210800,1376,280,32
1,SU-14608,0143071485,2021,4,22,23,4,52,1211400,1375,280,33
1,SU-14608,0143071485,2021,4,22,23,4,52,1212000,1377,280,33
1,SU-14608,0143071485,2021,4,22,23,4,52,1212600,1378,280,33
1,SU-14608,0143071485,2021,4,22,23,4,52,1213200,1378,280,33
1,SU-14608,0143071485,2021,4,22,23,4,52,1213800,1379,280,32
1,SU-14608,0143071485,2021,4,22,23,4,52,1214400,1379,280,34
1,SU-14608,0143071485,2021,4,22,23,4,52,1215000,1380,280,32
1,SU-14608,0143071485,2021,4,22,23,4,52,1215600,1380,280,32
1,SU-14608,0143071485,2021,4,22,23,4,52,1216200,1380,280,32
1,SU-14608,0143071485,2021,4,22,23,4,52,1216800,1380,280,32
1,SU-14608,0143071485,2021,4,22,23,4,52,1217400,1380,280,32
1,SU-14608,0143071485,2021,4,22,23,4,52,1218000,1380,280,32
1,SU-14608,0143071485,2021,4,22,23,4,52,1218600,1380,280,31
1,SU-14608,0143071485,2021,4,22,23,4,52,1219200,1380,280,31
1,SU-14608,0143071485,2021,4,22,23,4,52,1219800,1380,280,31
1,SU-14608,0143071485,2021,4,22,23,4,52,1220400,1380,280,31
1,SU-14608,0143071485,2021,4,22,23,4,52,1221000,1380,280,31
1,SU-14608,0143071485,2021,4,22,23,4,52,1221600,1380,280,30
1,SU-14608,0143071485,2021,4,22,23,4,52,1222200,1380,280,30
1,SU-14608,0143071485,2021,4,22,23,4,52,1222800,1380,280,29
1,SU-14608,0143071485,2021,4,22,23,4,52,1223400,1380,280,29
1,SU-14608,0143071485,2021,4,22,23,4,52,1224000,1380,280,29
1,SU-14608,0143071485,2021,4,22,23,4,52,1224600,1379,280,28
1,SU-14608,0143071485,2021,4,22,23,4,52,1225200,1379,280,29
1,SU-14608,0143071485,2021,4,22,23,4,52,1225800,1379,280,28
1,SU-14608,0143071485,2021,4,22,23,4,52,1226400,1379,280,27
1,SU-14608,0143071485,2021,4,22,23,4,52,1227000,1378,280,27
1,SU-14608,0143071485,2021,4,22,23,4,52,1227600,1378,280,27
1,SU-14608,0143071485,2021,4,22,23,4,52,1228200,1378,280,27
1,SU-14608,0143071485,2021,4,22,23,4,52,1228800,1378,280,26
1,SU-14608,0143071485,2021,4,22,23,4,52,1229400,1377,280,26
1,SU-14608,0143071485,2021,4,22,23,4,52,1230000,1376,280,26
1,SU-14608,0143071485,2021,4,22,23,4,52,1230600,1376,280,26
1,SU-14608,0143071485,2021,4,22,23,4,52,1231200,1376,280,15
1,SU-14608,0143071485,2021,4,22,23,4,52,1231800,1376,280,26
1,SU-14608,0143071485,2021,4,22,23,4,52,1232400,1376,280,15
1,SU-14608,0143071485,2021,4,22,23,4,52,1233000,1375,280,15
1,SU-14608,0143071485,2021,4,22,23,4,52,1233600,1374,280,14
1,SU-14608,0143071485,2021,4,22,23,4,52,1234200,1375,280,13
1,SU-14608,0143071485,2021,4,22,23,4,52,1234800,1375,280,14
1,SU-14608,0143071485,2021,4,22,23,4,52,1235400,1374,280,13
1,SU-14608,0143071485,2021,4,22,23,4,52,1236000,1374,280,13
1,SU-14608,0143071485,2021,4,22,23,4,52,1236600,1374,280,13
1,SU-14608,0143071485,2021,4,22,23,4,52,1237200,1373,280,13
1,SU-14608,0143071485,2021,4,22,23,4,52,1237800,1374,280,12
1,SU-14608,0143071485,2021,4,22,23,4,52,1238400,1374,280,12
1,SU-14608,0143071485,2021,4,22,23,4,52,1239000,1373,280,12
1,SU-14608,0143071485,2021,4,22,23,4,52,1239600,1373,280,13
1,SU-14608,0143071485,2021,4,22,23,4,52,1240200,1374,280,13
1,SU-14608,0143071485,2021,4,22,23,4,52,1240800,1373,280,12
1,SU-14608,0143071485,2021,4,22,23,4,52,1241400,1374,280,13
1,SU-14608,0143071485,2021,4,22,23,4,52,1242000,1372,280,12
1,SU-14608,0143071485,2021,4,22,23,4,52,1242600,1372,280,12
1,SU-14608,0143071485,2021,4,22,23,4,52,1243200,1373,280,12
1,SU-14608,0143071485,2021,4,22,23,4,52,1243800,1372,280,12
1,SU-14608,0143071485,2021,4,22,23,4,52,1244400,1372,280,12
1,SU-14608,0143071485,2021,4,22,23,4,52,1245000,1372,280,12
1,SU-14608,0143071485,2021,4,22,23,4,52,1245600,1372,280,12
1,SU-14608,0143071485,2021,4,22,23,4,52,1246200,1372,280,12
1,SU-14608,0143071485,2021,4,22,23,4,52,1246800,1372,280,12
1,SU-14608,0143071485,2021,4,22,23,4,52,1247400,1372,280,12
1,SU-14608,0143071485,2021,4,22,23,4,52,1248000,1372,280,12
1,SU-14608,0143071485,2021,4,22,23,4,52,1248600,1372,280,12
1,SU-14608,0143071485,2021,4,22,23,4,52,1249200,1372,280,12
1,SU-14608,0143071485,2021,4,22,23,4,52,1249800,1372,280,12
1,SU-14608,0143071485,2021,4,22,23,4,52,1250400,1371,280,12
1,SU-14608,0143071485,2021,4,22,23,4,52,1251000,1372,280,12
1,SU-14608,0143071485,2021,4,22,23,4,52,1251600,1371,280,12
1,SU-14608,0143071485,2021,4,22,23,4,52,1252200,1372,280,12
1,SU-14608,0143071485,2021,4,22,23,4,52,1252800,1372,280,12
1,SU-14608,0143071485,2021,4,22,23,4,52,1253400,1371,280,12
1,SU-14608,0143071485,2021,4,22,23,4,52,1254000,1371,280,12
1,SU-14608,0143071485,2021,4,22,23,4,52,1254600,1371,280,12
1,SU-14608,0143071485,2021,4,22,23,4,52,1255200,1370,280,12
1,SU-14608,0143071485,2021,4,22,23,4,52,1255800,1370,280,12
1,SU-14608,0143071485,2021,4,22,23,4,52,1256400,1371,280,12
1,SU-14608,0143071485,2021,4,22,23,4,52,1257000,1370,280,12
1,SU-14608,0143071485,2021,4,22,23,4,52,1257600,1370,280,12
1,SU-14608,0143071485,2021,4,22,23,4,52,1258200,1369,280,12
1,SU-14608,0143071485,2021,4,22,23,4,52,1258800,1368,280,12
1,SU-14608,0143071485,2021,4,22,23,4,52,1259400,1368,280,13
1,SU-14608,0143071485,2021,4,22,23,4,52,1260000,1368,280,12
1,SU-14608,0143071485,2021,4,22,23,4,52,1260600,1368,280,13
1,SU-14608,0143071485,2021,4,22,23,4,52,1261200,1368,280,13
1,SU-14608,0143071485,2021,4,22,23,4,52,1261800,1368,280,13
1,SU-14608,0143071485,2021,4,22,23,4,52,1262400,1367,280,13
1,SU-14608,0143071485,2021,4,22,23,4,52,1263000,1367,280,13
1,SU-14608,0143071485,2021,4,22,23,4,52,1263600,1367,280,13
1,SU-14608,0143071485,2021,4,22,23,4,52,1264200,1366,280,14
1,SU-14608,0143071485,2021,4,22,23,4,52,1264800,1366,280,13
1,SU-14608,0143071485,2021,4,22,23,4,52,1265400,1366,280,14
1,SU-14608,0143071485,2021,4,22,23,4,52,1266000,1366,280,14
1,SU-14608,0143071485,2021,4,22,23,4,52,1266600,1365,280,15
1,SU-14608,0143071485,2021,4,22,23,4,52,1267200,1365,280,14
1,SU-14608,0143071485,2021,4,22,23,4,52,1267800,1366,280,14
1,SU-14608,0143071485,2021,4,22,23,4,52,1268400,1366,280,14
1,SU-14608,0143071485,2021,4,22,23,4,52,1269000,1366,280,15
1,SU-14608,0143071485,2021,4,22,23,4,52,1269600,1367,280,15
1,SU-14608,0143071485,2021,4,22,23,4,52,1270200,1367,280,15
1,SU-14608,0143071485,2021,4,22,23,4,52,1270800,1367,280,15
1,SU-14608,0143071485,2021,4,22,23,4,52,1271400,1368,280,15
1,SU-14608,0143071485,2021,4,22,23,4,52,1272000,1369,280,14
1,SU-14608,0143071485,2021,4,22,23,4,52,1272600,1369,280,14
1,SU-14608,0143071485,2021,4,22,23,4,52,1273200,1370,280,14
1,SU-14608,0143071485,2021,4,22,23,4,52,1273800,1372,280,13
1,SU-14608,0143071485,2021,4,22,23,4,52,1274400,1372,280,14
1,SU-14608,0143071485,2021,4,22,23,4,52,1275000,1373,280,14
1,SU-14608,0143071485,2021,4,22,23,4,52,1275600,1374,280,14
1,SU-14608,0143071485,2021,4,22,23,4,52,1276200,1375,280,14
1,SU-14608,0143071485,2021,4,22,23,4,52,1276800,1376,280,13
1,SU-14608,0143071485,2021,4,22,23,4,52,1277400,1377,280,13
1,SU-14608,0143071485,2021,4,22,23,4,52,1278000,1379,280,12
1,SU-14608,0143071485,2021,4,22,23,4,52,1278600,1380,280,13
1,SU-14608,0143071485,2021,4,22,23,4,52,1279200,1382,280,12
1,SU-14608,0143071485,2021,4,22,23,4,52,1279800,1384,280,12
1,SU-14608,0143071485,2021,4,22,23,4,52,1280400,1386,280,12
1,SU-14608,0143071485,2021,4,22,23,4,52,1281000,1388,280,11
1,SU-14608,0143071485,2021,4,22,23,4,52,1281600,1391,280,11
1,SU-14608,0143071485,2021,4,22,23,4,52,1282200,1393,280,11
1,SU-14608,0143071485,2021,4,22,23,4,52,1282800,1396,280,10
1,SU-14608,0143071485,2021,4,22,23,4,52,1283400,1398,280,10
1,SU-14608,0143071485,2021,4,22,23,4,52,1284000,1400,280,09
1,SU-14608,0143071485,2021,4,22,23,4,52,1284600,1403,280,09
1,SU-14608,0143071485,2021,4,22,23,4,52,1285200,1405,280,09
1,SU-14608,0143071485,2021,4,22,23,4,52,1285800,1407,280,09
1,SU-14608,0143071485,2021,4,22,23,4,52,1286400,1408,280,08
1,SU-14608,0143071485,2021,4,22,23,4,52,1287000,1409,280,08
1,SU-14608,0143071485,2021,4,22,23,4,52,1287600,1411,280,08
1,SU-14608,0143071485,2021,4,22,23,4,52,1288200,1412,280,07
1,SU-14608,0143071485,2021,4,22,23,4,52,1288800,1415,280,07
1,SU-14608,0143071485,2021,4,22,23,4,52,1289400,1416,280,07
1,SU-14608,0143071485,2021,4,22,23,4,52,1290000,1417,280,06
1,SU-14608,0143071485,2021,4,22,23,4,52,1290600,1452,280,06
1,SU-14608,0143071485,2021,4,22,23,4,52,1291200,1487,280,04
1,SU-14608,0143071485,2021,4,22,23,4,52,1291800,1503,280,06
1,SU-14608,0143071485,2021,4,22,23,4,52,1292400,1510,280,07
1,SU-14608,0143071485,2021,4,22,23,4,52,1293000,1514,280,08
1,SU-14608,0143071485,2021,4,22,23,4,52,1293600,1514,280,07
1,SU-14608,0143071485,2021,4,22,23,4,52,1294200,1512,280,06
1,SU-14608,0143071485,2021,4,22,23,4,52,1294800,1512,280,04
1,SU-14608,0143071485,2021,4,22,23,4,52,1295400,1510,280,02
1,SU-14608,0143071485,2021,4,22,23,4,52,1296000,1508,280,01
1,SU-14608,0143071485,2021,4,22,23,4,52,1296600,1506,280,00
1,SU-14608,0143071485,2021,4,22,23,4,52,1297200,1503,280,00
1,SU-14608,0143071485,2021,4,22,23,4,52,1297800,1499,280,00
1,SU-14608,0143071485,2021,4,22,23,4,52,1298400,1495,279,98
1,SU-14608,0143071485,2021,4,22,23,4,52,1299000,1490,279,98
1,SU-14608,0143071485,2021,4,22,23,4,52,1299600,1485,279,98
1,SU-14608,0143071485,2021,4,22,23,4,52,1300200,1480,279,97
1,SU-14608,0143071485,2021,4,22,23,4,52,1300800,1475,279,97
1,SU-14608,0143071485,2021,4,22,23,4,52,1301400,1471,279,97
1,SU-14608,0143071485,2021,4,22,23,4,52,1302000,1468,279,97
1,SU-14608,0143071485,2021,4,22,23,4,52,1302600,1463,279,96
1,SU-14608,0143071485,2021,4,22,23,4,52,1303200,1458,279,96
1,SU-14608,0143071485,2021,4,22,23,4,52,1303800,1453,279,96
1,SU-14608,0143071485,2021,4,22,23,4,52,1304400,1449,279,95
1,SU-14608,0143071485,2021,4,22,23,4,52,1305000,1445,279,95
1,SU-14608,0143071485,2021,4,22,23,4,52,1305600,1440,279,95
1,SU-14608,0143071485,2021,4,22,23,4,52,1306200,1437,279,95
1,SU-14608,0143071485,2021,4,22,23,4,52,1306800,1434,279,95
1,SU-14608,0143071485,2021,4,22,23,4,52,1307400,1430,279,95
1,SU-14608,0143071485,2021,4,22,23,4,52,1308000,1428,279,95
1,SU-14608,0143071485,2021,4,22,23,4,52,1308600,1425,279,95
1,SU-14608,0143071485,2021,4,22,23,4,52,1309200,1422,279,94
1,SU-14608,0143071485,2021,4,22,23,4,52,1309800,1421,279,94
1,SU-14608,0143071485,2021,4,22,23,4,52,1310400,1419,279,95
1,SU-14608,0143071485,2021,4,22,23,4,52,1311000,1419,279,94
1,SU-14608,0143071485,2021,4,22,23,4,52,1311600,1418,279,94
1,SU-14608,0143071485,2021,4,22,23,4,52,1312200,1417,279,93
1,SU-14608,0143071485,2021,4,22,23,4,52,1312800,1416,279,94
1,SU-14608,0143071485,2021,4,22,23,4,52,1313400,1415,279,94
1,SU-14608,0143071485,2021,4,22,23,4,52,1314000,1415,279,95
1,SU-14608,0143071485,2021,4,22,23,4,52,1314600,1414,279,94
1,SU-14608,0143071485,2021,4,22,23,4,52,1315200,1413,279,94
1,SU-14608,0143071485,2021,4,22,23,4,52,1315800,1411,279,94
1,SU-14608,0143071485,2021,4,22,23,4,52,1316400,1410,279,94
1,SU-14608,0143071485,2021,4,22,23,4,52,1317000,1409,279,93
1,SU-14608,0143071485,2021,4,22,23,4,52,1317600,1408,279,94
1,SU-14608,0143071485,2021,4,22,23,4,52,1318200,1407,279,94
1,SU-14608,0143071485,2021,4,22,23,4,52,1318800,1407,279,94
1,SU-14608,0143071485,2021,4,22,23,4,52,1319400,1405,279,94
1,SU-14608,0143071485,2021,4,22,23,4,52,1320000,1405,279,93
1,SU-14608,0143071485,2021,4,22,23,4,52,1320600,1404,279,94
1,SU-14608,0143071485,2021,4,22,23,4,52,1321200,1404,279,93
1,SU-14608,0143071485,2021,4,22,23,4,52,1321800,1402,279,94
1,SU-14608,0143071485,2021,4,22,23,4,52,1322400,1402,279,94
1,SU-14608,0143071485,2021,4,22,23,4,52,1323000,1401,279,94
1,SU-14608,0143071485,2021,4,22,23,4,52,1323600,1400,279,94
1,SU-14608,0143071485,2021,4,22,23,4,52,1324200,1398,279,95
1,SU-14608,0143071485,2021,4,22,23,4,52,1324800,1397,279,95
1,SU-14608,0143071485,2021,4,22,23,4,52,1325400,1397,279,95
1,SU-14608,0143071485,2021,4,22,23,4,52,1326000,1396,279,95
1,SU-14608,0143071485,2021,4,22,23,4,52,1326600,1395,279,94
1,SU-14608,0143071485,2021,4,22,23,4,52,1327200,1393,279,95
1,SU-14608,0143071485,2021,4,22,23,4,52,1327800,1393,279,95
1,SU-14608,0143071485,2021,4,22,23,4,52,1328400,1392,279,95
1,SU-14608,0143071485,2021,4,22,23,4,52,1329000,1392,279,95
1,SU-14608,0143071485,2021,4,22,23,4,52,1329600,1391,279,95
1,SU-14608,0143071485,2021,4,22,23,4,52,1330200,1390,279,95
1,SU-14608,0143071485,2021,4,22,23,4,52,1330800,1389,279,95
1,SU-14608,0143071485,2021,4,22,23,4,52,1331400,1388,279,95
1,SU-14608,0143071485,2021,4,22,23,4,52,1332000,1388,279,95
1,SU-14608,0143071485,2021,4,22,23,4,52,1332600,1387,279,95
1,SU-14608,0143071485,2021,4,22,23,4,52,1333200,1385,279,95
1,SU-14608,0143071485,2021,4,22,23,4,52,1333800,1385,279,95
1,SU-14608,0143071485,2021,4,22,23,4,52,1334400,1384,279,95
1,SU-14608,0143071485,2021,4,22,23,4,52,1335000,1384,279,95
1,SU-14608,0143071485,2021,4,22,23,4,52,1335600,1383,279,95
1,SU-14608,0143071485,2021,4,22,23,4,52,1336200,1382,279,95
1,SU-14608,0143071485,2021,4,22,23,4,52,1336800,1382,279,95
1,SU-14608,0143071485,2021,4,22,23,4,52,1337400,1381,279,95
1,SU-14608,0143071485,2021,4,22,23,4,52,1338000,1380,279,95
1,SU-14608,0143071485,2021,4,22,23,4,52,1338600,1380,279,95
1,SU-14608,0143071485,2021,4,22,23,4,52,1339200,1379,279,95
1,SU-14608,0143071485,2021,4,22,23,4,52,1339800,1379,279,95
1,SU-14608,0143071485,2021,4,22,23,4,52,1340400,1378,279,95
1,SU-14608,0143071485,2021,4,22,23,4,52,1341000,1377,279,95
1,SU-14608,0143071485,2021,4,22,23,4,52,1341600,1377,279,94
1,SU-14608,0143071485,2021,4,22,23,4,52,1342200,1376,279,93
1,SU-14608,0143071485,2021,4,22,23,4,52,1342800,1375,279,94
1,SU-14608,0143071485,2021,4,22,23,4,52,1343400,1376,279,94
1,SU-14608,0143071485,2021,4,22,23,4,52,1344000,1374,279,94
1,SU-14608,0143071485,2021,4,22,23,4,52,1344600,1375,279,93
1,SU-14608,0143071485,2021,4,22,23,4,52,1345200,1374,279,94
1,SU-14608,0143071485,2021,4,22,23,4,52,1345800,1373,279,93
1,SU-14608,0143071485,2021,4,22,23,4,52,1346400,1373,279,93
1,SU-14608,0143071485,2021,4,22,23,4,52,1347000,1372,279,93
1,SU-14608,0143071485,2021,4,22,23,4,52,1347600,1372,279,93
1,SU-14608,0143071485,2021,4,22,23,4,52,1348200,1372,279,93
1,SU-14608,0143071485,2021,4,22,23,4,52,1348800,1371,279,93
1,SU-14608,0143071485,2021,4,22,23,4,52,1349400,1370,279,93
1,SU-14608,0143071485,2021,4,22,23,4,52,1350000,1370,279,93
1,SU-14608,0143071485,2021,4,22,23,4,52,1350600,1370,279,93
1,SU-14608,0143071485,2021,4,22,23,4,52,1351200,1371,279,93
1,SU-14608,0143071485,2021,4,22,23,4,52,1351800,1370,279,92
1,SU-14608,0143071485,2021,4,22,23,4,52,1352400,1370,279,92
1,SU-14608,0143071485,2021,4,22,23,4,52,1353000,1370,279,91
1,SU-14608,0143071485,2021,4,22,23,4,52,1353600,1371,279,90
1,SU-14608,0143071485,2021,4,22,23,4,52,1354200,1371,279,91
1,SU-14608,0143071485,2021,4,22,23,4,52,1354800,1371,279,90
1,SU-14608,0143071485,2021,4,22,23,4,52,1355400,1372,279,91
1,SU-14608,0143071485,2021,4,22,23,4,52,1356000,1372,279,90
1,SU-14608,0143071485,2021,4,22,23,4,52,1356600,1373,279,90
1,SU-14608,0143071485,2021,4,22,23,4,52,1357200,1374,279,90
1,SU-14608,0143071485,2021,4,22,23,4,52,1357800,1376,279,90
1,SU-14608,0143071485,2021,4,22,23,4,52,1358400,1378,279,89
1,SU-14608,0143071485,2021,4,22,23,4,52,1359000,1379,279,90
1,SU-14608,0143071485,2021,4,22,23,4,52,1359600,1382,279,88
1,SU-14608,0143071485,2021,4,22,23,4,52,1360200,1384,279,89
1,SU-14608,0143071485,2021,4,22,23,4,52,1360800,1386,279,88
1,SU-14608,0143071485,2021,4,22,23,4,52,1361400,1389,279,87
1,SU-14608,0143071485,2021,4,22,23,4,52,1362000,1391,279,87
1,SU-14608,0143071485,2021,4,22,23,4,52,1362600,1395,279,87
1,SU-14608,0143071485,2021,4,22,23,4,52,1363200,1398,279,87
1,SU-14608,0143071485,2021,4,22,23,4,52,1363800,1401,279,86
1,SU-14608,0143071485,2021,4,22,23,4,52,1364400,1402,279,85
1,SU-14608,0143071485,2021,4,22,23,4,52,1365000,1404,279,85
1,SU-14608,0143071485,2021,4,22,23,4,52,1365600,1406,279,86
1,SU-14608,0143071485,2021,4,22,23,4,52,1366200,1409,279,84
1,SU-14608,0143071485,2021,4,22,23,4,52,1366800,1411,279,84
1,SU-14608,0143071485,2021,4,22,23,4,52,1367400,1413,279,84
1,SU-14608,0143071485,2021,4,22,23,4,52,1368000,1475,279,84
1,SU-14608,0143071485,2021,4,22,23,4,52,1368600,1524,279,83
1,SU-14608,0143071485,2021,4,22,23,4,52,1369200,1550,279,85
1,SU-14608,0143071485,2021,4,22,23,4,52,1369800,1568,279,87
1,SU-14608,0143071485,2021,4,22,23,4,52,1370400,1580,279,84
1,SU-14608,0143071485,2021,4,22,23,4,52,1371000,1592,279,82
1,SU-14608,0143071485,2021,4,22,23,4,52,1371600,1603,279,80
1,SU-14608,0143071485,2021,4,22,23,4,52,1372200,1609,279,78
1,SU-14608,0143071485,2021,4,22,23,4,52,1372800,1615,279,78
1,SU-14608,0143071485,2021,4,22,23,4,52,1373400,1619,279,76
1,SU-14608,0143071485,2021,4,22,23,4,52,1374000,1625,279,75
1,SU-14608,0143071485,2021,4,22,23,4,52,1374600,1627,279,74
1,SU-14608,0143071485,2021,4,22,23,4,52,1375200,1628,279,73
1,SU-14608,0143071485,2021,4,22,23,4,52,1375800,1629,279,73
1,SU-14608,0143071485,2021,4,22,23,4,52,1376400,1629,279,71
1,SU-14608,0143071485,2021,4,22,23,4,52,1377000,1629,279,71
1,SU-14608,0143071485,2021,4,22,23,4,52,1377600,1627,279,70
1,SU-14608,0143071485,2021,4,22,23,4,52,1378200,1624,279,70
1,SU-14608,0143071485,2021,4,22,23,4,52,1378800,1621,279,70
1,SU-14608,0143071485,2021,4,22,23,4,52,1379400,1618,279,69
1,SU-14608,0143071485,2021,4,22,23,4,52,1380000,1614,279,68
1,SU-14608,0143071485,2021,4,22,23,4,52,1380600,1610,279,67
1,SU-14608,0143071485,2021,4,22,23,4,52,1381200,1606,279,67
1,SU-14608,0143071485,2021,4,22,23,4,52,1381800,1601,279,67
1,SU-14608,0143071485,2021,4,22,23,4,52,1382400,1595,279,66
1,SU-14608,0143071485,2021,4,22,23,4,52,1383000,1591,279,67
1,SU-14608,0143071485,2021,4,22,23,4,52,1383600,1584,279,65
1,SU-14608,0143071485,2021,4,22,23,4,52,1384200,1578,279,65
1,SU-14608,0143071485,2021,4,22,23,4,52,1384800,1571,279,65
1,SU-14608,0143071485,2021,4,22,23,4,52,1385400,1565,279,65
1,SU-14608,0143071485,2021,4,22,23,4,52,1386000,1559,279,65
1,SU-14608,0143071485,2021,4,22,23,4,52,1386600,1553,279,65
1,SU-14608,0143071485,2021,4,22,23,4,52,1387200,1547,279,64
1,SU-14608,0143071485,2021,4,22,23,4,52,1387800,1540,279,65
1,SU-14608,0143071485,2021,4,22,23,4,52,1388400,1533,279,66
1,SU-14608,0143071485,2021,4,22,23,4,52,1389000,1527,279,65
1,SU-14608,0143071485,2021,4,22,23,4,52,1389600,1521,279,66
1,SU-14608,0143071485,2021,4,22,23,4,52,1390200,1513,279,66
1,SU-14608,0143071485,2021,4,22,23,4,52,1390800,1505,279,66
1,SU-14608,0143071485,2021,4,22,23,4,52,1391400,1500,279,66
1,SU-14608,0143071485,2021,4,22,23,4,52,1392000,1493,279,66
1,SU-14608,0143071485,2021,4,22,23,4,52,1392600,1488,279,67
1,SU-14608,0143071485,2021,4,22,23,4,52,1393200,1482,279,66
1,SU-14608,0143071485,2021,4,22,23,4,52,1393800,1476,279,66
1,SU-14608,0143071485,2021,4,22,23,4,52,1394400,1470,279,67
1,SU-14608,0143071485,2021,4,22,23,4,52,1395000,1464,279,67
1,SU-14608,0143071485,2021,4,22,23,4,52,1395600,1460,279,66
1,SU-14608,0143071485,2021,4,22,23,4,52,1396200,1455,279,66
1,SU-14608,0143071485,2021,4,22,23,4,52,1396800,1450,279,66
1,SU-14608,0143071485,2021,4,22,23,4,52,1397400,1445,279,67
1,SU-14608,0143071485,2021,4,22,23,4,52,1398000,1440,279,66
1,SU-14608,0143071485,2021,4,22,23,4,52,1398600,1436,279,66
1,SU-14608,0143071485,2021,4,22,23,4,52,1399200,1431,279,66
1,SU-14608,0143071485,2021,4,22,23,4,52,1399800,1428,279,65
1,SU-14608,0143071485,2021,4,22,23,4,52,1400400,1426,279,65
1,SU-14608,0143071485,2021,4,22,23,4,52,1401000,1422,279,65
1,SU-14608,0143071485,2021,4,22,23,4,52,1401600,1420,279,64
1,SU-14608,0143071485,2021,4,22,23,4,52,1402200,1417,279,64
1,SU-14608,0143071485,2021,4,22,23,4,52,1402800,1415,279,65
1,SU-14608,0143071485,2021,4,22,23,4,52,1403400,1413,279,64
1,SU-14608,0143071485,2021,4,22,23,4,52,1404000,1412,279,64
1,SU-14608,0143071485,2021,4,22,23,4,52,1404600,1410,279,64
1,SU-14608,0143071485,2021,4,22,23,4,52,1405200,1409,279,63
1,SU-14608,0143071485,2021,4,22,23,4,52,1405800,1409,279,64
1,SU-14608,0143071485,2021,4,22,23,4,52,1406400,1408,279,63
1,SU-14608,0143071485,2021,4,22,23,4,52,1407000,1408,279,62
1,SU-14608,0143071485,2021,4,22,23,4,52,1407600,1407,279,63
1,SU-14608,0143071485,2021,4,22,23,4,52,1408200,1405,279,62
1,SU-14608,0143071485,2021,4,22,23,4,52,1408800,1405,279,62
1,SU-14608,0143071485,2021,4,22,23,4,52,1409400,1404,279,62
1,SU-14608,0143071485,2021,4,22,23,4,52,1410000,1402,279,62
1,SU-14608,0143071485,2021,4,22,23,4,52,1410600,1402,279,62
1,SU-14608,0143071485,2021,4,22,23,4,52,1411200,1401,279,61
1,SU-14608,0143071485,2021,4,22,23,4,52,1411800,1400,279,62
1,SU-14608,0143071485,2021,4,22,23,4,52,1412400,1398,279,61
1,SU-14608,0143071485,2021,4,22,23,4,52,1413000,1397,279,61
1,SU-14608,0143071485,2021,4,22,23,4,52,1413600,1397,279,60
1,SU-14608,0143071485,2021,4,22,23,4,52,1414200,1396,279,59
1,SU-14608,0143071485,2021,4,22,23,4,52,1414800,1395,279,60
1,SU-14608,0143071485,2021,4,22,23,4,52,1415400,1394,279,60
1,SU-14608,0143071485,2021,4,22,23,4,52,1416000,1394,279,59
1,SU-14608,0143071485,2021,4,22,23,4,52,1416600,1392,279,60
1,SU-14608,0143071485,2021,4,22,23,4,52,1417200,1391,279,60
1,SU-14608,0143071485,2021,4,22,23,4,52,1417800,1389,279,60
1,SU-14608,0143071485,2021,4,22,23,4,52,1418400,1388,279,60
1,SU-14608,0143071485,2021,4,22,23,4,52,1419000,1387,279,60
1,SU-14608,0143071485,2021,4,22,23,4,52,1419600,1386,279,60
1,SU-14608,0143071485,2021,4,22,23,4,52,1420200,1384,279,60
1,SU-14608,0143071485,2021,4,22,23,4,52,1420800,1384,279,61
1,SU-14608,0143071485,2021,4,22,23,4,52,1421400,1384,279,61
1,SU-14608,0143071485,2021,4,22,23,4,52,1422000,1383,279,60
1,SU-14608,0143071485,2021,4,22,23,4,52,1422600,1380,279,61
1,SU-14608,0143071485,2021,4,22,23,4,52,1423200,1380,279,61
1,SU-14608,0143071485,2021,4,22,23,4,52,1423800,1379,279,62
1,SU-14608,0143071485,2021,4,22,23,4,52,1424400,1378,279,60
1,SU-14608,0143071485,2021,4,22,23,4,52,1425000,1378,279,61
1,SU-14608,0143071485,2021,4,22,23,4,52,1425600,1376,279,61
1,SU-14608,0143071485,2021,4,22,23,4,52,1426200,1375,279,62
1,SU-14608,0143071485,2021,4,22,23,4,52,1426800,1375,279,61
1,SU-14608,0143071485,2021,4,22,23,4,52,1427400,1375,279,61
1,SU-14608,0143071485,2021,4,22,23,4,52,1428000,1374,279,61
1,SU-14608,0143071485,2021,4,22,23,4,52,1428600,1374,279,61
1,SU-14608,0143071485,2021,4,22,23,4,52,1429200,1374,279,61
1,SU-14608,0143071485,2021,4,22,23,4,52,1429800,1373,279,62
1,SU-14608,0143071485,2021,4,22,23,4,52,1430400,1372,279,61
1,SU-14608,0143071485,2021,4,22,23,4,52,1431000,1370,279,61
1,SU-14608,0143071485,2021,4,22,23,4,52,1431600,1369,279,61
1,SU-14608,0143071485,2021,4,22,23,4,52,1432200,1368,279,62
1,SU-14608,0143071485,2021,4,22,23,4,52,1432800,1368,279,62
1,SU-14608,0143071485,2021,4,22,23,4,52,1433400,1367,279,61
1,SU-14608,0143071485,2021,4,22,23,4,52,1434000,1366,279,62
1,SU-14608,0143071485,2021,4,22,23,4,52,1434600,1366,279,62
1,SU-14608,0143071485,2021,4,22,23,4,52,1435200,1365,279,62
1,SU-14608,0143071485,2021,4,22,23,4,52,1435800,1364,279,61
1,SU-14608,0143071485,2021,4,22,23,4,52,1436400,1363,279,62
1,SU-14608,0143071485,2021,4,22,23,4,52,1437000,1362,279,62
1,SU-14608,0143071485,2021,4,22,23,4,52,1437600,1361,279,62
1,SU-14608,0143071485,2021,4,22,23,4,52,1438200,1361,279,62
1,SU-14608,0143071485,2021,4,22,23,4,52,1438800,1361,279,62
1,SU-14608,0143071485,2021,4,22,23,4,52,1439400,1361,279,62
1,SU-14608,0143071485,2021,4,22,23,4,52,1440000,1361,279,62
1,SU-14608,0143071485,2021,4,22,23,4,52,1440600,1362,279,62
1,SU-14608,0143071485,2021,4,22,23,4,52,1441200,1362,279,62
1,SU-14608,0143071485,2021,4,22,23,4,52,1441800,1361,279,62
1,SU-14608,0143071485,2021,4,22,23,4,52,1442400,1363,279,62
1,SU-14608,0143071485,2021,4,22,23,4,52,1443000,1364,279,62
1,SU-14608,0143071485,2021,4,22,23,4,52,1443600,1366,279,62
1,SU-14608,0143071485,2021,4,22,23,4,52,1444200,1368,279,61
1,SU-14608,0143071485,2021,4,22,23,4,52,1444800,1371,279,61
1,SU-14608,0143071485,2021,4,22,23,4,52,1445400,1373,279,60
1,SU-14608,0143071485,2021,4,22,23,4,52,1446000,1375,279,60
1,SU-14608,0143071485,2021,4,22,23,4,52,1446600,1379,279,59
1,SU-14608,0143071485,2021,4,22,23,4,52,1447200,1383,279,60
1,SU-14608,0143071485,2021,4,22,23,4,52,1447800,1386,279,59
1,SU-14608,0143071485,2021,4,22,23,4,52,1448400,1389,279,59
1,SU-14608,0143071485,2021,4,22,23,4,52,1449000,1392,279,59
1,SU-14608,0143071485,2021,4,22,23,4,52,1449600,1394,279,58
1,SU-14608,0143071485,2021,4,22,23,4,52,1450200,1396,279,58
1,SU-14608,0143071485,2021,4,22,23,4,52,1450800,1397,279,56
1,SU-14608,0143071485,2021,4,22,23,4,52,1451400,1400,279,56
1,SU-14608,0143071485,2021,4,22,23,4,52,1452000,1402,279,56
1,SU-14608,0143071485,2021,4,22,23,4,52,1452600,1403,279,56
1,SU-14608,0143071485,2021,4,22,23,4,52,1453200,1403,279,55
1,SU-14608,0143071485,2021,4,22,23,4,52,1453800,1452,279,53
1,SU-14608,0143071485,2021,4,22,23,4,52,1454400,1489,279,53
1,SU-14608,0143071485,2021,4,22,23,4,52,1455000,1512,279,55
1,SU-14608,0143071485,2021,4,22,23,4,52,1455600,1531,279,57
1,SU-14608,0143071485,2021,4,22,23,4,52,1456200,1555,279,57
1,SU-14608,0143071485,2021,4,22,23,4,52,1456800,1585,279,54
1,SU-14608,0143071485,2021,4,22,23,4,52,1457400,1633,279,52
1,SU-14608,0143071485,2021,4,22,23,4,52,1458000,1695,279,49
1,SU-14608,0143071485,2021,4,22,23,4,52,1458600,1755,279,48
1,SU-14608,0143071485,2021,4,22,23,4,52,1459200,1815,279,45
1,SU-14608,0143071485,2021,4,22,23,4,52,1459800,1862,279,43
1,SU-14608,0143071485,2021,4,22,23,4,52,1460400,1906,279,41
1,SU-14608,0143071485,2021,4,22,23,4,52,1461000,1952,279,39
1,SU-14608,0143071485,2021,4,22,23,4,52,1461600,2013,279,37
1,SU-14608,0143071485,2021,4,22,23,4,52,1462200,2096,279,36
1,SU-14608,0143071485,2021,4,22,23,4,52,1462800,2226,279,33
1,SU-14608,0143071485,2021,4,22,23,4,52,1463400,2399,279,30
1,SU-14608,0143071485,2021,4,22,23,4,52,1464000,2602,279,25
1,SU-14608,0143071485,2021,4,22,23,4,52,1464600,2816,279,22
1,SU-14608,0143071485,2021,4,22,23,4,52,1465200,3046,279,21
1,SU-14608,0143071485,2021,4,22,23,4,52,1465800,3140,279,24
1,SU-14608,0143071485,2021,4,22,23,4,52,1466400,3198,279,34
1,SU-14608,0143071485,2021,4,22,23,4,52,1467000,3250,279,50
1,SU-14608,0143071485,2021,4,22,23,4,52,1467600,3289,279,64
1,SU-14608,0143071485,2021,4,22,23,4,52,1468200,3330,279,56
1,SU-14608,0143071485,2021,4,22,23,4,52,1468800,3364,279,44
1,SU-14608,0143071485,2021,4,22,23,4,52,1469400,3390,279,39
1,SU-14608,0143071485,2021,4,22,23,4,52,1470000,3408,279,39
1,SU-14608,0143071485,2021,4,22,23,4,52,1470600,3422,279,41
1,SU-14608,0143071485,2021,4,22,23,4,52,1471200,3437,279,42
1,SU-14608,0143071485,2021,4,22,23,4,52,1471800,3433,279,42
1,SU-14608,0143071485,2021,4,22,23,4,52,1472400,3446,279,42
1,SU-14608,0143071485,2021,4,22,23,4,52,1473000,3452,279,41
1,SU-14608,0143071485,2021,4,22,23,4,52,1473600,3445,279,39
1,SU-14608,0143071485,2021,4,22,23,4,52,1474200,3454,279,39
1,SU-14608,0143071485,2021,4,22,23,4,52,1474800,3455,279,40
1,SU-14608,0143071485,2021,4,22,23,4,52,1475400,3448,279,42
1,SU-14608,0143071485,2021,4,22,23,4,52,1476000,3451,279,46
1,SU-14608,0143071485,2021,4,22,23,4,52,1476600,3462,279,46
1,SU-14608,0143071485,2021,4,22,23,4,52,1477200,3457,279,48
1,SU-14608,0143071485,2021,4,22,23,4,52,1477800,3455,279,48
1,SU-14608,0143071485,2021,4,22,23,4,52,1478400,3443,279,48
1,SU-14608,0143071485,2021,4,22,23,4,52,1479000,3440,279,48
1,SU-14608,0143071485,2021,4,22,23,4,52,1479600,3435,279,48
1,SU-14608,0143071485,2021,4,22,23,4,52,1480200,3420,279,47
1,SU-14608,0143071485,2021,4,22,23,4,52,1480800,3424,279,46
1,SU-14608,0143071485,2021,4,22,23,4,52,1481400,3426,279,45
1,SU-14608,0143071485,2021,4,22,23,4,52,1482000,3412,279,45
1,SU-14608,0143071485,2021,4,22,23,4,52,1482600,3394,279,43
1,SU-14608,0143071485,2021,4,22,23,4,52,1483200,3390,279,42
1,SU-14608,0143071485,2021,4,22,23,4,52,1483800,3379,279,42
1,SU-14608,0143071485,2021,4,22,23,4,52,1484400,3363,279,41
1,SU-14608,0143071485,2021,4,22,23,4,52,1485000,3354,279,40
1,SU-14608,0143071485,2021,4,22,23,4,52,1485600,3342,279,39
1,SU-14608,0143071485,2021,4,22,23,4,52,1486200,3327,279,40
1,SU-14608,0143071485,2021,4,22,23,4,52,1486800,3296,279,41
1,SU-14608,0143071485,2021,4,22,23,4,52,1487400,3271,279,42
1,SU-14608,0143071485,2021,4,22,23,4,52,1488000,3243,279,45
1,SU-14608,0143071485,2021,4,22,23,4,52,1488600,3224,279,46
1,SU-14608,0143071485,2021,4,22,23,4,52,1489200,3197,279,48
1,SU-14608,0143071485,2021,4,22,23,4,52,1489800,3178,279,49
1,SU-14608,0143071485,2021,4,22,23,4,52,1490400,3159,279,51
1,SU-14608,0143071485,2021,4,22,23,4,52,1491000,3139,279,53
1,SU-14608,0143071485,2021,4,22,23,4,52,1491600,3112,279,54
1,SU-14608,0143071485,2021,4,22,23,4,52,1492200,3092,279,56
1,SU-14608,0143071485,2021,4,22,23,4,52,1492800,3074,279,57
1,SU-14608,0143071485,2021,4,22,23,4,52,1493400,3049,279,59
1,SU-14608,0143071485,2021,4,22,23,4,52,1494000,3030,279,59
1,SU-14608,0143071485,2021,4,22,23,4,52,1494600,3014,279,61
1,SU-14608,0143071485,2021,4,22,23,4,52,1495200,2993,279,61
1,SU-14608,0143071485,2021,4,22,23,4,52,1495800,2964,279,62
1,SU-14608,0143071485,2021,4,22,23,4,52,1496400,2916,279,64
1,SU-14608,0143071485,2021,4,22,23,4,52,1497000,2862,279,64
1,SU-14608,0143071485,2021,4,22,23,4,52,1497600,2806,279,66
1,SU-14608,0143071485,2021,4,22,23,4,52,1498200,2750,279,67
1,SU-14608,0143071485,2021,4,22,23,4,52,1498800,2697,279,68
1,SU-14608,0143071485,2021,4,22,23,4,52,1499400,2639,279,69
1,SU-14608,0143071485,2021,4,22,23,4,52,1500000,2589,279,70
1,SU-14608,0143071485,2021,4,22,23,4,52,1500600,2535,279,71
1,SU-14608,0143071485,2021,4,22,23,4,52,1501200,2473,279,72
1,SU-14608,0143071485,2021,4,22,23,4,52,1501800,2406,279,73
1,SU-14608,0143071485,2021,4,22,23,4,52,1502400,2347,279,76
1,SU-14608,0143071485,2021,4,22,23,4,52,1503000,2298,279,76
1,SU-14608,0143071485,2021,4,22,23,4,52,1503600,2253,279,78
1,SU-14608,0143071485,2021,4,22,23,4,52,1504200,2204,279,79
1,SU-14608,0143071485,2021,4,22,23,4,52,1504800,2163,279,79
1,SU-14608,0143071485,2021,4,22,23,4,52,1505400,2133,279,80
1,SU-14608,0143071485,2021,4,22,23,4,52,1506000,2103,279,80
1,SU-14608,0143071485,2021,4,22,23,4,52,1506600,2074,279,81
1,SU-14608,0143071485,2021,4,22,23,4,52,1507200,2048,279,81
1,SU-14608,0143071485,2021,4,22,23,4,52,1507800,2018,279,81
1,SU-14608,0143071485,2021,4,22,23,4,52,1508400,1993,279,82
1,SU-14608,0143071485,2021,4,22,23,4,52,1509000,1967,279,83
1,SU-14608,0143071485,2021,4,22,23,4,52,1509600,1944,279,82
1,SU-14608,0143071485,2021,4,22,23,4,52,1510200,1926,279,83
1,SU-14608,0143071485,2021,4,22,23,4,52,1510800,1907,279,83
1,SU-14608,0143071485,2021,4,22,23,4,52,1511400,1890,279,84
1,SU-14608,0143071485,2021,4,22,23,4,52,1512000,1876,279,84
1,SU-14608,0143071485,2021,4,22,23,4,52,1512600,1862,279,84
1,SU-14608,0143071485,2021,4,22,23,4,52,1513200,1847,279,84
1,SU-14608,0143071485,2021,4,22,23,4,52,1513800,1835,279,84
1,SU-14608,0143071485,2021,4,22,23,4,52,1514400,1823,279,84
1,SU-14608,0143071485,2021,4,22,23,4,52,1515000,1808,279,85
1,SU-14608,0143071485,2021,4,22,23,4,52,1515600,1794,279,86
1,SU-14608,0143071485,2021,4,22,23,4,52,1516200,1780,279,86
1,SU-14608,0143071485,2021,4,22,23,4,52,1516800,1768,279,86
1,SU-14608,0143071485,2021,4,22,23,4,52,1517400,1756,279,87
1,SU-14608,0143071485,2021,4,22,23,4,52,1518000,1743,279,86
1,SU-14608,0143071485,2021,4,22,23,4,52,1518600,1736,279,87
1,SU-14608,0143071485,2021,4,22,23,4,52,1519200,1724,279,87
1,SU-14608,0143071485,2021,4,22,23,4,52,1519800,1711,279,87
1,SU-14608,0143071485,2021,4,22,23,4,52,1520400,1700,279,88
1,SU-14608,0143071485,2021,4,22,23,4,52,1521000,1687,279,88
1,SU-14608,0143071485,2021,4,22,23,4,52,1521600,1674,279,89
1,SU-14608,0143071485,2021,4,22,23,4,52,1522200,1664,279,88
1,SU-14608,0143071485,2021,4,22,23,4,52,1522800,1655,279,88
1,SU-14608,0143071485,2021,4,22,23,4,52,1523400,1645,279,89
1,SU-14608,0143071485,2021,4,22,23,4,52,1524000,1638,279,89
1,SU-14608,0143071485,2021,4,22,23,4,52,1524600,1631,279,90
1,SU-14608,0143071485,2021,4,22,23,4,52,1525200,1626,279,90
1,SU-14608,0143071485,2021,4,22,23,4,52,1525800,1621,279,90
1,SU-14608,0143071485,2021,4,22,23,4,52,1526400,1616,279,91
1,SU-14608,0143071485,2021,4,22,23,4,52,1527000,1612,279,90
1,SU-14608,0143071485,2021,4,22,23,4,52,1527600,1609,279,90
1,SU-14608,0143071485,2021,4,22,23,4,52,1528200,1607,279,91
1,SU-14608,0143071485,2021,4,22,23,4,52,1528800,1605,279,92
1,SU-14608,0143071485,2021,4,22,23,4,52,1529400,1603,279,92
1,SU-14608,0143071485,2021,4,22,23,4,52,1530000,1601,279,92
1,SU-14608,0143071485,2021,4,22,23,4,52,1530600,1600,279,92
1,SU-14608,0143071485,2021,4,22,23,4,52,1531200,1599,279,92
1,SU-14608,0143071485,2021,4,22,23,4,52,1531800,1599,279,92
1,SU-14608,0143071485,2021,4,22,23,4,52,1532400,1598,279,92
1,SU-14608,0143071485,2021,4,22,23,4,52,1533000,1597,279,93
1,SU-14608,0143071485,2021,4,22,23,4,52,1533600,1599,279,93
1,SU-14608,0143071485,2021,4,22,23,4,52,1534200,1600,279,93
1,SU-14608,0143071485,2021,4,22,23,4,52,1534800,1600,279,93
1,SU-14608,0143071485,2021,4,22,23,4,52,1535400,1600,279,93
1,SU-14608,0143071485,2021,4,22,23,4,52,1536000,1602,279,92
1,SU-14608,0143071485,2021,4,22,23,4,52,1536600,1603,279,92
1,SU-14608,0143071485,2021,4,22,23,4,52,1537200,1604,279,93
1,SU-14608,0143071485,2021,4,22,23,4,52,1537800,1605,279,93
1,SU-14608,0143071485,2021,4,22,23,4,52,1538400,1606,279,93
1,SU-14608,0143071485,2021,4,22,23,4,52,1539000,1606,279,93
1,SU-14608,0143071485,2021,4,22,23,4,52,1539600,1606,279,93
1,SU-14608,0143071485,2021,4,22,23,4,52,1540200,1606,279,93
1,SU-14608,0143071485,2021,4,22,23,4,52,1540800,1606,279,93
1,SU-14608,0143071485,2021,4,22,23,4,52,1541400,1606,279,93
1,SU-14608,0143071485,2021,4,22,23,4,52,1542000,1605,279,93
1,SU-14608,0143071485,2021,4,22,23,4,52,1542600,1604,279,93
1,SU-14608,0143071485,2021,4,22,23,4,52,1543200,1602,279,93
1,SU-14608,0143071485,2021,4,22,23,4,52,1543800,1601,279,93
1,SU-14608,0143071485,2021,4,22,23,4,52,1544400,1600,279,93
1,SU-14608,0143071485,2021,4,22,23,4,52,1545000,1599,279,93
1,SU-14608,0143071485,2021,4,22,23,4,52,1545600,1598,279,93
1,SU-14608,0143071485,2021,4,22,23,4,52,1546200,1596,279,93
1,SU-14608,0143071485,2021,4,22,23,4,52,1546800,1594,279,92
1,SU-14608,0143071485,2021,4,22,23,4,52,1547400,1592,279,93
1,SU-14608,0143071485,2021,4,22,23,4,52,1548000,1590,279,93
1,SU-14608,0143071485,2021,4,22,23,4,52,1548600,1587,279,92
1,SU-14608,0143071485,2021,4,22,23,4,52,1549200,1585,279,92
1,SU-14608,0143071485,2021,4,22,23,4,52,1549800,1582,279,92
1,SU-14608,0143071485,2021,4,22,23,4,52,1550400,1580,279,92
1,SU-14608,0143071485,2021,4,22,23,4,52,1551000,1576,279,91
1,SU-14608,0143071485,2021,4,22,23,4,52,1551600,1573,279,92
1,SU-14608,0143071485,2021,4,22,23,4,52,1552200,1571,279,92
1,SU-14608,0143071485,2021,4,22,23,4,52,1552800,1567,279,92
1,SU-14608,0143071485,2021,4,22,23,4,52,1553400,1564,279,92
1,SU-14608,0143071485,2021,4,22,23,4,52,1554000,1559,279,92
1,SU-14608,0143071485,2021,4,22,23,4,52,1554600,1556,279,92
1,SU-14608,0143071485,2021,4,22,23,4,52,1555200,1551,279,92
1,SU-14608,0143071485,2021,4,22,23,4,52,1555800,1547,279,91
1,SU-14608,0143071485,2021,4,22,23,4,52,1556400,1543,279,92
1,SU-14608,0143071485,2021,4,22,23,4,52,1557000,1539,279,92
1,SU-14608,0143071485,2021,4,22,23,4,52,1557600,1535,279,92
1,SU-14608,0143071485,2021,4,22,23,4,52,1558200,1532,279,92
1,SU-14608,0143071485,2021,4,22,23,4,52,1558800,1527,279,91
1,SU-14608,0143071485,2021,4,22,23,4,52,1559400,1524,279,91
1,SU-14608,0143071485,2021,4,22,23,4,52,1560000,1520,279,92
1,SU-14608,0143071485,2021,4,22,23,4,52,1560600,1515,279,92
1,SU-14608,0143071485,2021,4,22,23,4,52,1561200,1511,279,92
1,SU-14608,0143071485,2021,4,22,23,4,52,1561800,1508,279,92
1,SU-14608,0143071485,2021,4,22,23,4,52,1562400,1504,279,93
1,SU-14608,0143071485,2021,4,22,23,4,52,1563000,1500,279,92
1,SU-14608,0143071485,2021,4,22,23,4,52,1563600,1495,279,92
1,SU-14608,0143071485,2021,4,22,23,4,52,1564200,1491,279,92
1,SU-14608,0143071485,2021,4,22,23,4,52,1564800,1488,279,92
1,SU-14608,0143071485,2021,4,22,23,4,52,1565400,1484,279,92
1,SU-14608,0143071485,2021,4,22,23,4,52,1566000,1481,279,92
1,SU-14608,0143071485,2021,4,22,23,4,52,1566600,1477,279,92
1,SU-14608,0143071485,2021,4,22,23,4,52,1567200,1474,279,92
1,SU-14608,0143071485,2021,4,22,23,4,52,1567800,1472,279,93
1,SU-14608,0143071485,2021,4,22,23,4,52,1568400,1470,279,92
1,SU-14608,0143071485,2021,4,22,23,4,52,1569000,1467,279,92
1,SU-14608,0143071485,2021,4,22,23,4,52,1569600,1464,279,92
1,SU-14608,0143071485,2021,4,22,23,4,52,1570200,1462,279,93
1,SU-14608,0143071485,2021,4,22,23,4,52,1570800,1459,279,92
1,SU-14608,0143071485,2021,4,22,23,4,52,1571400,1456,279,92
1,SU-14608,0143071485,2021,4,22,23,4,52,1572000,1454,279,92
1,SU-14608,0143071485,2021,4,22,23,4,52,1572600,1451,279,91
1,SU-14608,0143071485,2021,4,22,23,4,52,1573200,1449,279,91
1,SU-14608,0143071485,2021,4,22,23,4,52,1573800,1447,279,91
1,SU-14608,0143071485,2021,4,22,23,4,52,1574400,1445,279,91
1,SU-14608,0143071485,2021,4,22,23,4,52,1575000,1443,279,91
1,SU-14608,0143071485,2021,4,22,23,4,52,1575600,1441,279,91
1,SU-14608,0143071485,2021,4,22,23,4,52,1576200,1439,279,91
1,SU-14608,0143071485,2021,4,22,23,4,52,1576800,1438,279,91
1,SU-14608,0143071485,2021,4,22,23,4,52,1577400,1435,279,90
1,SU-14608,0143071485,2021,4,22,23,4,52,1578000,1434,279,91
1,SU-14608,0143071485,2021,4,22,23,4,52,1578600,1433,279,91
1,SU-14608,0143071485,2021,4,22,23,4,52,1579200,1431,279,91
1,SU-14608,0143071485,2021,4,22,23,4,52,1579800,1428,279,91
1,SU-14608,0143071485,2021,4,22,23,4,52,1580400,1427,279,92
1,SU-14608,0143071485,2021,4,22,23,4,52,1581000,1426,279,90
1,SU-14608,0143071485,2021,4,22,23,4,52,1581600,1425,279,91
1,SU-14608,0143071485,2021,4,22,23,4,52,1582200,1423,279,91
1,SU-14608,0143071485,2021,4,22,23,4,52,1582800,1421,279,90
1,SU-14608,0143071485,2021,4,22,23,4,52,1583400,1420,279,90
1,SU-14608,0143071485,2021,4,22,23,4,52,1584000,1418,279,90
1,SU-14608,0143071485,2021,4,22,23,4,52,1584600,1416,279,90
1,SU-14608,0143071485,2021,4,22,23,4,52,1585200,1415,279,91
1,SU-14608,0143071485,2021,4,22,23,4,52,1585800,1414,279,90
1,SU-14608,0143071485,2021,4,22,23,4,52,1586400,1413,279,90
1,SU-14608,0143071485,2021,4,22,23,4,52,1587000,1411,279,90
1,SU-14608,0143071485,2021,4,22,23,4,52,1587600,1410,279,90
1,SU-14608,0143071485,2021,4,22,23,4,52,1588200,1408,279,90
1,SU-14608,0143071485,2021,4,22,23,4,52,1588800,1408,279,90
1,SU-14608,0143071485,2021,4,22,23,4,52,1589400,1407,279,90
1,SU-14608,0143071485,2021,4,22,23,4,52,1590000,1406,279,90
1,SU-14608,0143071485,2021,4,22,23,4,52,1590600,1405,279,90
1,SU-14608,0143071485,2021,4,22,23,4,52,1591200,1405,279,90
1,SU-14608,0143071485,2021,4,22,23,4,52,1591800,1404,279,90
1,SU-14608,0143071485,2021,4,22,23,4,52,1592400,1404,279,90
1,SU-14608,0143071485,2021,4,22,23,4,52,1593000,1403,279,90
1,SU-14608,0143071485,2021,4,22,23,4,52,1593600,1403,279,90
1,SU-14608,0143071485,2021,4,22,23,4,52,1594200,1402,279,90
1,SU-14608,0143071485,2021,4,22,23,4,52,1594800,1403,279,90
1,SU-14608,0143071485,2021,4,22,23,4,52,1595400,1402,279,90
1,SU-14608,0143071485,2021,4,22,23,4,52,1596000,1401,279,89
1,SU-14608,0143071485,2021,4,22,23,4,52,1596600,1402,279,90
1,SU-14608,0143071485,2021,4,22,23,4,52,1597200,1401,279,90
1,SU-14608,0143071485,2021,4,22,23,4,52,1597800,1401,279,90
1,SU-14608,0143071485,2021,4,22,23,4,52,1598400,1401,279,90
1,SU-14608,0143071485,2021,4,22,23,4,52,1599000,1401,279,90
1,SU-14608,0143071485,2021,4,22,23,4,52,1599600,1400,279,90
1,SU-14608,0143071485,2021,4,22,23,4,52,1600200,1399,279,90
1,SU-14608,0143071485,2021,4,22,23,4,52,1600800,1399,279,90
1,SU-14608,0143071485,2021,4,22,23,4,52,1601400,1399,279,90
1,SU-14608,0143071485,2021,4,22,23,4,52,1602000,1399,279,90
1,SU-14608,0143071485,2021,4,22,23,4,52,1602600,1397,279,90
1,SU-14608,0143071485,2021,4,22,23,4,52,1603200,1399,279,90
1,SU-14608,0143071485,2021,4,22,23,4,52,1603800,1397,279,90
1,SU-14608,0143071485,2021,4,22,23,4,52,1604400,1398,279,90
1,SU-14608,0143071485,2021,4,22,23,4,52,1605000,1397,279,90
1,SU-14608,0143071485,2021,4,22,23,4,52,1605600,1397,279,90
1,SU-14608,0143071485,2021,4,22,23,4,52,1606200,1396,279,90
1,SU-14608,0143071485,2021,4,22,23,4,52,1606800,1396,279,90
1,SU-14608,0143071485,2021,4,22,23,4,52,1607400,1395,279,90
1,SU-14608,0143071485,2021,4,22,23,4,52,1608000,1394,279,90
1,SU-14608,0143071485,2021,4,22,23,4,52,1608600,1394,279,90
1,SU-14608,0143071485,2021,4,22,23,4,52,1609200,1394,279,90
1,SU-14608,0143071485,2021,4,22,23,4,52,1609800,1394,279,90
1,SU-14608,0143071485,2021,4,22,23,4,52,1610400,1393,279,90
1,SU-14608,0143071485,2021,4,22,23,4,52,1611000,1392,279,90
1,SU-14608,0143071485,2021,4,22,23,4,52,1611600,1392,279,91
1,SU-14608,0143071485,2021,4,22,23,4,52,1612200,1390,279,90
1,SU-14608,0143071485,2021,4,22,23,4,52,1612800,1390,279,91
1,SU-14608,0143071485,2021,4,22,23,4,52,1613400,1389,279,91
1,SU-14608,0143071485,2021,4,22,23,4,52,1614000,1389,279,91
1,SU-14608,0143071485,2021,4,22,23,4,52,1614600,1389,279,91
1,SU-14608,0143071485,2021,4,22,23,4,52,1615200,1388,279,91
1,SU-14608,0143071485,2021,4,22,23,4,52,1615800,1388,279,90
1,SU-14608,0143071485,2021,4,22,23,4,52,1616400,1386,279,91
1,SU-14608,0143071485,2021,4,22,23,4,52,1617000,1387,279,90
1,SU-14608,0143071485,2021,4,22,23,4,52,1617600,1386,279,91
1,SU-14608,0143071485,2021,4,22,23,4,52,1618200,1386,279,90
1,SU-14608,0143071485,2021,4,22,23,4,52,1618800,1385,279,90
1,SU-14608,0143071485,2021,4,22,23,4,52,1619400,1385,279,90
1,SU-14608,0143071485,2021,4,22,23,4,52,1620000,1384,279,90
1,SU-14608,0143071485,2021,4,22,23,4,52,1620600,1384,279,90
1,SU-14608,0143071485,2021,4,22,23,4,52,1621200,1383,279,90
1,SU-14608,0143071485,2021,4,22,23,4,52,1621800,1383,279,90
1,SU-14608,0143071485,2021,4,22,23,4,52,1622400,1383,279,90
1,SU-14608,0143071485,2021,4,22,23,4,52,1623000,1382,279,90
1,SU-14608,0143071485,2021,4,22,23,4,52,1623600,1382,279,90
1,SU-14608,0143071485,2021,4,22,23,4,52,1624200,1382,279,90
1,SU-14608,0143071485,2021,4,22,23,4,52,1624800,1381,279,90
1,SU-14608,0143071485,2021,4,22,23,4,52,1625400,1382,279,90
1,SU-14608,0143071485,2021,4,22,23,4,52,1626000,1380,279,90
1,SU-14608,0143071485,2021,4,22,23,4,52,1626600,1381,279,90
1,SU-14608,0143071485,2021,4,22,23,4,52,1627200,1380,279,90
1,SU-14608,0143071485,2021,4,22,23,4,52,1627800,1380,279,89
1,SU-14608,0143071485,2021,4,22,23,4,52,1628400,1380,279,89
1,SU-14608,0143071485,2021,4,22,23,4,52,1629000,1379,279,89
1,SU-14608,0143071485,2021,4,22,23,4,52,1629600,1380,279,89
1,SU-14608,0143071485,2021,4,22,23,4,52,1630200,1379,279,89
1,SU-14608,0143071485,2021,4,22,23,4,52,1630800,1379,279,89
1,SU-14608,0143071485,2021,4,22,23,4,52,1631400,1379,279,89
1,SU-14608,0143071485,2021,4,22,23,4,52,1632000,1379,279,89
1,SU-14608,0143071485,2021,4,22,23,4,52,1632600,1379,279,89
1,SU-14608,0143071485,2021,4,22,23,4,52,1633200,1378,279,90
1,SU-14608,0143071485,2021,4,22,23,4,52,1633800,1378,279,89
1,SU-14608,0143071485,2021,4,22,23,4,52,1634400,1379,279,89
1,SU-14608,0143071485,2021,4,22,23,4,52,1635000,1378,279,89
1,SU-14608,0143071485,2021,4,22,23,4,52,1635600,1379,279,89
1,SU-14608,0143071485,2021,4,22,23,4,52,1636200,1377,279,89
1,SU-14608,0143071485,2021,4,22,23,4,52,1636800,1378,279,88
1,SU-14608,0143071485,2021,4,22,23,4,52,1637400,1377,279,89
1,SU-14608,0143071485,2021,4,22,23,4,52,1638000,1377,279,88
1,SU-14608,0143071485,2021,4,22,23,4,52,1638600,1377,279,89
1,SU-14608,0143071485,2021,4,22,23,4,52,1639200,1377,279,88
1,SU-14608,0143071485,2021,4,22,23,4,52,1639800,1377,279,87
1,SU-14608,0143071485,2021,4,22,23,4,52,1640400,1376,279,87
1,SU-14608,0143071485,2021,4,22,23,4,52,1641000,1376,279,87
1,SU-14608,0143071485,2021,4,22,23,4,52,1641600,1376,279,88
1,SU-14608,0143071485,2021,4,22,23,4,52,1642200,1375,279,87
1,SU-14608,0143071485,2021,4,22,23,4,52,1642800,1375,279,88
1,SU-14608,0143071485,2021,4,22,23,4,52,1643400,1375,279,88
1,SU-14608,0143071485,2021,4,22,23,4,52,1644000,1374,279,87
1,SU-14608,0143071485,2021,4,22,23,4,52,1644600,1373,279,88
1,SU-14608,0143071485,2021,4,22,23,4,52,1645200,1373,279,88
1,SU-14608,0143071485,2021,4,22,23,4,52,1645800,1373,279,88
1,SU-14608,0143071485,2021,4,22,23,4,52,1646400,1374,279,87
1,SU-14608,0143071485,2021,4,22,23,4,52,1647000,1373,279,87
1,SU-14608,0143071485,2021,4,22,23,4,52,1647600,1373,279,87
1,SU-14608,0143071485,2021,4,22,23,4,52,1648200,1373,279,87
1,SU-14608,0143071485,2021,4,22,23,4,52,1648800,1374,279,87
1,SU-14608,0143071485,2021,4,22,23,4,52,1649400,1373,279,87
1,SU-14608,0143071485,2021,4,22,23,4,52,1650000,1373,279,87
1,SU-14608,0143071485,2021,4,22,23,4,52,1650600,1372,279,87
1,SU-14608,0143071485,2021,4,22,23,4,52,1651200,1372,279,87
1,SU-14608,0143071485,2021,4,22,23,4,52,1651800,1372,279,87
1,SU-14608,0143071485,2021,4,22,23,4,52,1652400,1371,279,87
1,SU-14608,0143071485,2021,4,22,23,4,52,1653000,1371,279,87
1,SU-14608,0143071485,2021,4,22,23,4,52,1653600,1371,279,87
1,SU-14608,0143071485,2021,4,22,23,4,52,1654200,1369,279,87
1,SU-14608,0143071485,2021,4,22,23,4,52,1654800,1370,279,87
1,SU-14608,0143071485,2021,4,22,23,4,52,1655400,1369,279,88
1,SU-14608,0143071485,2021,4,22,23,4,52,1656000,1369,279,87
1,SU-14608,0143071485,2021,4,22,23,4,52,1656600,1369,279,87
1,SU-14608,0143071485,2021,4,22,23,4,52,1657200,1369,279,87
1,SU-14608,0143071485,2021,4,22,23,4,52,1657800,1368,279,87
1,SU-14608,0143071485,2021,4,22,23,4,52,1658400,1369,279,87
1,SU-14608,0143071485,2021,4,22,23,4,52,1659000,1368,279,87
1,SU-14608,0143071485,2021,4,22,23,4,52,1659600,1368,279,87
1,SU-14608,0143071485,2021,4,22,23,4,52,1660200,1367,279,87
1,SU-14608,0143071485,2021,4,22,23,4,52,1660800,1367,279,87
1,SU-14608,0143071485,2021,4,22,23,4,52,1661400,1367,279,87
1,SU-14608,0143071485,2021,4,22,23,4,52,1662000,1367,279,87
1,SU-14608,0143071485,2021,4,22,23,4,52,1662600,1367,279,87
1,SU-14608,0143071485,2021,4,22,23,4,52,1663200,1366,279,87
1,SU-14608,0143071485,2021,4,22,23,4,52,1663800,1367,279,87
1,SU-14608,0143071485,2021,4,22,23,4,52,1664400,1366,279,87
1,SU-14608,0143071485,2021,4,22,23,4,52,1665000,1366,279,87
1,SU-14608,0143071485,2021,4,22,23,4,52,1665600,1365,279,87
1,SU-14608,0143071485,2021,4,22,23,4,52,1666200,1365,279,87
1,SU-14608,0143071485,2021,4,22,23,4,52,1666800,1365,279,87
1,SU-14608,0143071485,2021,4,22,23,4,52,1667400,1365,279,87
1,SU-14608,0143071485,2021,4,22,23,4,52,1668000,1364,279,87
1,SU-14608,0143071485,2021,4,22,23,4,52,1668600,1363,279,86
1,SU-14608,0143071485,2021,4,22,23,4,52,1669200,1363,279,87
1,SU-14608,0143071485,2021,4,22,23,4,52,1669800,1363,279,87
1,SU-14608,0143071485,2021,4,22,23,4,52,1670400,1363,279,87
1,SU-14608,0143071485,2021,4,22,23,4,52,1671000,1363,279,86
1,SU-14608,0143071485,2021,4,22,23,4,52,1671600,1363,279,86
1,SU-14608,0143071485,2021,4,22,23,4,52,1672200,1362,279,87
1,SU-14608,0143071485,2021,4,22,23,4,52,1672800,1362,279,86
1,SU-14608,0143071485,2021,4,22,23,4,52,1673400,1362,279,86
1,SU-14608,0143071485,2021,4,22,23,4,52,1674000,1361,279,86
1,SU-14608,0143071485,2021,4,22,23,4,52,1674600,1360,279,87
1,SU-14608,0143071485,2021,4,22,23,4,52,1675200,1360,279,87
1,SU-14608,0143071485,2021,4,22,23,4,52,1675800,1360,279,87
1,SU-14608,0143071485,2021,4,22,23,4,52,1676400,1360,279,87
1,SU-14608,0143071485,2021,4,22,23,4,52,1677000,1359,279,87
1,SU-14608,0143071485,2021,4,22,23,4,52,1677600,1359,279,86
1,SU-14608,0143071485,2021,4,22,23,4,52,1678200,1358,279,86
1,SU-14608,0143071485,2021,4,22,23,4,52,1678800,1358,279,87
1,SU-14608,0143071485,2021,4,22,23,4,52,1679400,1358,279,87
1,SU-14608,0143071485,2021,4,22,23,4,52,1680000,1357,279,87
1,SU-14608,0143071485,2021,4,22,23,4,52,1680600,1357,279,86
1,SU-14608,0143071485,2021,4,22,23,4,52,1681200,1358,279,87
1,SU-14608,0143071485,2021,4,22,23,4,52,1681800,1357,279,87
1,SU-14608,0143071485,2021,4,22,23,4,52,1682400,1356,279,87
1,SU-14608,0143071485,2021,4,22,23,4,52,1683000,1357,279,87
1,SU-14608,0143071485,2021,4,22,23,4,52,1683600,1356,279,87
1,SU-14608,0143071485,2021,4,22,23,4,52,1684200,1355,279,87
1,SU-14608,0143071485,2021,4,22,23,4,52,1684800,1354,279,87
1,SU-14608,0143071485,2021,4,22,23,4,52,1685400,1355,279,87
1,SU-14608,0143071485,2021,4,22,23,4,52,1686000,1354,279,87
1,SU-14608,0143071485,2021,4,22,23,4,52,1686600,1354,279,86
1,SU-14608,0143071485,2021,4,22,23,4,52,1687200,1354,279,87
1,SU-14608,0143071485,2021,4,22,23,4,52,1687800,1354,279,87
1,SU-14608,0143071485,2021,4,22,23,4,52,1688400,1353,279,87
1,SU-14608,0143071485,2021,4,22,23,4,52,1689000,1353,279,87
1,SU-14608,0143071485,2021,4,22,23,4,52,1689600,1353,279,87
1,SU-14608,0143071485,2021,4,22,23,4,52,1690200,1353,279,87
1,SU-14608,0143071485,2021,4,22,23,4,52,1690800,1352,279,87
1,SU-14608,0143071485,2021,4,22,23,4,52,1691400,1352,279,87
1,SU-14608,0143071485,2021,4,22,23,4,52,1692000,1352,279,87
1,SU-14608,0143071485,2021,4,22,23,4,52,1692600,1351,279,87
1,SU-14608,0143071485,2021,4,22,23,4,52,1693200,1351,279,87
1,SU-14608,0143071485,2021,4,22,23,4,52,1693800,1351,279,87
1,SU-14608,0143071485,2021,4,22,23,4,52,1694400,1351,279,87
1,SU-14608,0143071485,2021,4,22,23,4,52,1695000,1350,279,87
1,SU-14608,0143071485,2021,4,22,23,4,52,1695600,1350,279,87
1,SU-14608,0143071485,2021,4,22,23,4,52,1696200,1350,279,87
1,SU-14608,0143071485,2021,4,22,23,4,52,1696800,1349,279,87
1,SU-14608,0143071485,2021,4,22,23,4,52,1697400,1349,279,87
1,SU-14608,0143071485,2021,4,22,23,4,52,1698000,1349,279,87
1,SU-14608,0143071485,2021,4,22,23,4,52,1698600,1348,279,87
1,SU-14608,0143071485,2021,4,22,23,4,52,1699200,1348,279,87
1,SU-14608,0143071485,2021,4,22,23,4,52,1699800,1347,279,87
1,SU-14608,0143071485,2021,4,22,23,4,52,1700400,1347,279,87
1,SU-14608,0143071485,2021,4,22,23,4,52,1701000,1346,279,87
1,SU-14608,0143071485,2021,4,22,23,4,52,1701600,1346,279,87
1,SU-14608,0143071485,2021,4,22,23,4,52,1702200,1345,279,88
1,SU-14608,0143071485,2021,4,22,23,4,52,1702800,1345,279,88
1,SU-14608,0143071485,2021,4,22,23,4,52,1703400,1344,279,87
1,SU-14608,0143071485,2021,4,22,23,4,52,1704000,1345,279,87
1,SU-14608,0143071485,2021,4,22,23,4,52,1704600,1344,279,87
1,SU-14608,0143071485,2021,4,22,23,4,52,1705200,1344,279,87
1,SU-14608,0143071485,2021,4,22,23,4,52,1705800,1344,279,88
1,SU-14608,0143071485,2021,4,22,23,4,52,1706400,1344,279,89
1,SU-14608,0143071485,2021,4,22,23,4,52,1707000,1344,279,88
1,SU-14608,0143071485,2021,4,22,23,4,52,1707600,1343,279,87
1,SU-14608,0143071485,2021,4,22,23,4,52,1708200,1343,279,88
1,SU-14608,0143071485,2021,4,22,23,4,52,1708800,1343,279,87
1,SU-14608,0143071485,2021,4,22,23,4,52,1709400,1343,279,87
1,SU-14608,0143071485,2021,4,22,23,4,52,1710000,1343,279,87
1,SU-14608,0143071485,2021,4,22,23,4,52,1710600,1342,279,88
1,SU-14608,0143071485,2021,4,22,23,4,52,1711200,1342,279,88
1,SU-14608,0143071485,2021,4,22,23,4,52,1711800,1342,279,88
1,SU-14608,0143071485,2021,4,22,23,4,52,1712400,1342,279,88
1,SU-14608,0143071485,2021,4,22,23,4,52,1713000,1341,279,88
1,SU-14608,0143071485,2021,4,22,23,4,52,1713600,1342,279,88
1,SU-14608,0143071485,2021,4,22,23,4,52,1714200,1341,279,87
1,SU-14608,0143071485,2021,4,22,23,4,52,1714800,1342,279,88
1,SU-14608,0143071485,2021,4,22,23,4,52,1715400,1341,279,88
1,SU-14608,0143071485,2021,4,22,23,4,52,1716000,1341,279,88
1,SU-14608,0143071485,2021,4,22,23,4,52,1716600,1340,279,88
1,SU-14608,0143071485,2021,4,22,23,4,52,1717200,1340,279,88
1,SU-14608,0143071485,2021,4,22,23,4,52,1717800,1340,279,88
1,SU-14608,0143071485,2021,4,22,23,4,52,1718400,1340,279,88
1,SU-14608,0143071485,2021,4,22,23,4,52,1719000,1340,279,88
1,SU-14608,0143071485,2021,4,22,23,4,52,1719600,1340,279,88
1,SU-14608,0143071485,2021,4,22,23,4,52,1720200,1339,279,88
1,SU-14608,0143071485,2021,4,22,23,4,52,1720800,1340,279,88
1,SU-14608,0143071485,2021,4,22,23,4,52,1721400,1339,279,88
1,SU-14608,0143071485,2021,4,22,23,4,52,1722000,1339,279,88
1,SU-14608,0143071485,2021,4,22,23,4,52,1722600,1340,279,88
1,SU-14608,0143071485,2021,4,22,23,4,52,1723200,1338,279,89
1,SU-14608,0143071485,2021,4,22,23,4,52,1723800,1338,279,89
1,SU-14608,0143071485,2021,4,22,23,4,52,1724400,1338,279,89
1,SU-14608,0143071485,2021,4,22,23,4,52,1725000,1338,279,89
1,SU-14608,0143071485,2021,4,22,23,4,52,1725600,1338,279,88
1,SU-14608,0143071485,2021,4,22,23,4,52,1726200,1338,279,88
1,SU-14608,0143071485,2021,4,22,23,4,52,1726800,1338,279,88
1,SU-14608,0143071485,2021,4,22,23,4,52,1727400,1338,279,89
1,SU-14608,0143071485,2021,4,22,23,4,52,1728000,1338,279,88
1,SU-14608,0143071485,2021,4,22,23,4,52,1728600,1337,279,88
1,SU-14608,0143071485,2021,4,22,23,4,52,1729200,1337,279,88
1,SU-14608,0143071485,2021,4,22,23,4,52,1729800,1337,279,89
1,SU-14608,0143071485,2021,4,22,23,4,52,1730400,1336,279,89
1,SU-14608,0143071485,2021,4,22,23,4,52,1731000,1336,279,88
1,SU-14608,0143071485,2021,4,22,23,4,52,1731600,1336,279,88
1,SU-14608,0143071485,2021,4,22,23,4,52,1732200,1337,279,89
1,SU-14608,0143071485,2021,4,22,23,4,52,1732800,1336,279,89
1,SU-14608,0143071485,2021,4,22,23,4,52,1733400,1336,279,89
1,SU-14608,0143071485,2021,4,22,23,4,52,1734000,1335,279,89
1,SU-14608,0143071485,2021,4,22,23,4,52,1734600,1336,279,89
1,SU-14608,0143071485,2021,4,22,23,4,52,1735200,1335,279,89
1,SU-14608,0143071485,2021,4,22,23,4,52,1735800,1335,279,88
1,SU-14608,0143071485,2021,4,22,23,4,52,1736400,1335,279,89
1,SU-14608,0143071485,2021,4,22,23,4,52,1737000,1334,279,90
1,SU-14608,0143071485,2021,4,22,23,4,52,1737600,1335,279,89
1,SU-14608,0143071485,2021,4,22,23,4,52,1738200,1334,279,89
1,SU-14608,0143071485,2021,4,22,23,4,52,1738800,1334,279,89
1,SU-14608,0143071485,2021,4,22,23,4,52,1739400,1334,279,89
1,SU-14608,0143071485,2021,4,22,23,4,52,1740000,1334,279,89
1,SU-14608,0143071485,2021,4,22,23,4,52,1740600,1334,279,89
1,SU-14608,0143071485,2021,4,22,23,4,52,1741200,1334,279,89
1,SU-14608,0143071485,2021,4,22,23,4,52,1741800,1334,279,89
1,SU-14608,0143071485,2021,4,22,23,4,52,1742400,1334,279,89
1,SU-14608,0143071485,2021,4,22,23,4,52,1743000,1333,279,90
1,SU-14608,0143071485,2021,4,22,23,4,52,1743600,1333,279,90
1,SU-14608,0143071485,2021,4,22,23,4,52,1744200,1333,279,90
1,SU-14608,0143071485,2021,4,22,23,4,52,1744800,1333,279,90
1,SU-14608,0143071485,2021,4,22,23,4,52,1745400,1332,279,89
1,SU-14608,0143071485,2021,4,22,23,4,52,1746000,1332,279,89
1,SU-14608,0143071485,2021,4,22,23,4,52,1746600,1332,279,90
1,SU-14608,0143071485,2021,4,22,23,4,52,1747200,1332,279,90
1,SU-14608,0143071485,2021,4,22,23,4,52,1747800,1332,279,89
1,SU-14608,0143071485,2021,4,22,23,4,52,1748400,1331,279,90
1,SU-14608,0143071485,2021,4,22,23,4,52,1749000,1330,279,90
1,SU-14608,0143071485,2021,4,22,23,4,52,1749600,1332,279,90
1,SU-14608,0143071485,2021,4,22,23,4,52,1750200,1331,279,89
1,SU-14608,0143071485,2021,4,22,23,4,52,1750800,1331,279,89
1,SU-14608,0143071485,2021,4,22,23,4,52,1751400,1330,279,89
1,SU-14608,0143071485,2021,4,22,23,4,52,1752000,1331,279,90
1,SU-14608,0143071485,2021,4,22,23,4,52,1752600,1330,279,90
1,SU-14608,0143071485,2021,4,22,23,4,52,1753200,1330,279,90
1,SU-14608,0143071485,2021,4,22,23,4,52,1753800,1330,279,90
1,SU-14608,0143071485,2021,4,22,23,4,52,1754400,1329,279,89
1,SU-14608,0143071485,2021,4,22,23,4,52,1755000,1330,279,89
1,SU-14608,0143071485,2021,4,22,23,4,52,1755600,1331,279,89
1,SU-14608,0143071485,2021,4,22,23,4,52,1756200,1329,279,90
1,SU-14608,0143071485,2021,4,22,23,4,52,1756800,1330,279,89
1,SU-14608,0143071485,2021,4,22,23,4,52,1757400,1330,279,89
1,SU-14608,0143071485,2021,4,22,23,4,52,1758000,1329,279,90
1,SU-14608,0143071485,2021,4,22,23,4,52,1758600,1329,279,90
1,SU-14608,0143071485,2021,4,22,23,4,52,1759200,1328,279,90
1,SU-14608,0143071485,2021,4,22,23,4,52,1759800,1329,279,89
1,SU-14608,0143071485,2021,4,22,23,4,52,1760400,1329,279,90
1,SU-14608,0143071485,2021,4,22,23,4,52,1761000,1329,279,90
1,SU-14608,0143071485,2021,4,22,23,4,52,1761600,1328,279,90
1,SU-14608,0143071485,2021,4,22,23,4,52,1762200,1328,279,90
1,SU-14608,0143071485,2021,4,22,23,4,52,1762800,1327,279,90
1,SU-14608,0143071485,2021,4,22,23,4,52,1763400,1327,279,90
1,SU-14608,0143071485,2021,4,22,23,4,52,1764000,1328,279,90
1,SU-14608,0143071485,2021,4,22,23,4,52,1764600,1327,279,90
1,SU-14608,0143071485,2021,4,22,23,4,52,1765200,1327,279,90
1,SU-14608,0143071485,2021,4,22,23,4,52,1765800,1327,279,90
1,SU-14608,0143071485,2021,4,22,23,4,52,1766400,1327,279,90
1,SU-14608,0143071485,2021,4,22,23,4,52,1767000,1326,279,89
1,SU-14608,0143071485,2021,4,22,23,4,52,1767600,1326,279,90
1,SU-14608,0143071485,2021,4,22,23,4,52,1768200,1325,279,90
1,SU-14608,0143071485,2021,4,22,23,4,52,1768800,1326,279,90
1,SU-14608,0143071485,2021,4,22,23,4,52,1769400,1325,279,90
1,SU-14608,0143071485,2021,4,22,23,4,52,1770000,1325,279,90
1,SU-14608,0143071485,2021,4,22,23,4,52,1770600,1325,279,90
1,SU-14608,0143071485,2021,4,22,23,4,52,1771200,1325,279,90
1,SU-14608,0143071485,2021,4,22,23,4,52,1771800,1325,279,90
1,SU-14608,0143071485,2021,4,22,23,4,52,1772400,1324,279,90
1,SU-14608,0143071485,2021,4,22,23,4,52,1773000,1325,279,90
1,SU-14608,0143071485,2021,4,22,23,4,52,1773600,1323,279,90
1,SU-14608,0143071485,2021,4,22,23,4,52,1774200,1324,279,90
1,SU-14608,0143071485,2021,4,22,23,4,52,1774800,1323,279,90
1,SU-14608,0143071485,2021,4,22,23,4,52,1775400,1323,279,90
1,SU-14608,0143071485,2021,4,22,23,4,52,1776000,1323,279,90
1,SU-14608,0143071485,2021,4,22,23,4,52,1776600,1322,279,90
1,SU-14608,0143071485,2021,4,22,23,4,52,1777200,1322,279,90
1,SU-14608,0143071485,2021,4,22,23,4,52,1777800,1322,279,90
1,SU-14608,0143071485,2021,4,22,23,4,52,1778400,1321,279,90
1,SU-14608,0143071485,2021,4,22,23,4,52,1779000,1321,279,90
1,SU-14608,0143071485,2021,4,22,23,4,52,1779600,1321,279,90
1,SU-14608,0143071485,2021,4,22,23,4,52,1780200,1321,279,90
1,SU-14608,0143071485,2021,4,22,23,4,52,1780800,1320,279,90
1,SU-14608,0143071485,2021,4,22,23,4,52,1781400,1320,279,90
1,SU-14608,0143071485,2021,4,22,23,4,52,1782000,1320,279,90
1,SU-14608,0143071485,2021,4,22,23,4,52,1782600,1319,279,90
1,SU-14608,0143071485,2021,4,22,23,4,52,1783200,1319,279,90
1,SU-14608,0143071485,2021,4,22,23,4,52,1783800,1319,279,90
1,SU-14608,0143071485,2021,4,22,23,4,52,1784400,1318,279,91
1,SU-14608,0143071485,2021,4,22,23,4,52,1785000,1319,279,91
1,SU-14608,0143071485,2021,4,22,23,4,52,1785600,1317,279,90
1,SU-14608,0143071485,2021,4,22,23,4,52,1786200,1317,279,91
1,SU-14608,0143071485,2021,4,22,23,4,52,1786800,1317,279,91
1,SU-14608,0143071485,2021,4,22,23,4,52,1787400,1317,279,91
1,SU-14608,0143071485,2021,4,22,23,4,52,1788000,1316,279,90
1,SU-14608,0143071485,2021,4,22,23,4,52,1788600,1317,279,92
1,SU-14608,0143071485,2021,4,22,23,4,52,1789200,1316,279,92
1,SU-14608,0143071485,2021,4,22,23,4,52,1789800,1316,279,92
1,SU-14608,0143071485,2021,4,22,23,4,52,1790400,1315,279,91
1,SU-14608,0143071485,2021,4,22,23,4,52,1791000,1315,279,91
1,SU-14608,0143071485,2021,4,22,23,4,52,1791600,1315,279,91
1,SU-14608,0143071485,2021,4,22,23,4,52,1792200,1315,279,91
1,SU-14608,0143071485,2021,4,22,23,4,52,1792800,1314,279,92
1,SU-14608,0143071485,2021,4,22,23,4,52,1793400,1314,279,92
1,SU-14608,0143071485,2021,4,22,23,4,52,1794000,1314,279,92
1,SU-14608,0143071485,2021,4,22,23,4,52,1794600,1313,279,92
1,SU-14608,0143071485,2021,4,22,23,4,52,1795200,1314,279,93
1,SU-14608,0143071485,2021,4,22,23,4,52,1795800,1313,279,93
1,SU-14608,0143071485,2021,4,22,23,4,52,1796400,1313,279,93
1,SU-14608,0143071485,2021,4,22,23,4,52,1797000,1313,279,92
1,SU-14608,0143071485,2021,4,22,23,4,52,1797600,1313,279,93
1,SU-14608,0143071485,2021,4,22,23,4,52,1798200,1313,279,92
1,SU-14608,0143071485,2021,4,22,23,4,52,1798800,1312,279,93
1,SU-14608,0143071485,2021,4,22,23,4,52,1799400,1312,279,92
1,SU-14608,0143071485,2021,4,22,23,4,52,1800000,1312,279,92
1,SU-14608,0143071485,2021,4,22,23,4,52,1800600,1311,279,92
1,SU-14608,0143071485,2021,4,22,23,4,52,1801200,1310,279,93
1,SU-14608,0143071485,2021,4,22,23,4,52,1801800,1311,279,93
1,SU-14608,0143071485,2021,4,22,23,4,52,1802400,1310,279,92
1,SU-14608,0143071485,2021,4,22,23,4,52,1803000,1311,279,92
1,SU-14608,0143071485,2021,4,22,23,4,52,1803600,1311,279,93
1,SU-14608,0143071485,2021,4,22,23,4,52,1804200,1311,279,93
1,SU-14608,0143071485,2021,4,22,23,4,52,1804800,1310,279,93
1,SU-14608,0143071485,2021,4,22,23,4,52,1805400,1310,279,93
1,SU-14608,0143071485,2021,4,22,23,4,52,1806000,1310,279,92
1,SU-14608,0143071485,2021,4,22,23,4,52,1806600,1310,279,93
1,SU-14608,0143071485,2021,4,22,23,4,52,1807200,1310,279,93
1,SU-14608,0143071485,2021,4,22,23,4,52,1807800,1310,279,93
1,SU-14608,0143071485,2021,4,22,23,4,52,1808400,1309,279,93
1,SU-14608,0143071485,2021,4,22,23,4,52,1809000,1309,279,93
1,SU-14608,0143071485,2021,4,22,23,4,52,1809600,1309,279,93
1,SU-14608,0143071485,2021,4,22,23,4,52,1810200,1309,279,93
1,SU-14608,0143071485,2021,4,22,23,4,52,1810800,1309,279,93
1,SU-14608,0143071485,2021,4,22,23,4,52,1811400,1309,279,93
1,SU-14608,0143071485,2021,4,22,23,4,52,1812000,1309,279,93
1,SU-14608,0143071485,2021,4,22,23,4,52,1812600,1309,279,93
1,SU-14608,0143071485,2021,4,22,23,4,52,1813200,1309,279,93
1,SU-14608,0143071485,2021,4,22,23,4,52,1813800,1308,279,92
1,SU-14608,0143071485,2021,4,22,23,4,52,1814400,1309,279,93
1,SU-14608,0143071485,2021,4,22,23,4,52,1815000,1308,279,92
1,SU-14608,0143071485,2021,4,22,23,4,52,1815600,1308,279,93
1,SU-14608,0143071485,2021,4,22,23,4,52,1816200,1308,279,92
1,SU-14608,0143071485,2021,4,22,23,4,52,1816800,1308,279,92
1,SU-14608,0143071485,2021,4,22,23,4,52,1817400,1308,279,93
1,SU-14608,0143071485,2021,4,22,23,4,52,1818000,1308,279,93
1,SU-14608,0143071485,2021,4,22,23,4,52,1818600,1308,279,92
1,SU-14608,0143071485,2021,4,22,23,4,52,1819200,1307,279,93
1,SU-14608,0143071485,2021,4,22,23,4,52,1819800,1307,279,92
1,SU-14608,0143071485,2021,4,22,23,4,52,1820400,1307,279,93
1,SU-14608,0143071485,2021,4,22,23,4,52,1821000,1307,279,92
1,SU-14608,0143071485,2021,4,22,23,4,52,1821600,1307,279,92
1,SU-14608,0143071485,2021,4,22,23,4,52,1822200,1308,279,93
1,SU-14608,0143071485,2021,4,22,23,4,52,1822800,1307,279,92
1,SU-14608,0143071485,2021,4,22,23,4,52,1823400,1307,279,92
1,SU-14608,0143071485,2021,4,22,23,4,52,1824000,1307,279,93
1,SU-14608,0143071485,2021,4,22,23,4,52,1824600,1306,279,92
1,SU-14608,0143071485,2021,4,22,23,4,52,1825200,1306,279,92
1,SU-14608,0143071485,2021,4,22,23,4,52,1825800,1306,279,92
1,SU-14608,0143071485,2021,4,22,23,4,52,1826400,1306,279,92
1,SU-14608,0143071485,2021,4,22,23,4,52,1827000,1306,279,92
1,SU-14608,0143071485,2021,4,22,23,4,52,1827600,1306,279,91
1,SU-14608,0143071485,2021,4,22,23,4,52,1828200,1306,279,92
1,SU-14608,0143071485,2021,4,22,23,4,52,1828800,1306,279,92
1,SU-14608,0143071485,2021,4,22,23,4,52,1829400,1306,279,92
1,SU-14608,0143071485,2021,4,22,23,4,52,1830000,1306,279,92
1,SU-14608,0143071485,2021,4,22,23,4,52,1830600,1306,279,92
1,SU-14608,0143071485,2021,4,22,23,4,52,1831200,1306,279,91
1,SU-14608,0143071485,2021,4,22,23,4,52,1831800,1307,279,92
1,SU-14608,0143071485,2021,4,22,23,4,52,1832400,1306,279,92
1,SU-14608,0143071485,2021,4,22,23,4,52,1833000,1306,279,92
1,SU-14608,0143071485,2021,4,22,23,4,52,1833600,1306,279,91
1,SU-14608,0143071485,2021,4,22,23,4,52,1834200,1305,279,92
1,SU-14608,0143071485,2021,4,22,23,4,52,1834800,1306,279,91
1,SU-14608,0143071485,2021,4,22,23,4,52,1835400,1307,279,92
1,SU-14608,0143071485,2021,4,22,23,4,52,1836000,1306,279,91
1,SU-14608,0143071485,2021,4,22,23,4,52,1836600,1305,279,91
1,SU-14608,0143071485,2021,4,22,23,4,52,1837200,1305,279,91
1,SU-14608,0143071485,2021,4,22,23,4,52,1837800,1306,279,91
1,SU-14608,0143071485,2021,4,22,23,4,52,1838400,1306,279,92
1,SU-14608,0143071485,2021,4,22,23,4,52,1839000,1306,279,92
1,SU-14608,0143071485,2021,4,22,23,4,52,1839600,1306,279,91
1,SU-14608,0143071485,2021,4,22,23,4,52,1840200,1306,279,90
1,SU-14608,0143071485,2021,4,22,23,4,52,1840800,1307,279,91
1,SU-14608,0143071485,2021,4,22,23,4,52,1841400,1307,279,91
1,SU-14608,0143071485,2021,4,22,23,4,52,1842000,1307,279,91
1,SU-14608,0143071485,2021,4,22,23,4,52,1842600,1307,279,91
1,SU-14608,0143071485,2021,4,22,23,4,52,1843200,1306,279,90
1,SU-14608,0143071485,2021,4,22,23,4,52,1843800,1307,279,91
1,SU-14608,0143071485,2021,4,22,23,4,52,1844400,1307,279,92
1,SU-14608,0143071485,2021,4,22,23,4,52,1845000,1307,279,90
1,SU-14608,0143071485,2021,4,22,23,4,52,1845600,1308,279,91
1,SU-14608,0143071485,2021,4,22,23,4,52,1846200,1307,279,91
1,SU-14608,0143071485,2021,4,22,23,4,52,1846800,1308,279,90
1,SU-14608,0143071485,2021,4,22,23,4,52,1847400,1307,279,91
1,SU-14608,0143071485,2021,4,22,23,4,52,1848000,1307,279,91
1,SU-14608,0143071485,2021,4,22,23,4,52,1848600,1307,279,91
1,SU-14608,0143071485,2021,4,22,23,4,52,1849200,1307,279,91
1,SU-14608,0143071485,2021,4,22,23,4,52,1849800,1308,279,91
1,SU-14608,0143071485,2021,4,22,23,4,52,1850400,1307,279,90
1,SU-14608,0143071485,2021,4,22,23,4,52,1851000,1308,279,92
1,SU-14608,0143071485,2021,4,22,23,4,52,1851600,1307,279,91
1,SU-14608,0143071485,2021,4,22,23,4,52,1852200,1307,279,90
1,SU-14608,0143071485,2021,4,22,23,4,52,1852800,1308,279,91
1,SU-14608,0143071485,2021,4,22,23,4,52,1853400,1307,279,91
1,SU-14608,0143071485,2021,4,22,23,4,52,1854000,1308,279,91
1,SU-14608,0143071485,2021,4,22,23,4,52,1854600,1306,279,91
1,SU-14608,0143071485,2021,4,22,23,4,52,1855200,1307,279,91
1,SU-14608,0143071485,2021,4,22,23,4,52,1855800,1307,279,91
1,SU-14608,0143071485,2021,4,22,23,4,52,1856400,1307,279,91
1,SU-14608,0143071485,2021,4,22,23,4,52,1857000,1307,279,91
1,SU-14608,0143071485,2021,4,22,23,4,52,1857600,1307,279,91
1,SU-14608,0143071485,2021,4,22,23,4,52,1858200,1307,279,91
1,SU-14608,0143071485,2021,4,22,23,4,52,1858800,1306,279,90
1,SU-14608,0143071485,2021,4,22,23,4,52,1859400,1306,279,91
1,SU-14608,0143071485,2021,4,22,23,4,52,1860000,1306,279,91
1,SU-14608,0143071485,2021,4,22,23,4,52,1860600,1306,279,91
1,SU-14608,0143071485,2021,4,22,23,4,52,1861200,1307,279,91
1,SU-14608,0143071485,2021,4,22,23,4,52,1861800,1306,279,90
1,SU-14608,0143071485,2021,4,22,23,4,52,1862400,1306,279,91
1,SU-14608,0143071485,2021,4,22,23,4,52,1863000,1306,279,92
1,SU-14608,0143071485,2021,4,22,23,4,52,1863600,1306,279,91
1,SU-14608,0143071485,2021,4,22,23,4,52,1864200,1305,279,91
1,SU-14608,0143071485,2021,4,22,23,4,52,1864800,1305,279,91
1,SU-14608,0143071485,2021,4,22,23,4,52,1865400,1306,279,91
1,SU-14608,0143071485,2021,4,22,23,4,52,1866000,1306,279,92
1,SU-14608,0143071485,2021,4,22,23,4,52,1866600,1305,279,91
1,SU-14608,0143071485,2021,4,22,23,4,52,1867200,1305,279,92
1,SU-14608,0143071485,2021,4,22,23,4,52,1867800,1304,279,91
1,SU-14608,0143071485,2021,4,22,23,4,52,1868400,1305,279,91
1,SU-14608,0143071485,2021,4,22,23,4,52,1869000,1305,279,92
1,SU-14608,0143071485,2021,4,22,23,4,52,1869600,1305,279,92
1,SU-14608,0143071485,2021,4,22,23,4,52,1870200,1304,279,91
1,SU-14608,0143071485,2021,4,22,23,4,52,1870800,1304,279,91
1,SU-14608,0143071485,2021,4,22,23,4,52,1871400,1304,279,92
1,SU-14608,0143071485,2021,4,22,23,4,52,1872000,1303,279,91
1,SU-14608,0143071485,2021,4,22,23,4,52,1872600,1303,279,91
1,SU-14608,0143071485,2021,4,22,23,4,52,1873200,1304,279,92
1,SU-14608,0143071485,2021,4,22,23,4,52,1873800,1303,279,91
1,SU-14608,0143071485,2021,4,22,23,4,52,1874400,1303,279,92
1,SU-14608,0143071485,2021,4,22,23,4,52,1875000,1303,279,91
1,SU-14608,0143071485,2021,4,22,23,4,52,1875600,1303,279,91
1,SU-14608,0143071485,2021,4,22,23,4,52,1876200,1303,279,91
1,SU-14608,0143071485,2021,4,22,23,4,52,1876800,1303,279,92
1,SU-14608,0143071485,2021,4,22,23,4,52,1877400,1302,279,92
1,SU-14608,0143071485,2021,4,22,23,4,52,1878000,1302,279,91
1,SU-14608,0143071485,2021,4,22,23,4,52,1878600,1303,279,92
1,SU-14608,0143071485,2021,4,22,23,4,52,1879200,1302,279,91
1,SU-14608,0143071485,2021,4,22,23,4,52,1879800,1302,279,92
1,SU-14608,0143071485,2021,4,22,23,4,52,1880400,1302,279,92
1,SU-14608,0143071485,2021,4,22,23,4,52,1881000,1302,279,92
1,SU-14608,0143071485,2021,4,22,23,4,52,1881600,1302,279,92
1,SU-14608,0143071485,2021,4,22,23,4,52,1882200,1301,279,92
1,SU-14608,0143071485,2021,4,22,23,4,52,1882800,1301,279,92
1,SU-14608,0143071485,2021,4,22,23,4,52,1883400,1302,279,92
1,SU-14608,0143071485,2021,4,22,23,4,52,1884000,1301,279,92
1,SU-14608,0143071485,2021,4,22,23,4,52,1884600,1302,279,91
1,SU-14608,0143071485,2021,4,22,23,4,52,1885200,1301,279,91
1,SU-14608,0143071485,2021,4,22,23,4,52,1885800,1300,279,92
1,SU-14608,0143071485,2021,4,22,23,4,52,1886400,1301,279,92
1,SU-14608,0143071485,2021,4,22,23,4,52,1887000,1301,279,92
1,SU-14608,0143071485,2021,4,22,23,4,52,1887600,1302,279,92
1,SU-14608,0143071485,2021,4,22,23,4,52,1888200,1301,279,92
1,SU-14608,0143071485,2021,4,22,23,4,52,1888800,1301,279,92
1,SU-14608,0143071485,2021,4,22,23,4,52,1889400,1301,279,92
1,SU-14608,0143071485,2021,4,22,23,4,52,1890000,1302,279,92
1,SU-14608,0143071485,2021,4,22,23,4,52,1890600,1301,279,92
1,SU-14608,0143071485,2021,4,22,23,4,52,1891200,1301,279,92
1,SU-14608,0143071485,2021,4,22,23,4,52,1891800,1302,279,92
1,SU-14608,0143071485,2021,4,22,23,4,52,1892400,1301,279,93
1,SU-14608,0143071485,2021,4,22,23,4,52,1893000,1302,279,92
1,SU-14608,0143071485,2021,4,22,23,4,52,1893600,1301,279,92
1,SU-14608,0143071485,2021,4,22,23,4,52,1894200,1301,279,92
1,SU-14608,0143071485,2021,4,22,23,4,52,1894800,1302,279,92
1,SU-14608,0143071485,2021,4,22,23,4,52,1895400,1302,279,91
1,SU-14608,0143071485,2021,4,22,23,4,52,1896000,1303,279,93
1,SU-14608,0143071485,2021,4,22,23,4,52,1896600,1302,279,92
1,SU-14608,0143071485,2021,4,22,23,4,52,1897200,1302,279,92
1,SU-14608,0143071485,2021,4,22,23,4,52,1897800,1302,279,92
1,SU-14608,0143071485,2021,4,22,23,4,52,1898400,1303,279,93
1,SU-14608,0143071485,2021,4,22,23,4,52,1899000,1303,279,92
1,SU-14608,0143071485,2021,4,22,23,4,52,1899600,1303,279,93
1,SU-14608,0143071485,2021,4,22,23,4,52,1900200,1303,279,93
1,SU-14608,0143071485,2021,4,22,23,4,52,1900800,1303,279,92
1,SU-14608,0143071485,2021,4,22,23,4,52,1901400,1303,279,93
1,SU-14608,0143071485,2021,4,22,23,4,52,1902000,1303,279,92
1,SU-14608,0143071485,2021,4,22,23,4,52,1902600,1303,279,92
1,SU-14608,0143071485,2021,4,22,23,4,52,1903200,1303,279,93
1,SU-14608,0143071485,2021,4,22,23,4,52,1903800,1303,279,92
1,SU-14608,0143071485,2021,4,22,23,4,52,1904400,1303,279,93
1,SU-14608,0143071485,2021,4,22,23,4,52,1905000,1303,279,93
1,SU-14608,0143071485,2021,4,22,23,4,52,1905600,1303,279,91
1,SU-14608,0143071485,2021,4,22,23,4,52,1906200,1303,279,93
1,SU-14608,0143071485,2021,4,22,23,4,52,1906800,1303,279,92
1,SU-14608,0143071485,2021,4,22,23,4,52,1907400,1303,279,92
1,SU-14608,0143071485,2021,4,22,23,4,52,1908000,1303,279,93
1,SU-14608,0143071485,2021,4,22,23,4,52,1908600,1303,279,92
1,SU-14608,0143071485,2021,4,22,23,4,52,1909200,1303,279,93
1,SU-14608,0143071485,2021,4,22,23,4,52,1909800,1303,279,93
1,SU-14608,0143071485,2021,4,22,23,4,52,1910400,1304,279,93
1,SU-14608,0143071485,2021,4,22,23,4,52,1911000,1303,279,93
1,SU-14608,0143071485,2021,4,22,23,4,52,1911600,1303,279,92
1,SU-14608,0143071485,2021,4,22,23,4,52,1912200,1304,279,92
1,SU-14608,0143071485,2021,4,22,23,4,52,1912800,1304,279,93
1,SU-14608,0143071485,2021,4,22,23,4,52,1913400,1303,279,93
1,SU-14608,0143071485,2021,4,22,23,4,52,1914000,1304,279,93
1,SU-14608,0143071485,2021,4,22,23,4,52,1914600,1303,279,93
1,SU-14608,0143071485,2021,4,22,23,4,52,1915200,1303,279,93
1,SU-14608,0143071485,2021,4,22,23,4,52,1915800,1304,279,93
1,SU-14608,0143071485,2021,4,22,23,4,52,1916400,1303,279,93
1,SU-14608,0143071485,2021,4,22,23,4,52,1917000,1303,279,93
1,SU-14608,0143071485,2021,4,22,23,4,52,1917600,1303,279,93
1,SU-14608,0143071485,2021,4,22,23,4,52,1918200,1304,279,93
1,SU-14608,0143071485,2021,4,22,23,4,52,1918800,1304,279,93
1,SU-14608,0143071485,2021,4,22,23,4,52,1919400,1304,279,93
1,SU-14608,0143071485,2021,4,22,23,4,52,1920000,1303,279,93
1,SU-14608,0143071485,2021,4,22,23,4,52,1920600,1303,279,92
1,SU-14608,0143071485,2021,4,22,23,4,52,1921200,1304,279,92
1,SU-14608,0143071485,2021,4,22,23,4,52,1921800,1303,279,93
1,SU-14608,0143071485,2021,4,22,23,4,52,1922400,1303,279,93
1,SU-14608,0143071485,2021,4,22,23,4,52,1923000,1305,279,92
1,SU-14608,0143071485,2021,4,22,23,4,52,1923600,1304,279,93
1,SU-14608,0143071485,2021,4,22,23,4,52,1924200,1304,279,92
1,SU-14608,0143071485,2021,4,22,23,4,52,1924800,1304,279,92
1,SU-14608,0143071485,2021,4,22,23,4,52,1925400,1304,279,92
1,SU-14608,0143071485,2021,4,22,23,4,52,1926000,1303,279,92
1,SU-14608,0143071485,2021,4,22,23,4,52,1926600,1303,279,93
1,SU-14608,0143071485,2021,4,22,23,4,52,1927200,1303,279,93
1,SU-14608,0143071485,2021,4,22,23,4,52,1927800,1303,279,93
1,SU-14608,0143071485,2021,4,22,23,4,52,1928400,1303,279,93
1,SU-14608,0143071485,2021,4,22,23,4,52,1929000,1304,279,93
1,SU-14608,0143071485,2021,4,22,23,4,52,1929600,1303,279,92
1,SU-14608,0143071485,2021,4,22,23,4,52,1930200,1303,279,93
1,SU-14608,0143071485,2021,4,22,23,4,52,1930800,1303,279,92
1,SU-14608,0143071485,2021,4,22,23,4,52,1931400,1303,279,92
1,SU-14608,0143071485,2021,4,22,23,4,52,1932000,1303,279,92
1,SU-14608,0143071485,2021,4,22,23,4,52,1932600,1303,279,92
1,SU-14608,0143071485,2021,4,22,23,4,52,1933200,1303,279,92
1,SU-14608,0143071485,2021,4,22,23,4,52,1933800,1303,279,92
1,SU-14608,0143071485,2021,4,22,23,4,52,1934400,1303,279,92
1,SU-14608,0143071485,2021,4,22,23,4,52,1935000,1303,279,91
1,SU-14608,0143071485,2021,4,22,23,4,52,1935600,1303,279,92
1,SU-14608,0143071485,2021,4,22,23,4,52,1936200,1303,279,92
1,SU-14608,0143071485,2021,4,22,23,4,52,1936800,1303,279,91
1,SU-14608,0143071485,2021,4,22,23,4,52,1937400,1302,279,92
1,SU-14608,0143071485,2021,4,22,23,4,52,1938000,1302,279,92
1,SU-14608,0143071485,2021,4,22,23,4,52,1938600,1303,279,91
1,SU-14608,0143071485,2021,4,22,23,4,52,1939200,1302,279,92
1,SU-14608,0143071485,2021,4,22,23,4,52,1939800,1302,279,92
1,SU-14608,0143071485,2021,4,22,23,4,52,1940400,1302,279,92
1,SU-14608,0143071485,2021,4,22,23,4,52,1941000,1302,279,92
1,SU-14608,0143071485,2021,4,22,23,4,52,1941600,1302,279,92
1,SU-14608,0143071485,2021,4,22,23,4,52,1942200,1301,279,92
1,SU-14608,0143071485,2021,4,22,23,4,52,1942800,1301,279,92
1,SU-14608,0143071485,2021,4,22,23,4,52,1943400,1302,279,92
1,SU-14608,0143071485,2021,4,22,23,4,52,1944000,1301,279,92
1,SU-14608,0143071485,2021,4,22,23,4,52,1944600,1300,279,92
1,SU-14608,0143071485,2021,4,22,23,4,52,1945200,1300,279,91
1,SU-14608,0143071485,2021,4,22,23,4,52,1945800,1300,279,92
1,SU-14608,0143071485,2021,4,22,23,4,52,1946400,1300,279,92
1,SU-14608,0143071485,2021,4,22,23,4,52,1947000,1299,279,92
1,SU-14608,0143071485,2021,4,22,23,4,52,1947600,1300,279,92
1,SU-14608,0143071485,2021,4,22,23,4,52,1948200,1299,279,91
1,SU-14608,0143071485,2021,4,22,23,4,52,1948800,1301,279,92
1,SU-14608,0143071485,2021,4,22,23,4,52,1949400,1299,279,91
1,SU-14608,0143071485,2021,4,22,23,4,52,1950000,1299,279,91
1,SU-14608,0143071485,2021,4,22,23,4,52,1950600,1299,279,91
1,SU-14608,0143071485,2021,4,22,23,4,52,1951200,1298,279,91
1,SU-14608,0143071485,2021,4,22,23,4,52,1951800,1298,279,92
1,SU-14608,0143071485,2021,4,22,23,4,52,1952400,1298,279,92
1,SU-14608,0143071485,2021,4,22,23,4,52,1953000,1299,279,92
1,SU-14608,0143071485,2021,4,22,23,4,52,1953600,1298,279,92
1,SU-14608,0143071485,2021,4,22,23,4,52,1954200,1297,279,92
1,SU-14608,0143071485,2021,4,22,23,4,52,1954800,1296,279,91
1,SU-14608,0143071485,2021,4,22,23,4,52,1955400,1296,279,92
1,SU-14608,0143071485,2021,4,22,23,4,52,1956000,1295,279,93
1,SU-14608,0143071485,2021,4,22,23,4,52,1956600,1295,279,92
1,SU-14608,0143071485,2021,4,22,23,4,52,1957200,1296,279,92
1,SU-14608,0143071485,2021,4,22,23,4,52,1957800,1296,279,91
1,SU-14608,0143071485,2021,4,22,23,4,52,1958400,1295,279,91
1,SU-14608,0143071485,2021,4,22,23,4,52,1959000,1295,279,91
1,SU-14608,0143071485,2021,4,22,23,4,52,1959600,1294,279,92
1,SU-14608,0143071485,2021,4,22,23,4,52,1960200,1294,279,92
1,SU-14608,0143071485,2021,4,22,23,4,52,1960800,1293,279,91
1,SU-14608,0143071485,2021,4,22,23,4,52,1961400,1293,279,92
1,SU-14608,0143071485,2021,4,22,23,4,52,1962000,1293,279,91
1,SU-14608,0143071485,2021,4,22,23,4,52,1962600,1293,279,91
1,SU-14608,0143071485,2021,4,22,23,4,52,1963200,1293,279,92
1,SU-14608,0143071485,2021,4,22,23,4,52,1963800,1292,279,92
1,SU-14608,0143071485,2021,4,22,23,4,52,1964400,1292,279,92
1,SU-14608,0143071485,2021,4,22,23,4,52,1965000,1292,279,92
1,SU-14608,0143071485,2021,4,22,23,4,52,1965600,1291,279,92
1,SU-14608,0143071485,2021,4,22,23,4,52,1966200,1291,279,91
1,SU-14608,0143071485,2021,4,22,23,4,52,1966800,1290,279,92
1,SU-14608,0143071485,2021,4,22,23,4,52,1967400,1291,279,92
1,SU-14608,0143071485,2021,4,22,23,4,52,1968000,1291,279,92
1,SU-14608,0143071485,2021,4,22,23,4,52,1968600,1291,279,91
1,SU-14608,0143071485,2021,4,22,23,4,52,1969200,1291,279,91
1,SU-14608,0143071485,2021,4,22,23,4,52,1969800,1291,279,92
1,SU-14608,0143071485,2021,4,22,23,4,52,1970400,1291,279,91
1,SU-14608,0143071485,2021,4,22,23,4,52,1971000,1291,279,91
1,SU-14608,0143071485,2021,4,22,23,4,52,1971600,1292,279,92
1,SU-14608,0143071485,2021,4,22,23,4,52,1972200,1292,279,91
1,SU-14608,0143071485,2021,4,22,23,4,52,1972800,1292,279,91
1,SU-14608,0143071485,2021,4,22,23,4,52,1973400,1292,279,92
1,SU-14608,0143071485,2021,4,22,23,4,52,1974000,1293,279,92
1,SU-14608,0143071485,2021,4,22,23,4,52,1974600,1293,279,91
1,SU-14608,0143071485,2021,4,22,23,4,52,1975200,1294,279,91
1,SU-14608,0143071485,2021,4,22,23,4,52,1975800,1294,279,92
1,SU-14608,0143071485,2021,4,22,23,4,52,1976400,1296,279,92
1,SU-14608,0143071485,2021,4,22,23,4,52,1977000,1296,279,91
1,SU-14608,0143071485,2021,4,22,23,4,52,1977600,1296,279,91
1,SU-14608,0143071485,2021,4,22,23,4,52,1978200,1296,279,92
1,SU-14608,0143071485,2021,4,22,23,4,52,1978800,1298,279,92
1,SU-14608,0143071485,2021,4,22,23,4,52,1979400,1298,279,91
1,SU-14608,0143071485,2021,4,22,23,4,52,1980000,1300,279,91
1,SU-14608,0143071485,2021,4,22,23,4,52,1980600,1300,279,91
1,SU-14608,0143071485,2021,4,22,23,4,52,1981200,1302,279,91
1,SU-14608,0143071485,2021,4,22,23,4,52,1981800,1303,279,91
1,SU-14608,0143071485,2021,4,22,23,4,52,1982400,1303,279,90
1,SU-14608,0143071485,2021,4,22,23,4,52,1983000,1304,279,91
1,SU-14608,0143071485,2021,4,22,23,4,52,1983600,1305,279,91
1,SU-14608,0143071485,2021,4,22,23,4,52,1984200,1306,279,90
1,SU-14608,0143071485,2021,4,22,23,4,52,1984800,1308,279,90
1,SU-14608,0143071485,2021,4,22,23,4,52,1985400,1308,279,90
1,SU-14608,0143071485,2021,4,22,23,4,52,1986000,1309,279,90
1,SU-14608,0143071485,2021,4,22,23,4,52,1986600,1310,279,90
1,SU-14608,0143071485,2021,4,22,23,4,52,1987200,1310,279,90
1,SU-14608,0143071485,2021,4,22,23,4,52,1987800,1312,279,90
1,SU-14608,0143071485,2021,4,22,23,4,52,1988400,1312,279,90
1,SU-14608,0143071485,2021,4,22,23,4,52,1989000,1314,279,90
1,SU-14608,0143071485,2021,4,22,23,4,52,1989600,1315,279,90
1,SU-14608,0143071485,2021,4,22,23,4,52,1990200,1317,279,90
1,SU-14608,0143071485,2021,4,22,23,4,52,1990800,1321,279,89
1,SU-14608,0143071485,2021,4,22,23,4,52,1991400,1325,279,90
1,SU-14608,0143071485,2021,4,22,23,4,52,1992000,1328,279,90
1,SU-14608,0143071485,2021,4,22,23,4,52,1992600,1331,279,89
1,SU-14608,0143071485,2021,4,22,23,4,52,1993200,1334,279,89
1,SU-14608,0143071485,2021,4,22,23,4,52,1993800,1337,279,88
1,SU-14608,0143071485,2021,4,22,23,4,52,1994400,1339,279,89
1,SU-14608,0143071485,2021,4,22,23,4,52,1995000,1342,279,89
1,SU-14608,0143071485,2021,4,22,23,4,52,1995600,1344,279,88
1,SU-14608,0143071485,2021,4,22,23,4,52,1996200,1347,279,88
1,SU-14608,0143071485,2021,4,22,23,4,52,1996800,1349,279,88
1,SU-14608,0143071485,2021,4,22,23,4,52,1997400,1350,279,88
1,SU-14608,0143071485,2021,4,22,23,4,52,1998000,1352,279,89
1,SU-14608,0143071485,2021,4,22,23,4,52,1998600,1354,279,89
1,SU-14608,0143071485,2021,4,22,23,4,52,1999200,1355,279,89
1,SU-14608,0143071485,2021,4,22,23,4,52,1999800,1357,279,90
1,SU-14608,0143071485,2021,4,22,23,4,52,2000400,1358,279,90
1,SU-14608,0143071485,2021,4,22,23,4,52,2001000,1360,279,91
1,SU-14608,0143071485,2021,4,22,23,4,52,2001600,1360,279,92
1,SU-14608,0143071485,2021,4,22,23,4,52,2002200,1361,279,93
1,SU-14608,0143071485,2021,4,22,23,4,52,2002800,1362,279,93
1,SU-14608,0143071485,2021,4,22,23,4,52,2003400,1363,279,93
1,SU-14608,0143071485,2021,4,22,23,4,52,2004000,1364,279,94
1,SU-14608,0143071485,2021,4,22,23,4,52,2004600,1365,279,94
1,SU-14608,0143071485,2021,4,22,23,4,52,2005200,1365,279,93
1,SU-14608,0143071485,2021,4,22,23,4,52,2005800,1367,279,92
1,SU-14608,0143071485,2021,4,22,23,4,52,2006400,1367,279,91
1,SU-14608,0143071485,2021,4,22,23,4,52,2007000,1368,279,91
1,SU-14608,0143071485,2021,4,22,23,4,52,2007600,1369,279,91
1,SU-14608,0143071485,2021,4,22,23,4,52,2008200,1368,279,89
1,SU-14608,0143071485,2021,4,22,23,4,52,2008800,1369,279,90
1,SU-14608,0143071485,2021,4,22,23,4,52,2009400,1370,279,88
1,SU-14608,0143071485,2021,4,22,23,4,52,2010000,1371,279,89
1,SU-14608,0143071485,2021,4,22,23,4,52,2010600,1373,279,87
1,SU-14608,0143071485,2021,4,22,23,4,52,2011200,1373,279,87
1,SU-14608,0143071485,2021,4,22,23,4,52,2011800,1373,279,86
1,SU-14608,0143071485,2021,4,22,23,4,52,2012400,1375,279,86
1,SU-14608,0143071485,2021,4,22,23,4,52,2013000,1376,279,86
1,SU-14608,0143071485,2021,4,22,23,4,52,2013600,1377,279,85
1,SU-14608,0143071485,2021,4,22,23,4,52,2014200,1377,279,84
1,SU-14608,0143071485,2021,4,22,23,4,52,2014800,1377,279,84
1,SU-14608,0143071485,2021,4,22,23,4,52,2015400,1378,279,84
1,SU-14608,0143071485,2021,4,22,23,4,52,2016000,1379,279,84
1,SU-14608,0143071485,2021,4,22,23,4,52,2016600,1381,279,84
1,SU-14608,0143071485,2021,4,22,23,4,52,2017200,1380,279,84
1,SU-14608,0143071485,2021,4,22,23,4,52,2017800,1381,279,84
1,SU-14608,0143071485,2021,4,22,23,4,52,2018400,1383,279,83
1,SU-14608,0143071485,2021,4,22,23,4,52,2019000,1382,279,82
1,SU-14608,0143071485,2021,4,22,23,4,52,2019600,1382,279,82
1,SU-14608,0143071485,2021,4,22,23,4,52,2020200,1383,279,82
1,SU-14608,0143071485,2021,4,22,23,4,52,2020800,1384,279,82
1,SU-14608,0143071485,2021,4,22,23,4,52,2021400,1384,279,81
1,SU-14608,0143071485,2021,4,22,23,4,52,2022000,1385,279,81
1,SU-14608,0143071485,2021,4,22,23,4,52,2022600,1385,279,81
1,SU-14608,0143071485,2021,4,22,23,4,52,2023200,1386,279,81
1,SU-14608,0143071485,2021,4,22,23,4,52,2023800,1387,279,81
1,SU-14608,0143071485,2021,4,22,23,4,52,2024400,1386,279,80
1,SU-14608,0143071485,2021,4,22,23,4,52,2025000,1387,279,81
1,SU-14608,0143071485,2021,4,22,23,4,52,2025600,1387,279,80
1,SU-14608,0143071485,2021,4,22,23,4,52,2026200,1387,279,80
1,SU-14608,0143071485,2021,4,22,23,4,52,2026800,1387,279,79
1,SU-14608,0143071485,2021,4,22,23,4,52,2027400,1388,279,79
1,SU-14608,0143071485,2021,4,22,23,4,52,2028000,1389,279,79
1,SU-14608,0143071485,2021,4,22,23,4,52,2028600,1388,279,79
1,SU-14608,0143071485,2021,4,22,23,4,52,2029200,1388,279,79
1,SU-14608,0143071485,2021,4,22,23,4,52,2029800,1389,279,79
1,SU-14608,0143071485,2021,4,22,23,4,52,2030400,1390,279,79
1,SU-14608,0143071485,2021,4,22,23,4,52,2031000,1390,279,79
1,SU-14608,0143071485,2021,4,22,23,4,52,2031600,1390,279,79
1,SU-14608,0143071485,2021,4,22,23,4,52,2032200,1391,279,79
1,SU-14608,0143071485,2021,4,22,23,4,52,2032800,1391,279,79
1,SU-14608,0143071485,2021,4,22,23,4,52,2033400,1390,279,78
1,SU-14608,0143071485,2021,4,22,23,4,52,2034000,1391,279,78
1,SU-14608,0143071485,2021,4,22,23,4,52,2034600,1391,279,79
1,SU-14608,0143071485,2021,4,22,23,4,52,2035200,1390,279,78
1,SU-14608,0143071485,2021,4,22,23,4,52,2035800,1391,279,78
1,SU-14608,0143071485,2021,4,22,23,4,52,2036400,1391,279,77
1,SU-14608,0143071485,2021,4,22,23,4,52,2037000,1391,279,78
1,SU-14608,0143071485,2021,4,22,23,4,52,2037600,1392,279,77
1,SU-14608,0143071485,2021,4,22,23,4,52,2038200,1391,279,77
1,SU-14608,0143071485,2021,4,22,23,4,52,2038800,1391,279,78
1,SU-14608,0143071485,2021,4,22,23,4,52,2039400,1392,279,78
1,SU-14608,0143071485,2021,4,22,23,4,52,2040000,1392,279,76
1,SU-14608,0143071485,2021,4,22,23,4,52,2040600,1392,279,76
1,SU-14608,0143071485,2021,4,22,23,4,52,2041200,1392,279,76
1,SU-14608,0143071485,2021,4,22,23,4,52,2041800,1393,279,76
1,SU-14608,0143071485,2021,4,22,23,4,52,2042400,1393,279,77
1,SU-14608,0143071485,2021,4,22,23,4,52,2043000,1394,279,76
1,SU-14608,0143071485,2021,4,22,23,4,52,2043600,1393,279,77
1,SU-14608,0143071485,2021,4,22,23,4,52,2044200,1394,279,76
1,SU-14608,0143071485,2021,4,22,23,4,52,2044800,1395,279,77
1,SU-14608,0143071485,2021,4,22,23,4,52,2045400,1395,279,77
1,SU-14608,0143071485,2021,4,22,23,4,52,2046000,1394,279,77
1,SU-14608,0143071485,2021,4,22,23,4,52,2046600,1394,279,77
1,SU-14608,0143071485,2021,4,22,23,4,52,2047200,1396,279,77
1,SU-14608,0143071485,2021,4,22,23,4,52,2047800,1395,279,78
1,SU-14608,0143071485,2021,4,22,23,4,52,2048400,1396,279,77
1,SU-14608,0143071485,2021,4,22,23,4,52,2049000,1396,279,77
1,SU-14608,0143071485,2021,4,22,23,4,52,2049600,1396,279,78
1,SU-14608,0143071485,2021,4,22,23,4,52,2050200,1397,279,77
1,SU-14608,0143071485,2021,4,22,23,4,52,2050800,1397,279,77
1,SU-14608,0143071485,2021,4,22,23,4,52,2051400,1397,279,78
1,SU-14608,0143071485,2021,4,22,23,4,52,2052000,1397,279,78
1,SU-14608,0143071485,2021,4,22,23,4,52,2052600,1398,279,78
1,SU-14608,0143071485,2021,4,22,23,4,52,2053200,1399,279,78
1,SU-14608,0143071485,2021,4,22,23,4,52,2053800,1399,279,78
1,SU-14608,0143071485,2021,4,22,23,4,52,2054400,1400,279,78
1,SU-14608,0143071485,2021,4,22,23,4,52,2055000,1400,279,77
1,SU-14608,0143071485,2021,4,22,23,4,52,2055600,1401,279,77
1,SU-14608,0143071485,2021,4,22,23,4,52,2056200,1402,279,76
1,SU-14608,0143071485,2021,4,22,23,4,52,2056800,1402,279,77
1,SU-14608,0143071485,2021,4,22,23,4,52,2057400,1421,279,76
1,SU-14608,0143071485,2021,4,22,23,4,52,2058000,1433,279,76
1,SU-14608,0143071485,2021,4,22,23,4,52,2058600,1439,279,75
1,SU-14608,0143071485,2021,4,22,23,4,52,2059200,1443,279,77
1,SU-14608,0143071485,2021,4,22,23,4,52,2059800,1446,279,78
1,SU-14608,0143071485,2021,4,22,23,4,52,2060400,1447,279,78
1,SU-14608,0143071485,2021,4,22,23,4,52,2061000,1450,279,78
1,SU-14608,0143071485,2021,4,22,23,4,52,2061600,1452,279,76
1,SU-14608,0143071485,2021,4,22,23,4,52,2062200,1453,279,76
1,SU-14608,0143071485,2021,4,22,23,4,52,2062800,1455,279,75
1,SU-14608,0143071485,2021,4,22,23,4,52,2063400,1455,279,73
1,SU-14608,0143071485,2021,4,22,23,4,52,2064000,1457,279,73
1,SU-14608,0143071485,2021,4,22,23,4,52,2064600,1457,279,71
1,SU-14608,0143071485,2021,4,22,23,4,52,2065200,1459,279,71
1,SU-14608,0143071485,2021,4,22,23,4,52,2065800,1461,279,70
1,SU-14608,0143071485,2021,4,22,23,4,52,2066400,1462,279,70
1,SU-14608,0143071485,2021,4,22,23,4,52,2067000,1461,279,68
1,SU-14608,0143071485,2021,4,22,23,4,52,2067600,1463,279,67
1,SU-14608,0143071485,2021,4,22,23,4,52,2068200,1464,279,68
1,SU-14608,0143071485,2021,4,22,23,4,52,2068800,1465,279,67
1,SU-14608,0143071485,2021,4,22,23,4,52,2069400,1466,279,67
1,SU-14608,0143071485,2021,4,22,23,4,52,2070000,1467,279,67
1,SU-14608,0143071485,2021,4,22,23,4,52,2070600,1468,279,66
1,SU-14608,0143071485,2021,4,22,23,4,52,2071200,1468,279,65
1,SU-14608,0143071485,2021,4,22,23,4,52,2071800,1469,279,65
1,SU-14608,0143071485,2021,4,22,23,4,52,2072400,1471,279,64
1,SU-14608,0143071485,2021,4,22,23,4,52,2073000,1472,279,65
1,SU-14608,0143071485,2021,4,22,23,4,52,2073600,1472,279,64
1,SU-14608,0143071485,2021,4,22,23,4,52,2074200,1473,279,64
1,SU-14608,0143071485,2021,4,22,23,4,52,2074800,1475,279,64
1,SU-14608,0143071485,2021,4,22,23,4,52,2075400,1474,279,64
1,SU-14608,0143071485,2021,4,22,23,4,52,2076000,1474,279,63
1,SU-14608,0143071485,2021,4,22,23,4,52,2076600,1474,279,62
1,SU-14608,0143071485,2021,4,22,23,4,52,2077200,1473,279,63
1,SU-14608,0143071485,2021,4,22,23,4,52,2077800,1472,279,62
1,SU-14608,0143071485,2021,4,22,23,4,52,2078400,1471,279,62
1,SU-14608,0143071485,2021,4,22,23,4,52,2079000,1470,279,62
1,SU-14608,0143071485,2021,4,22,23,4,52,2079600,1468,279,62
1,SU-14608,0143071485,2021,4,22,23,4,52,2080200,1465,279,61
1,SU-14608,0143071485,2021,4,22,23,4,52,2080800,1463,279,61
1,SU-14608,0143071485,2021,4,22,23,4,52,2081400,1461,279,61
1,SU-14608,0143071485,2021,4,22,23,4,52,2082000,1459,279,60
1,SU-14608,0143071485,2021,4,22,23,4,52,2082600,1457,279,60
1,SU-14608,0143071485,2021,4,22,23,4,52,2083200,1454,279,61
1,SU-14608,0143071485,2021,4,22,23,4,52,2083800,1451,279,60
1,SU-14608,0143071485,2021,4,22,23,4,52,2084400,1449,279,60
1,SU-14608,0143071485,2021,4,22,23,4,52,2085000,1445,279,60
1,SU-14608,0143071485,2021,4,22,23,4,52,2085600,1442,279,60
1,SU-14608,0143071485,2021,4,22,23,4,52,2086200,1440,279,59
1,SU-14608,0143071485,2021,4,22,23,4,52,2086800,1437,279,59
1,SU-14608,0143071485,2021,4,22,23,4,52,2087400,1433,279,59
1,SU-14608,0143071485,2021,4,22,23,4,52,2088000,1430,279,59
1,SU-14608,0143071485,2021,4,22,23,4,52,2088600,1427,279,59
1,SU-14608,0143071485,2021,4,22,23,4,52,2089200,1426,279,59
1,SU-14608,0143071485,2021,4,22,23,4,52,2089800,1423,279,59
1,SU-14608,0143071485,2021,4,22,23,4,52,2090400,1420,279,59
1,SU-14608,0143071485,2021,4,22,23,4,52,2091000,1417,279,59
1,SU-14608,0143071485,2021,4,22,23,4,52,2091600,1416,279,59
1,SU-14608,0143071485,2021,4,22,23,4,52,2092200,1414,279,59
1,SU-14608,0143071485,2021,4,22,23,4,52,2092800,1411,279,59
1,SU-14608,0143071485,2021,4,22,23,4,52,2093400,1410,279,59
1,SU-14608,0143071485,2021,4,22,23,4,52,2094000,1408,279,58
1,SU-14608,0143071485,2021,4,22,23,4,52,2094600,1407,279,58
1,SU-14608,0143071485,2021,4,22,23,4,52,2095200,1406,279,58
1,SU-14608,0143071485,2021,4,22,23,4,52,2095800,1405,279,58
1,SU-14608,0143071485,2021,4,22,23,4,52,2096400,1405,279,58
1,SU-14608,0143071485,2021,4,22,23,4,52,2097000,1404,279,58
1,SU-14608,0143071485,2021,4,22,23,4,52,2097600,1403,279,58
1,SU-14608,0143071485,2021,4,22,23,4,52,2098200,1404,279,57
1,SU-14608,0143071485,2021,4,22,23,4,52,2098800,1403,279,58
1,SU-14608,0143071485,2021,4,22,23,4,52,2099400,1402,279,57
1,SU-14608,0143071485,2021,4,22,23,4,52,2100000,1401,279,57
1,SU-14608,0143071485,2021,4,22,23,4,52,2100600,1401,279,56
1,SU-14608,0143071485,2021,4,22,23,4,52,2101200,1400,279,56
1,SU-14608,0143071485,2021,4,22,23,4,52,2101800,1399,279,56
1,SU-14608,0143071485,2021,4,22,23,4,52,2102400,1398,279,56
1,SU-14608,0143071485,2021,4,22,23,4,52,2103000,1398,279,57
1,SU-14608,0143071485,2021,4,22,23,4,52,2103600,1397,279,56
1,SU-14608,0143071485,2021,4,22,23,4,52,2104200,1396,279,57
1,SU-14608,0143071485,2021,4,22,23,4,52,2104800,1395,279,56
1,SU-14608,0143071485,2021,4,22,23,4,52,2105400,1395,279,56
1,SU-14608,0143071485,2021,4,22,23,4,52,2106000,1395,279,56
1,SU-14608,0143071485,2021,4,22,23,4,52,2106600,1394,279,56
1,SU-14608,0143071485,2021,4,22,23,4,52,2107200,1393,279,56
1,SU-14608,0143071485,2021,4,22,23,4,52,2107800,1393,279,56
1,SU-14608,0143071485,2021,4,22,23,4,52,2108400,1392,279,56
1,SU-14608,0143071485,2021,4,22,23,4,52,2109000,1391,279,56
1,SU-14608,0143071485,2021,4,22,23,4,52,2109600,1390,279,56
1,SU-14608,0143071485,2021,4,22,23,4,52,2110200,1390,279,56
1,SU-14608,0143071485,2021,4,22,23,4,52,2110800,1389,279,56
1,SU-14608,0143071485,2021,4,22,23,4,52,2111400,1387,279,56
1,SU-14608,0143071485,2021,4,22,23,4,52,2112000,1387,279,56
1,SU-14608,0143071485,2021,4,22,23,4,52,2112600,1385,279,57
1,SU-14608,0143071485,2021,4,22,23,4,52,2113200,1385,279,58
1,SU-14608,0143071485,2021,4,22,23,4,52,2113800,1385,279,58
1,SU-14608,0143071485,2021,4,22,23,4,52,2114400,1383,279,57
1,SU-14608,0143071485,2021,4,22,23,4,52,2115000,1383,279,57
1,SU-14608,0143071485,2021,4,22,23,4,52,2115600,1383,279,57
1,SU-14608,0143071485,2021,4,22,23,4,52,2116200,1382,279,58
1,SU-14608,0143071485,2021,4,22,23,4,52,2116800,1381,279,57
1,SU-14608,0143071485,2021,4,22,23,4,52,2117400,1380,279,57
1,SU-14608,0143071485,2021,4,22,23,4,52,2118000,1379,279,58
1,SU-14608,0143071485,2021,4,22,23,4,52,2118600,1379,279,57
1,SU-14608,0143071485,2021,4,22,23,4,52,2119200,1379,279,57
1,SU-14608,0143071485,2021,4,22,23,4,52,2119800,1378,279,57
1,SU-14608,0143071485,2021,4,22,23,4,52,2120400,1376,279,58
1,SU-14608,0143071485,2021,4,22,23,4,52,2121000,1376,279,57
1,SU-14608,0143071485,2021,4,22,23,4,52,2121600,1375,279,58
1,SU-14608,0143071485,2021,4,22,23,4,52,2122200,1374,279,58
1,SU-14608,0143071485,2021,4,22,23,4,52,2122800,1374,279,57
1,SU-14608,0143071485,2021,4,22,23,4,52,2123400,1373,279,57
1,SU-14608,0143071485,2021,4,22,23,4,52,2124000,1372,279,58
1,SU-14608,0143071485,2021,4,22,23,4,52,2124600,1371,279,58
1,SU-14608,0143071485,2021,4,22,23,4,52,2125200,1370,279,58
1,SU-14608,0143071485,2021,4,22,23,4,52,2125800,1370,279,58
1,SU-14608,0143071485,2021,4,22,23,4,52,2126400,1369,279,59
1,SU-14608,0143071485,2021,4,22,23,4,52,2127000,1369,279,58
1,SU-14608,0143071485,2021,4,22,23,4,52,2127600,1368,279,58
1,SU-14608,0143071485,2021,4,22,23,4,52,2128200,1368,279,58
1,SU-14608,0143071485,2021,4,22,23,4,52,2128800,1367,279,58
1,SU-14608,0143071485,2021,4,22,23,4,52,2129400,1366,279,59
1,SU-14608,0143071485,2021,4,22,23,4,52,2130000,1365,279,58
1,SU-14608,0143071485,2021,4,22,23,4,52,2130600,1366,279,58
1,SU-14608,0143071485,2021,4,22,23,4,52,2131200,1364,279,59
1,SU-14608,0143071485,2021,4,22,23,4,52,2131800,1365,279,59
1,SU-14608,0143071485,2021,4,22,23,4,52,2132400,1364,279,57
1,SU-14608,0143071485,2021,4,22,23,4,52,2133000,1363,279,57
1,SU-14608,0143071485,2021,4,22,23,4,52,2133600,1363,279,57
1,SU-14608,0143071485,2021,4,22,23,4,52,2134200,1363,279,58
1,SU-14608,0143071485,2021,4,22,23,4,52,2134800,1361,279,58
1,SU-14608,0143071485,2021,4,22,23,4,52,2135400,1362,279,58
1,SU-14608,0143071485,2021,4,22,23,4,52,2136000,1361,279,58
1,SU-14608,0143071485,2021,4,22,23,4,52,2136600,1361,279,58
1,SU-14608,0143071485,2021,4,22,23,4,52,2137200,1361,279,58
1,SU-14608,0143071485,2021,4,22,23,4,52,2137800,1360,279,57
1,SU-14608,0143071485,2021,4,22,23,4,52,2138400,1360,279,56
1,SU-14608,0143071485,2021,4,22,23,4,52,2139000,1360,279,57
1,SU-14608,0143071485,2021,4,22,23,4,52,2139600,1359,279,57
1,SU-14608,0143071485,2021,4,22,23,4,52,2140200,1360,279,57
1,SU-14608,0143071485,2021,4,22,23,4,52,2140800,1360,279,56
1,SU-14608,0143071485,2021,4,22,23,4,52,2141400,1360,279,56
1,SU-14608,0143071485,2021,4,22,23,4,52,2142000,1360,279,56
1,SU-14608,0143071485,2021,4,22,23,4,52,2142600,1361,279,56
1,SU-14608,0143071485,2021,4,22,23,4,52,2143200,1362,279,56
1,SU-14608,0143071485,2021,4,22,23,4,52,2143800,1363,279,56
1,SU-14608,0143071485,2021,4,22,23,4,52,2144400,1364,279,55
1,SU-14608,0143071485,2021,4,22,23,4,52,2145000,1365,279,55
1,SU-14608,0143071485,2021,4,22,23,4,52,2145600,1366,279,56
1,SU-14608,0143071485,2021,4,22,23,4,52,2146200,1366,279,55
1,SU-14608,0143071485,2021,4,22,23,4,52,2146800,1367,279,55
1,SU-14608,0143071485,2021,4,22,23,4,52,2147400,1368,279,55
1,SU-14608,0143071485,2021,4,22,23,4,52,2148000,1369,279,54
1,SU-14608,0143071485,2021,4,22,23,4,52,2148600,1371,279,53
1,SU-14608,0143071485,2021,4,22,23,4,52,2149200,1372,279,53
1,SU-14608,0143071485,2021,4,22,23,4,52,2149800,1373,279,53
1,SU-14608,0143071485,2021,4,22,23,4,52,2150400,1374,279,53
1,SU-14608,0143071485,2021,4,22,23,4,52,2151000,1376,279,53
1,SU-14608,0143071485,2021,4,22,23,4,52,2151600,1376,279,52
1,SU-14608,0143071485,2021,4,22,23,4,52,2152200,1379,279,51
1,SU-14608,0143071485,2021,4,22,23,4,52,2152800,1380,279,51
1,SU-14608,0143071485,2021,4,22,23,4,52,2153400,1381,279,50
1,SU-14608,0143071485,2021,4,22,23,4,52,2154000,1382,279,50
1,SU-14608,0143071485,2021,4,22,23,4,52,2154600,1384,279,50
1,SU-14608,0143071485,2021,4,22,23,4,52,2155200,1385,279,50
1,SU-14608,0143071485,2021,4,22,23,4,52,2155800,1386,279,49
1,SU-14608,0143071485,2021,4,22,23,4,52,2156400,1387,279,50
1,SU-14608,0143071485,2021,4,22,23,4,52,2157000,1388,279,49
1,SU-14608,0143071485,2021,4,22,23,4,52,2157600,1389,279,48
1,SU-14608,0143071485,2021,4,22,23,4,52,2158200,1390,279,49
1,SU-14608,0143071485,2021,4,22,23,4,52,2158800,1390,279,48
1,SU-14608,0143071485,2021,4,22,23,4,52,2159400,1390,279,48
1,SU-14608,0143071485,2021,4,22,23,4,52,2160000,1390,279,48
1,SU-14608,0143071485,2021,4,22,23,4,52,2160600,1391,279,48
1,SU-14608,0143071485,2021,4,22,23,4,52,2161200,1391,279,48
1,SU-14608,0143071485,2021,4,22,23,4,52,2161800,1392,279,48
1,SU-14608,0143071485,2021,4,22,23,4,52,2162400,1392,279,47
1,SU-14608,0143071485,2021,4,22,23,4,52,2163000,1392,279,48
1,SU-14608,0143071485,2021,4,22,23,4,52,2163600,1391,279,47
1,SU-14608,0143071485,2021,4,22,23,4,52,2164200,1391,279,46
1,SU-14608,0143071485,2021,4,22,23,4,52,2164800,1392,279,46
1,SU-14608,0143071485,2021,4,22,23,4,52,2165400,1392,279,46
1,SU-14608,0143071485,2021,4,22,23,4,52,2166000,1392,279,45
1,SU-14608,0143071485,2021,4,22,23,4,52,2166600,1392,279,45
1,SU-14608,0143071485,2021,4,22,23,4,52,2167200,1392,279,45
1,SU-14608,0143071485,2021,4,22,23,4,52,2167800,1391,279,44
1,SU-14608,0143071485,2021,4,22,23,4,52,2168400,1391,279,44
1,SU-14608,0143071485,2021,4,22,23,4,52,2169000,1391,279,44
1,SU-14608,0143071485,2021,4,22,23,4,52,2169600,1390,279,43
1,SU-14608,0143071485,2021,4,22,23,4,52,2170200,1389,279,43
1,SU-14608,0143071485,2021,4,22,23,4,52,2170800,1389,279,43
1,SU-14608,0143071485,2021,4,22,23,4,52,2171400,1388,279,42
1,SU-14608,0143071485,2021,4,22,23,4,52,2172000,1388,279,42
1,SU-14608,0143071485,2021,4,22,23,4,52,2172600,1387,279,42
1,SU-14608,0143071485,2021,4,22,23,4,52,2173200,1387,279,42
1,SU-14608,0143071485,2021,4,22,23,4,52,2173800,1387,279,42
1,SU-14608,0143071485,2021,4,22,23,4,52,2174400,1386,279,42
1,SU-14608,0143071485,2021,4,22,23,4,52,2175000,1386,279,41
1,SU-14608,0143071485,2021,4,22,23,4,52,2175600,1385,279,41
1,SU-14608,0143071485,2021,4,22,23,4,52,2176200,1385,279,41
1,SU-14608,0143071485,2021,4,22,23,4,52,2176800,1384,279,41
1,SU-14608,0143071485,2021,4,22,23,4,52,2177400,1383,279,40
1,SU-14608,0143071485,2021,4,22,23,4,52,2178000,1382,279,41
1,SU-14608,0143071485,2021,4,22,23,4,52,2178600,1381,279,40
1,SU-14608,0143071485,2021,4,22,23,4,52,2179200,1380,279,40
1,SU-14608,0143071485,2021,4,22,23,4,52,2179800,1381,279,41
1,SU-14608,0143071485,2021,4,22,23,4,52,2180400,1379,279,40
1,SU-14608,0143071485,2021,4,22,23,4,52,2181000,1379,279,40
1,SU-14608,0143071485,2021,4,22,23,4,52,2181600,1378,279,39
1,SU-14608,0143071485,2021,4,22,23,4,52,2182200,1377,279,40
1,SU-14608,0143071485,2021,4,22,23,4,52,2182800,1377,279,39
1,SU-14608,0143071485,2021,4,22,23,4,52,2183400,1376,279,39
1,SU-14608,0143071485,2021,4,22,23,4,52,2184000,1376,279,39
1,SU-14608,0143071485,2021,4,22,23,4,52,2184600,1376,279,39
1,SU-14608,0143071485,2021,4,22,23,4,52,2185200,1374,279,39
1,SU-14608,0143071485,2021,4,22,23,4,52,2185800,1374,279,39
1,SU-14608,0143071485,2021,4,22,23,4,52,2186400,1373,279,39
1,SU-14608,0143071485,2021,4,22,23,4,52,2187000,1372,279,39
1,SU-14608,0143071485,2021,4,22,23,4,52,2187600,1372,279,39
1,SU-14608,0143071485,2021,4,22,23,4,52,2188200,1372,279,39
1,SU-14608,0143071485,2021,4,22,23,4,52,2188800,1371,279,39
1,SU-14608,0143071485,2021,4,22,23,4,52,2189400,1371,279,39
1,SU-14608,0143071485,2021,4,22,23,4,52,2190000,1370,279,39
1,SU-14608,0143071485,2021,4,22,23,4,52,2190600,1369,279,39
1,SU-14608,0143071485,2021,4,22,23,4,52,2191200,1369,279,39
1,SU-14608,0143071485,2021,4,22,23,4,52,2191800,1368,279,40
1,SU-14608,0143071485,2021,4,22,23,4,52,2192400,1368,279,39
1,SU-14608,0143071485,2021,4,22,23,4,52,2193000,1368,279,41
1,SU-14608,0143071485,2021,4,22,23,4,52,2193600,1367,279,39
1,SU-14608,0143071485,2021,4,22,23,4,52,2194200,1366,279,40
1,SU-14608,0143071485,2021,4,22,23,4,52,2194800,1366,279,40
1,SU-14608,0143071485,2021,4,22,23,4,52,2195400,1365,279,41
1,SU-14608,0143071485,2021,4,22,23,4,52,2196000,1365,279,41
1,SU-14608,0143071485,2021,4,22,23,4,52,2196600,1365,279,41
1,SU-14608,0143071485,2021,4,22,23,4,52,2197200,1364,279,41
1,SU-14608,0143071485,2021,4,22,23,4,52,2197800,1363,279,41
1,SU-14608,0143071485,2021,4,22,23,4,52,2198400,1363,279,42
1,SU-14608,0143071485,2021,4,22,23,4,52,2199000,1362,279,42
1,SU-14608,0143071485,2021,4,22,23,4,52,2199600,1362,279,42
1,SU-14608,0143071485,2021,4,22,23,4,52,2200200,1361,279,42
1,SU-14608,0143071485,2021,4,22,23,4,52,2200800,1361,279,42
1,SU-14608,0143071485,2021,4,22,23,4,52,2201400,1360,279,42
1,SU-14608,0143071485,2021,4,22,23,4,52,2202000,1359,279,42
1,SU-14608,0143071485,2021,4,22,23,4,52,2202600,1360,279,42
1,SU-14608,0143071485,2021,4,22,23,4,52,2203200,1359,279,42
1,SU-14608,0143071485,2021,4,22,23,4,52,2203800,1358,279,43
1,SU-14608,0143071485,2021,4,22,23,4,52,2204400,1358,279,43
1,SU-14608,0143071485,2021,4,22,23,4,52,2205000,1357,279,43
1,SU-14608,0143071485,2021,4,22,23,4,52,2205600,1356,279,42
1,SU-14608,0143071485,2021,4,22,23,4,52,2206200,1356,279,43
1,SU-14608,0143071485,2021,4,22,23,4,52,2206800,1355,279,43
1,SU-14608,0143071485,2021,4,22,23,4,52,2207400,1355,279,43
1,SU-14608,0143071485,2021,4,22,23,4,52,2208000,1355,279,43
1,SU-14608,0143071485,2021,4,22,23,4,52,2208600,1355,279,44
1,SU-14608,0143071485,2021,4,22,23,4,52,2209200,1353,279,44
1,SU-14608,0143071485,2021,4,22,23,4,52,2209800,1354,279,44
1,SU-14608,0143071485,2021,4,22,23,4,52,2210400,1353,279,43
1,SU-14608,0143071485,2021,4,22,23,4,52,2211000,1353,279,44
1,SU-14608,0143071485,2021,4,22,23,4,52,2211600,1352,279,44
1,SU-14608,0143071485,2021,4,22,23,4,52,2212200,1352,279,44
1,SU-14608,0143071485,2021,4,22,23,4,52,2212800,1351,279,44
1,SU-14608,0143071485,2021,4,22,23,4,52,2213400,1350,279,45
1,SU-14608,0143071485,2021,4,22,23,4,52,2214000,1350,279,44
1,SU-14608,0143071485,2021,4,22,23,4,52,2214600,1350,279,44
1,SU-14608,0143071485,2021,4,22,23,4,52,2215200,1348,279,45
1,SU-14608,0143071485,2021,4,22,23,4,52,2215800,1348,279,44
1,SU-14608,0143071485,2021,4,22,23,4,52,2216400,1347,279,45
1,SU-14608,0143071485,2021,4,22,23,4,52,2217000,1347,279,45
1,SU-14608,0143071485,2021,4,22,23,4,52,2217600,1346,279,45
1,SU-14608,0143071485,2021,4,22,23,4,52,2218200,1346,279,45
1,SU-14608,0143071485,2021,4,22,23,4,52,2218800,1347,279,45
1,SU-14608,0143071485,2021,4,22,23,4,52,2219400,1345,279,45
1,SU-14608,0143071485,2021,4,22,23,4,52,2220000,1345,279,45
1,SU-14608,0143071485,2021,4,22,23,4,52,2220600,1344,279,45
1,SU-14608,0143071485,2021,4,22,23,4,52,2221200,1344,279,45
1,SU-14608,0143071485,2021,4,22,23,4,52,2221800,1343,279,45
1,SU-14608,0143071485,2021,4,22,23,4,52,2222400,1342,279,45
1,SU-14608,0143071485,2021,4,22,23,4,52,2223000,1342,279,45
1,SU-14608,0143071485,2021,4,22,23,4,52,2223600,1341,279,45
1,SU-14608,0143071485,2021,4,22,23,4,52,2224200,1341,279,45
1,SU-14608,0143071485,2021,4,22,23,4,52,2224800,1341,279,46
1,SU-14608,0143071485,2021,4,22,23,4,52,2225400,1341,279,45
1,SU-14608,0143071485,2021,4,22,23,4,52,2226000,1340,279,45
1,SU-14608,0143071485,2021,4,22,23,4,52,2226600,1340,279,45
1,SU-14608,0143071485,2021,4,22,23,4,52,2227200,1338,279,45
1,SU-14608,0143071485,2021,4,22,23,4,52,2227800,1339,279,46
1,SU-14608,0143071485,2021,4,22,23,4,52,2228400,1338,279,45
1,SU-14608,0143071485,2021,4,22,23,4,52,2229000,1337,279,46
1,SU-14608,0143071485,2021,4,22,23,4,52,2229600,1337,279,45
1,SU-14608,0143071485,2021,4,22,23,4,52,2230200,1336,279,47
1,SU-14608,0143071485,2021,4,22,23,4,52,2230800,1337,279,45
1,SU-14608,0143071485,2021,4,22,23,4,52,2231400,1336,279,46
1,SU-14608,0143071485,2021,4,22,23,4,52,2232000,1336,279,45
1,SU-14608,0143071485,2021,4,22,23,4,52,2232600,1335,279,46
1,SU-14608,0143071485,2021,4,22,23,4,52,2233200,1335,279,45
1,SU-14608,0143071485,2021,4,22,23,4,52,2233800,1334,279,46
1,SU-14608,0143071485,2021,4,22,23,4,52,2234400,1334,279,46
1,SU-14608,0143071485,2021,4,22,23,4,52,2235000,1335,279,46
1,SU-14608,0143071485,2021,4,22,23,4,52,2235600,1335,279,46
1,SU-14608,0143071485,2021,4,22,23,4,52,2236200,1334,279,45
1,SU-14608,0143071485,2021,4,22,23,4,52,2236800,1334,279,47
1,SU-14608,0143071485,2021,4,22,23,4,52,2237400,1333,279,47
1,SU-14608,0143071485,2021,4,22,23,4,52,2238000,1333,279,47
1,SU-14608,0143071485,2021,4,22,23,4,52,2238600,1333,279,46
1,SU-14608,0143071485,2021,4,22,23,4,52,2239200,1333,279,46
1,SU-14608,0143071485,2021,4,22,23,4,52,2239800,1332,279,46
1,SU-14608,0143071485,2021,4,22,23,4,52,2240400,1332,279,46
1,SU-14608,0143071485,2021,4,22,23,4,52,2241000,1332,279,47
1,SU-14608,0143071485,2021,4,22,23,4,52,2241600,1331,279,46
1,SU-14608,0143071485,2021,4,22,23,4,52,2242200,1332,279,47
1,SU-14608,0143071485,2021,4,22,23,4,52,2242800,1331,279,46
1,SU-14608,0143071485,2021,4,22,23,4,52,2243400,1331,279,47
1,SU-14608,0143071485,2021,4,22,23,4,52,2244000,1331,279,46
1,SU-14608,0143071485,2021,4,22,23,4,52,2244600,1330,279,46
1,SU-14608,0143071485,2021,4,22,23,4,52,2245200,1330,279,46
1,SU-14608,0143071485,2021,4,22,23,4,52,2245800,1330,279,46
1,SU-14608,0143071485,2021,4,22,23,4,52,2246400,1329,279,47
1,SU-14608,0143071485,2021,4,22,23,4,52,2247000,1329,279,46
1,SU-14608,0143071485,2021,4,22,23,4,52,2247600,1329,279,46
1,SU-14608,0143071485,2021,4,22,23,4,52,2248200,1329,279,47
1,SU-14608,0143071485,2021,4,22,23,4,52,2248800,1328,279,46
1,SU-14608,0143071485,2021,4,22,23,4,52,2249400,1328,279,46
1,SU-14608,0143071485,2021,4,22,23,4,52,2250000,1328,279,46
1,SU-14608,0143071485,2021,4,22,23,4,52,2250600,1329,279,46
1,SU-14608,0143071485,2021,4,22,23,4,52,2251200,1328,279,46
1,SU-14608,0143071485,2021,4,22,23,4,52,2251800,1328,279,46
1,SU-14608,0143071485,2021,4,22,23,4,52,2252400,1328,279,46
1,SU-14608,0143071485,2021,4,22,23,4,52,2253000,1328,279,46
1,SU-14608,0143071485,2021,4,22,23,4,52,2253600,1327,279,45
1,SU-14608,0143071485,2021,4,22,23,4,52,2254200,1327,279,45
1,SU-14608,0143071485,2021,4,22,23,4,52,2254800,1327,279,45
1,SU-14608,0143071485,2021,4,22,23,4,52,2255400,1327,279,45
1,SU-14608,0143071485,2021,4,22,23,4,52,2256000,1327,279,45
1,SU-14608,0143071485,2021,4,22,23,4,52,2256600,1326,279,45
1,SU-14608,0143071485,2021,4,22,23,4,52,2257200,1327,279,45
1,SU-14608,0143071485,2021,4,22,23,4,52,2257800,1325,279,45
1,SU-14608,0143071485,2021,4,22,23,4,52,2258400,1326,279,45
1,SU-14608,0143071485,2021,4,22,23,4,52,2259000,1327,279,45
1,SU-14608,0143071485,2021,4,22,23,4,52,2259600,1326,279,45
1,SU-14608,0143071485,2021,4,22,23,4,52,2260200,1326,279,44
1,SU-14608,0143071485,2021,4,22,23,4,52,2260800,1326,279,44
1,SU-14608,0143071485,2021,4,22,23,4,52,2261400,1327,279,44
1,SU-14608,0143071485,2021,4,22,23,4,52,2262000,1326,279,44
1,SU-14608,0143071485,2021,4,22,23,4,52,2262600,1325,279,43
1,SU-14608,0143071485,2021,4,22,23,4,52,2263200,1326,279,43
1,SU-14608,0143071485,2021,4,22,23,4,52,2263800,1326,279,43
1,SU-14608,0143071485,2021,4,22,23,4,52,2264400,1327,279,43
1,SU-14608,0143071485,2021,4,22,23,4,52,2265000,1326,279,43
1,SU-14608,0143071485,2021,4,22,23,4,52,2265600,1326,279,43
1,SU-14608,0143071485,2021,4,22,23,4,52,2266200,1326,279,43
1,SU-14608,0143071485,2021,4,22,23,4,52,2266800,1326,279,42
1,SU-14608,0143071485,2021,4,22,23,4,52,2267400,1326,279,42
1,SU-14608,0143071485,2021,4,22,23,4,52,2268000,1326,279,42
1,SU-14608,0143071485,2021,4,22,23,4,52,2268600,1326,279,42
1,SU-14608,0143071485,2021,4,22,23,4,52,2269200,1325,279,43
1,SU-14608,0143071485,2021,4,22,23,4,52,2269800,1326,279,42
1,SU-14608,0143071485,2021,4,22,23,4,52,2270400,1327,279,42
1,SU-14608,0143071485,2021,4,22,23,4,52,2271000,1326,279,42
1,SU-14608,0143071485,2021,4,22,23,4,52,2271600,1326,279,42
1,SU-14608,0143071485,2021,4,22,23,4,52,2272200,1326,279,42
1,SU-14608,0143071485,2021,4,22,23,4,52,2272800,1327,279,42
1,SU-14608,0143071485,2021,4,22,23,4,52,2273400,1327,279,42
1,SU-14608,0143071485,2021,4,22,23,4,52,2274000,1327,279,42
1,SU-14608,0143071485,2021,4,22,23,4,52,2274600,1326,279,41
1,SU-14608,0143071485,2021,4,22,23,4,52,2275200,1327,279,41
1,SU-14608,0143071485,2021,4,22,23,4,52,2275800,1327,279,41
1,SU-14608,0143071485,2021,4,22,23,4,52,2276400,1327,279,41
1,SU-14608,0143071485,2021,4,22,23,4,52,2277000,1327,279,41
1,SU-14608,0143071485,2021,4,22,23,4,52,2277600,1327,279,41
1,SU-14608,0143071485,2021,4,22,23,4,52,2278200,1327,279,40
1,SU-14608,0143071485,2021,4,22,23,4,52,2278800,1327,279,41
1,SU-14608,0143071485,2021,4,22,23,4,52,2279400,1327,279,40
1,SU-14608,0143071485,2021,4,22,23,4,52,2280000,1327,279,40
1,SU-14608,0143071485,2021,4,22,23,4,52,2280600,1327,279,40
1,SU-14608,0143071485,2021,4,22,23,4,52,2281200,1327,279,40
1,SU-14608,0143071485,2021,4,22,23,4,52,2281800,1327,279,40
1,SU-14608,0143071485,2021,4,22,23,4,52,2282400,1327,279,39
1,SU-14608,0143071485,2021,4,22,23,4,52,2283000,1327,279,40
1,SU-14608,0143071485,2021,4,22,23,4,52,2283600,1327,279,40
1,SU-14608,0143071485,2021,4,22,23,4,52,2284200,1327,279,40
1,SU-14608,0143071485,2021,4,22,23,4,52,2284800,1327,279,40
1,SU-14608,0143071485,2021,4,22,23,4,52,2285400,1327,279,40
1,SU-14608,0143071485,2021,4,22,23,4,52,2286000,1326,279,39
1,SU-14608,0143071485,2021,4,22,23,4,52,2286600,1326,279,39
1,SU-14608,0143071485,2021,4,22,23,4,52,2287200,1326,279,39
1,SU-14608,0143071485,2021,4,22,23,4,52,2287800,1326,279,39
1,SU-14608,0143071485,2021,4,22,23,4,52,2288400,1325,279,39
1,SU-14608,0143071485,2021,4,22,23,4,52,2289000,1326,279,39
1,SU-14608,0143071485,2021,4,22,23,4,52,2289600,1325,279,39
1,SU-14608,0143071485,2021,4,22,23,4,52,2290200,1325,279,39
1,SU-14608,0143071485,2021,4,22,23,4,52,2290800,1325,279,39
1,SU-14608,0143071485,2021,4,22,23,4,52,2291400,1324,279,39
1,SU-14608,0143071485,2021,4,22,23,4,52,2292000,1325,279,39
1,SU-14608,0143071485,2021,4,22,23,4,52,2292600,1324,279,39
1,SU-14608,0143071485,2021,4,22,23,4,52,2293200,1324,279,39
1,SU-14608,0143071485,2021,4,22,23,4,52,2293800,1324,279,39
1,SU-14608,0143071485,2021,4,22,23,4,52,2294400,1323,279,39
1,SU-14608,0143071485,2021,4,22,23,4,52,2295000,1323,279,39
1,SU-14608,0143071485,2021,4,22,23,4,52,2295600,1323,279,38
1,SU-14608,0143071485,2021,4,22,23,4,52,2296200,1323,279,39
1,SU-14608,0143071485,2021,4,22,23,4,52,2296800,1323,279,39
1,SU-14608,0143071485,2021,4,22,23,4,52,2297400,1323,279,39
1,SU-14608,0143071485,2021,4,22,23,4,52,2298000,1322,279,39
1,SU-14608,0143071485,2021,4,22,23,4,52,2298600,1323,279,39
1,SU-14608,0143071485,2021,4,22,23,4,52,2299200,1323,279,39
1,SU-14608,0143071485,2021,4,22,23,4,52,2299800,1323,279,38
1,SU-14608,0143071485,2021,4,22,23,4,52,2300400,1322,279,38
1,SU-14608,0143071485,2021,4,22,23,4,52,2301000,1321,279,39
1,SU-14608,0143071485,2021,4,22,23,4,52,2301600,1321,279,39
1,SU-14608,0143071485,2021,4,22,23,4,52,2302200,1321,279,38
1,SU-14608,0143071485,2021,4,22,23,4,52,2302800,1321,279,39
1,SU-14608,0143071485,2021,4,22,23,4,52,2303400,1320,279,38
1,SU-14608,0143071485,2021,4,22,23,4,52,2304000,1320,279,38
1,SU-14608,0143071485,2021,4,22,23,4,52,2304600,1319,279,39
1,SU-14608,0143071485,2021,4,22,23,4,52,2305200,1319,279,39
1,SU-14608,0143071485,2021,4,22,23,4,52,2305800,1319,279,38
1,SU-14608,0143071485,2021,4,22,23,4,52,2306400,1319,279,39
1,SU-14608,0143071485,2021,4,22,23,4,52,2307000,1318,279,39
1,SU-14608,0143071485,2021,4,22,23,4,52,2307600,1318,279,39
1,SU-14608,0143071485,2021,4,22,23,4,52,2308200,1319,279,38
1,SU-14608,0143071485,2021,4,22,23,4,52,2308800,1318,279,39
1,SU-14608,0143071485,2021,4,22,23,4,52,2309400,1318,279,39
1,SU-14608,0143071485,2021,4,22,23,4,52,2310000,1318,279,39
1,SU-14608,0143071485,2021,4,22,23,4,52,2310600,1317,279,38
1,SU-14608,0143071485,2021,4,22,23,4,52,2311200,1317,279,39
1,SU-14608,0143071485,2021,4,22,23,4,52,2311800,1316,279,39
1,SU-14608,0143071485,2021,4,22,23,4,52,2312400,1316,279,39
1,SU-14608,0143071485,2021,4,22,23,4,52,2313000,1316,279,39
1,SU-14608,0143071485,2021,4,22,23,4,52,2313600,1316,279,39
1,SU-14608,0143071485,2021,4,22,23,4,52,2314200,1316,279,39
1,SU-14608,0143071485,2021,4,22,23,4,52,2314800,1315,279,39
1,SU-14608,0143071485,2021,4,22,23,4,52,2315400,1316,279,39
1,SU-14608,0143071485,2021,4,22,23,4,52,2316000,1316,279,39
1,SU-14608,0143071485,2021,4,22,23,4,52,2316600,1317,279,39
1,SU-14608,0143071485,2021,4,22,23,4,52,2317200,1316,279,39
1,SU-14608,0143071485,2021,4,22,23,4,52,2317800,1317,279,39
1,SU-14608,0143071485,2021,4,22,23,4,52,2318400,1317,279,38
1,SU-14608,0143071485,2021,4,22,23,4,52,2319000,1318,279,39
1,SU-14608,0143071485,2021,4,22,23,4,52,2319600,1317,279,39
1,SU-14608,0143071485,2021,4,22,23,4,52,2320200,1319,279,39
1,SU-14608,0143071485,2021,4,22,23,4,52,2320800,1320,279,38
1,SU-14608,0143071485,2021,4,22,23,4,52,2321400,1320,279,39
1,SU-14608,0143071485,2021,4,22,23,4,52,2322000,1320,279,39
1,SU-14608,0143071485,2021,4,22,23,4,52,2322600,1321,279,39
1,SU-14608,0143071485,2021,4,22,23,4,52,2323200,1321,279,38
1,SU-14608,0143071485,2021,4,22,23,4,52,2323800,1323,279,39
1,SU-14608,0143071485,2021,4,22,23,4,52,2324400,1323,279,38
1,SU-14608,0143071485,2021,4,22,23,4,52,2325000,1323,279,39
1,SU-14608,0143071485,2021,4,22,23,4,52,2325600,1324,279,38
1,SU-14608,0143071485,2021,4,22,23,4,52,2326200,1325,279,38
1,SU-14608,0143071485,2021,4,22,23,4,52,2326800,1326,279,37
1,SU-14608,0143071485,2021,4,22,23,4,52,2327400,1328,279,38
1,SU-14608,0143071485,2021,4,22,23,4,52,2328000,1330,279,38
1,SU-14608,0143071485,2021,4,22,23,4,52,2328600,1332,279,37
1,SU-14608,0143071485,2021,4,22,23,4,52,2329200,1334,279,38
1,SU-14608,0143071485,2021,4,22,23,4,52,2329800,1337,279,37
1,SU-14608,0143071485,2021,4,22,23,4,52,2330400,1339,279,37
1,SU-14608,0143071485,2021,4,22,23,4,52,2331000,1340,279,37
1,SU-14608,0143071485,2021,4,22,23,4,52,2331600,1342,279,38
1,SU-14608,0143071485,2021,4,22,23,4,52,2332200,1343,279,38
1,SU-14608,0143071485,2021,4,22,23,4,52,2332800,1345,279,38
1,SU-14608,0143071485,2021,4,22,23,4,52,2333400,1346,279,38
1,SU-14608,0143071485,2021,4,22,23,4,52,2334000,1347,279,38
1,SU-14608,0143071485,2021,4,22,23,4,52,2334600,1349,279,39
1,SU-14608,0143071485,2021,4,22,23,4,52,2335200,1350,279,39
1,SU-14608,0143071485,2021,4,22,23,4,52,2335800,1350,279,39
1,SU-14608,0143071485,2021,4,22,23,4,52,2336400,1351,279,39
1,SU-14608,0143071485,2021,4,22,23,4,52,2337000,1352,279,39
1,SU-14608,0143071485,2021,4,22,23,4,52,2337600,1353,279,39
1,SU-14608,0143071485,2021,4,22,23,4,52,2338200,1353,279,39
1,SU-14608,0143071485,2021,4,22,23,4,52,2338800,1354,279,39
1,SU-14608,0143071485,2021,4,22,23,4,52,2339400,1354,279,39
1,SU-14608,0143071485,2021,4,22,23,4,52,2340000,1355,279,39
1,SU-14608,0143071485,2021,4,22,23,4,52,2340600,1355,279,39
1,SU-14608,0143071485,2021,4,22,23,4,52,2341200,1355,279,39
1,SU-14608,0143071485,2021,4,22,23,4,52,2341800,1355,279,38
1,SU-14608,0143071485,2021,4,22,23,4,52,2342400,1355,279,38
1,SU-14608,0143071485,2021,4,22,23,4,52,2343000,1355,279,38
1,SU-14608,0143071485,2021,4,22,23,4,52,2343600,1355,279,38
1,SU-14608,0143071485,2021,4,22,23,4,52,2344200,1355,279,37
1,SU-14608,0143071485,2021,4,22,23,4,52,2344800,1355,279,38
1,SU-14608,0143071485,2021,4,22,23,4,52,2345400,1356,279,37
1,SU-14608,0143071485,2021,4,22,23,4,52,2346000,1356,279,36
1,SU-14608,0143071485,2021,4,22,23,4,52,2346600,1355,279,36
1,SU-14608,0143071485,2021,4,22,23,4,52,2347200,1355,279,36
1,SU-14608,0143071485,2021,4,22,23,4,52,2347800,1355,279,36
1,SU-14608,0143071485,2021,4,22,23,4,52,2348400,1355,279,36
1,SU-14608,0143071485,2021,4,22,23,4,52,2349000,1355,279,36
1,SU-14608,0143071485,2021,4,22,23,4,52,2349600,1355,279,36
1,SU-14608,0143071485,2021,4,22,23,4,52,2350200,1355,279,36
1,SU-14608,0143071485,2021,4,22,23,4,52,2350800,1353,279,36
1,SU-14608,0143071485,2021,4,22,23,4,52,2351400,1353,279,36
1,SU-14608,0143071485,2021,4,22,23,4,52,2352000,1353,279,36
1,SU-14608,0143071485,2021,4,22,23,4,52,2352600,1352,279,35
1,SU-14608,0143071485,2021,4,22,23,4,52,2353200,1352,279,35
1,SU-14608,0143071485,2021,4,22,23,4,52,2353800,1352,279,35
1,SU-14608,0143071485,2021,4,22,23,4,52,2354400,1352,279,34
1,SU-14608,0143071485,2021,4,22,23,4,52,2355000,1352,279,35
1,SU-14608,0143071485,2021,4,22,23,4,52,2355600,1351,279,35
1,SU-14608,0143071485,2021,4,22,23,4,52,2356200,1351,279,35
1,SU-14608,0143071485,2021,4,22,23,4,52,2356800,1350,279,34
1,SU-14608,0143071485,2021,4,22,23,4,52,2357400,1350,279,34
1,SU-14608,0143071485,2021,4,22,23,4,52,2358000,1350,279,34
1,SU-14608,0143071485,2021,4,22,23,4,52,2358600,1350,279,34
1,SU-14608,0143071485,2021,4,22,23,4,52,2359200,1350,279,34
1,SU-14608,0143071485,2021,4,22,23,4,52,2359800,1349,279,34
1,SU-14608,0143071485,2021,4,22,23,4,52,2360400,1349,279,34
1,SU-14608,0143071485,2021,4,22,23,4,52,2361000,1348,279,34
1,SU-14608,0143071485,2021,4,22,23,4,52,2361600,1348,279,34
1,SU-14608,0143071485,2021,4,22,23,4,52,2362200,1349,279,34
1,SU-14608,0143071485,2021,4,22,23,4,52,2362800,1347,279,34
1,SU-14608,0143071485,2021,4,22,23,4,52,2363400,1348,279,34
1,SU-14608,0143071485,2021,4,22,23,4,52,2364000,1347,279,34
1,SU-14608,0143071485,2021,4,22,23,4,52,2364600,1347,279,34
1,SU-14608,0143071485,2021,4,22,23,4,52,2365200,1347,279,33
1,SU-14608,0143071485,2021,4,22,23,4,52,2365800,1347,279,33
1,SU-14608,0143071485,2021,4,22,23,4,52,2366400,1346,279,33
1,SU-14608,0143071485,2021,4,22,23,4,52,2367000,1346,279,33
1,SU-14608,0143071485,2021,4,22,23,4,52,2367600,1346,279,33
1,SU-14608,0143071485,2021,4,22,23,4,52,2368200,1346,279,32
1,SU-14608,0143071485,2021,4,22,23,4,52,2368800,1346,279,32
1,SU-14608,0143071485,2021,4,22,23,4,52,2369400,1346,279,32
1,SU-14608,0143071485,2021,4,22,23,4,52,2370000,1346,279,32
1,SU-14608,0143071485,2021,4,22,23,4,52,2370600,1344,279,32
1,SU-14608,0143071485,2021,4,22,23,4,52,2371200,1345,279,32
1,SU-14608,0143071485,2021,4,22,23,4,52,2371800,1344,279,32
1,SU-14608,0143071485,2021,4,22,23,4,52,2372400,1343,279,33
1,SU-14608,0143071485,2021,4,22,23,4,52,2373000,1344,279,33
1,SU-14608,0143071485,2021,4,22,23,4,52,2373600,1344,279,32
1,SU-14608,0143071485,2021,4,22,23,4,52,2374200,1342,279,33
1,SU-14608,0143071485,2021,4,22,23,4,52,2374800,1342,279,32
1,SU-14608,0143071485,2021,4,22,23,4,52,2375400,1342,279,32
1,SU-14608,0143071485,2021,4,22,23,4,52,2376000,1342,279,33
1,SU-14608,0143071485,2021,4,22,23,4,52,2376600,1342,279,32
1,SU-14608,0143071485,2021,4,22,23,4,52,2377200,1342,279,32
1,SU-14608,0143071485,2021,4,22,23,4,52,2377800,1340,279,33
1,SU-14608,0143071485,2021,4,22,23,4,52,2378400,1340,279,32
1,SU-14608,0143071485,2021,4,22,23,4,52,2379000,1339,279,32
1,SU-14608,0143071485,2021,4,22,23,4,52,2379600,1339,279,32
1,SU-14608,0143071485,2021,4,22,23,4,52,2380200,1339,279,32
1,SU-14608,0143071485,2021,4,22,23,4,52,2380800,1338,279,33
1,SU-14608,0143071485,2021,4,22,23,4,52,2381400,1338,279,32
1,SU-14608,0143071485,2021,4,22,23,4,52,2382000,1337,279,32
1,SU-14608,0143071485,2021,4,22,23,4,52,2382600,1338,279,33
1,SU-14608,0143071485,2021,4,22,23,4,52,2383200,1337,279,33
1,SU-14608,0143071485,2021,4,22,23,4,52,2383800,1337,279,33
1,SU-14608,0143071485,2021,4,22,23,4,52,2384400,1336,279,32
1,SU-14608,0143071485,2021,4,22,23,4,52,2385000,1335,279,32
1,SU-14608,0143071485,2021,4,22,23,4,52,2385600,1334,279,33
1,SU-14608,0143071485,2021,4,22,23,4,52,2386200,1334,279,33
1,SU-14608,0143071485,2021,4,22,23,4,52,2386800,1334,279,33
1,SU-14608,0143071485,2021,4,22,23,4,52,2387400,1334,279,33
1,SU-14608,0143071485,2021,4,22,23,4,52,2388000,1332,279,33
1,SU-14608,0143071485,2021,4,22,23,4,52,2388600,1332,279,34
1,SU-14608,0143071485,2021,4,22,23,4,52,2389200,1332,279,33
1,SU-14608,0143071485,2021,4,22,23,4,52,2389800,1331,279,34
1,SU-14608,0143071485,2021,4,22,23,4,52,2390400,1331,279,33
1,SU-14608,0143071485,2021,4,22,23,4,52,2391000,1331,279,33
1,SU-14608,0143071485,2021,4,22,23,4,52,2391600,1330,279,33
1,SU-14608,0143071485,2021,4,22,23,4,52,2392200,1330,279,34
1,SU-14608,0143071485,2021,4,22,23,4,52,2392800,1329,279,33
1,SU-14608,0143071485,2021,4,22,23,4,52,2393400,1329,279,34
1,SU-14608,0143071485,2021,4,22,23,4,52,2394000,1329,279,33
1,SU-14608,0143071485,2021,4,22,23,4,52,2394600,1328,279,33
1,SU-14608,0143071485,2021,4,22,23,4,52,2395200,1328,279,34
1,SU-14608,0143071485,2021,4,22,23,4,52,2395800,1328,279,33
1,SU-14608,0143071485,2021,4,22,23,4,52,2396400,1327,279,34
1,SU-14608,0143071485,2021,4,22,23,4,52,2397000,1327,279,34
1,SU-14608,0143071485,2021,4,22,23,4,52,2397600,1326,279,34
1,SU-14608,0143071485,2021,4,22,23,4,52,2398200,1326,279,34
1,SU-14608,0143071485,2021,4,22,23,4,52,2398800,1325,279,34
1,SU-14608,0143071485,2021,4,22,23,4,52,2399400,1326,279,33
1,SU-14608,0143071485,2021,4,22,23,4,52,2400000,1325,279,34
1,SU-14608,0143071485,2021,4,22,23,4,52,2400600,1326,279,34
1,SU-14608,0143071485,2021,4,22,23,4,52,2401200,1326,279,34
1,SU-14608,0143071485,2021,4,22,23,4,52,2401800,1326,279,34
1,SU-14608,0143071485,2021,4,22,23,4,52,2402400,1326,279,34
1,SU-14608,0143071485,2021,4,22,23,4,52,2403000,1327,279,34
1,SU-14608,0143071485,2021,4,22,23,4,52,2403600,1327,279,34
1,SU-14608,0143071485,2021,4,22,23,4,52,2404200,1328,279,34
1,SU-14608,0143071485,2021,4,22,23,4,52,2404800,1330,279,34
1,SU-14608,0143071485,2021,4,22,23,4,52,2405400,1332,279,34
1,SU-14608,0143071485,2021,4,22,23,4,52,2406000,1335,279,34
1,SU-14608,0143071485,2021,4,22,23,4,52,2406600,1338,279,34
1,SU-14608,0143071485,2021,4,22,23,4,52,2407200,1341,279,33
1,SU-14608,0143071485,2021,4,22,23,4,52,2407800,1344,279,34
1,SU-14608,0143071485,2021,4,22,23,4,52,2408400,1347,279,34
1,SU-14608,0143071485,2021,4,22,23,4,52,2409000,1349,279,33
1,SU-14608,0143071485,2021,4,22,23,4,52,2409600,1352,279,34
1,SU-14608,0143071485,2021,4,22,23,4,52,2410200,1353,279,34
1,SU-14608,0143071485,2021,4,22,23,4,52,2410800,1355,279,34
1,SU-14608,0143071485,2021,4,22,23,4,52,2411400,1358,279,33
1,SU-14608,0143071485,2021,4,22,23,4,52,2412000,1360,279,33
1,SU-14608,0143071485,2021,4,22,23,4,52,2412600,1361,279,33
1,SU-14608,0143071485,2021,4,22,23,4,52,2413200,1363,279,34
1,SU-14608,0143071485,2021,4,22,23,4,52,2413800,1364,279,33
1,SU-14608,0143071485,2021,4,22,23,4,52,2414400,1366,279,33
1,SU-14608,0143071485,2021,4,22,23,4,52,2415000,1367,279,33
1,SU-14608,0143071485,2021,4,22,23,4,52,2415600,1368,279,32
1,SU-14608,0143071485,2021,4,22,23,4,52,2416200,1369,279,32
1,SU-14608,0143071485,2021,4,22,23,4,52,2416800,1370,279,31
1,SU-14608,0143071485,2021,4,22,23,4,52,2417400,1371,279,32
1,SU-14608,0143071485,2021,4,22,23,4,52,2418000,1371,279,31
1,SU-14608,0143071485,2021,4,22,23,4,52,2418600,1372,279,31
1,SU-14608,0143071485,2021,4,22,23,4,52,2419200,1372,279,31
1,SU-14608,0143071485,2021,4,22,23,4,52,2419800,1374,279,31
1,SU-14608,0143071485,2021,4,22,23,4,52,2420400,1374,279,31
1,SU-14608,0143071485,2021,4,22,23,4,52,2421000,1375,279,30
1,SU-14608,0143071485,2021,4,22,23,4,52,2421600,1375,279,30
1,SU-14608,0143071485,2021,4,22,23,4,52,2422200,1376,279,30
1,SU-14608,0143071485,2021,4,22,23,4,52,2422800,1375,279,29
1,SU-14608,0143071485,2021,4,22,23,4,52,2423400,1375,279,29
1,SU-14608,0143071485,2021,4,22,23,4,52,2424000,1376,279,29
1,SU-14608,0143071485,2021,4,22,23,4,52,2424600,1376,279,29
1,SU-14608,0143071485,2021,4,22,23,4,52,2425200,1376,279,28
1,SU-14608,0143071485,2021,4,22,23,4,52,2425800,1376,279,28
1,SU-14608,0143071485,2021,4,22,23,4,52,2426400,1376,279,28
1,SU-14608,0143071485,2021,4,22,23,4,52,2427000,1376,279,28
1,SU-14608,0143071485,2021,4,22,23,4,52,2427600,1376,279,28
1,SU-14608,0143071485,2021,4,22,23,4,52,2428200,1376,279,28
1,SU-14608,0143071485,2021,4,22,23,4,52,2428800,1375,279,28
1,SU-14608,0143071485,2021,4,22,23,4,52,2429400,1375,279,27
1,SU-14608,0143071485,2021,4,22,23,4,52,2430000,1375,279,27
1,SU-14608,0143071485,2021,4,22,23,4,52,2430600,1375,279,26
1,SU-14608,0143071485,2021,4,22,23,4,52,2431200,1375,279,26
1,SU-14608,0143071485,2021,4,22,23,4,52,2431800,1374,279,26
1,SU-14608,0143071485,2021,4,22,23,4,52,2432400,1373,279,25
1,SU-14608,0143071485,2021,4,22,23,4,52,2433000,1374,279,25
1,SU-14608,0143071485,2021,4,22,23,4,52,2433600,1373,279,25
1,SU-14608,0143071485,2021,4,22,23,4,52,2434200,1372,279,25
1,SU-14608,0143071485,2021,4,22,23,4,52,2434800,1372,279,25
1,SU-14608,0143071485,2021,4,22,23,4,52,2435400,1371,279,25
1,SU-14608,0143071485,2021,4,22,23,4,52,2436000,1370,279,25
1,SU-14608,0143071485,2021,4,22,23,4,52,2436600,1369,279,25
1,SU-14608,0143071485,2021,4,22,23,4,52,2437200,1370,279,25
1,SU-14608,0143071485,2021,4,22,23,4,52,2437800,1369,279,25
1,SU-14608,0143071485,2021,4,22,23,4,52,2438400,1368,279,25
1,SU-14608,0143071485,2021,4,22,23,4,52,2439000,1368,279,25
1,SU-14608,0143071485,2021,4,22,23,4,52,2439600,1367,279,25
1,SU-14608,0143071485,2021,4,22,23,4,52,2440200,1366,279,25
1,SU-14608,0143071485,2021,4,22,23,4,52,2440800,1366,279,24
1,SU-14608,0143071485,2021,4,22,23,4,52,2441400,1365,279,24
1,SU-14608,0143071485,2021,4,22,23,4,52,2442000,1364,279,25
1,SU-14608,0143071485,2021,4,22,23,4,52,2442600,1363,279,24
1,SU-14608,0143071485,2021,4,22,23,4,52,2443200,1363,279,25
1,SU-14608,0143071485,2021,4,22,23,4,52,2443800,1363,279,25
1,SU-14608,0143071485,2021,4,22,23,4,52,2444400,1363,279,25
1,SU-14608,0143071485,2021,4,22,23,4,52,2445000,1362,279,25
1,SU-14608,0143071485,2021,4,22,23,4,52,2445600,1361,279,25
1,SU-14608,0143071485,2021,4,22,23,4,52,2446200,1362,279,25
1,SU-14608,0143071485,2021,4,22,23,4,52,2446800,1361,279,25
1,SU-14608,0143071485,2021,4,22,23,4,52,2447400,1360,279,25
1,SU-14608,0143071485,2021,4,22,23,4,52,2448000,1359,279,25
1,SU-14608,0143071485,2021,4,22,23,4,52,2448600,1359,279,25
1,SU-14608,0143071485,2021,4,22,23,4,52,2449200,1359,279,26
1,SU-14608,0143071485,2021,4,22,23,4,52,2449800,1358,279,25
1,SU-14608,0143071485,2021,4,22,23,4,52,2450400,1357,279,25
1,SU-14608,0143071485,2021,4,22,23,4,52,2451000,1357,279,26
1,SU-14608,0143071485,2021,4,22,23,4,52,2451600,1355,279,26
1,SU-14608,0143071485,2021,4,22,23,4,52,2452200,1356,279,26
1,SU-14608,0143071485,2021,4,22,23,4,52,2452800,1355,279,26
1,SU-14608,0143071485,2021,4,22,23,4,52,2453400,1354,279,27
1,SU-14608,0143071485,2021,4,22,23,4,52,2454000,1355,279,27
1,SU-14608,0143071485,2021,4,22,23,4,52,2454600,1354,279,27
1,SU-14608,0143071485,2021,4,22,23,4,52,2455200,1353,279,27
1,SU-14608,0143071485,2021,4,22,23,4,52,2455800,1353,279,27
1,SU-14608,0143071485,2021,4,22,23,4,52,2456400,1352,279,27
1,SU-14608,0143071485,2021,4,22,23,4,52,2457000,1352,279,28
1,SU-14608,0143071485,2021,4,22,23,4,52,2457600,1352,279,28
1,SU-14608,0143071485,2021,4,22,23,4,52,2458200,1351,279,27
1,SU-14608,0143071485,2021,4,22,23,4,52,2458800,1351,279,28
1,SU-14608,0143071485,2021,4,22,23,4,52,2459400,1350,279,28
1,SU-14608,0143071485,2021,4,22,23,4,52,2460000,1350,279,28
1,SU-14608,0143071485,2021,4,22,23,4,52,2460600,1349,279,28
1,SU-14608,0143071485,2021,4,22,23,4,52,2461200,1348,279,28
1,SU-14608,0143071485,2021,4,22,23,4,52,2461800,1347,279,28
1,SU-14608,0143071485,2021,4,22,23,4,52,2462400,1346,279,28
1,SU-14608,0143071485,2021,4,22,23,4,52,2463000,1346,279,28
1,SU-14608,0143071485,2021,4,22,23,4,52,2463600,1346,279,28
1,SU-14608,0143071485,2021,4,22,23,4,52,2464200,1346,279,29
1,SU-14608,0143071485,2021,4,22,23,4,52,2464800,1345,279,28
1,SU-14608,0143071485,2021,4,22,23,4,52,2465400,1345,279,29
1,SU-14608,0143071485,2021,4,22,23,4,52,2466000,1343,279,28
1,SU-14608,0143071485,2021,4,22,23,4,52,2466600,1344,279,30
1,SU-14608,0143071485,2021,4,22,23,4,52,2467200,1342,279,29
1,SU-14608,0143071485,2021,4,22,23,4,52,2467800,1342,279,28
1,SU-14608,0143071485,2021,4,22,23,4,52,2468400,1341,279,29
1,SU-14608,0143071485,2021,4,22,23,4,52,2469000,1341,279,30
1,SU-14608,0143071485,2021,4,22,23,4,52,2469600,1340,279,29
1,SU-14608,0143071485,2021,4,22,23,4,52,2470200,1339,279,30
1,SU-14608,0143071485,2021,4,22,23,4,52,2470800,1339,279,30
1,SU-14608,0143071485,2021,4,22,23,4,52,2471400,1339,279,29
1,SU-14608,0143071485,2021,4,22,23,4,52,2472000,1338,279,30
1,SU-14608,0143071485,2021,4,22,23,4,52,2472600,1338,279,30
1,SU-14608,0143071485,2021,4,22,23,4,52,2473200,1337,279,30
1,SU-14608,0143071485,2021,4,22,23,4,52,2473800,1337,279,30
1,SU-14608,0143071485,2021,4,22,23,4,52,2474400,1335,279,30
1,SU-14608,0143071485,2021,4,22,23,4,52,2475000,1336,279,30
1,SU-14608,0143071485,2021,4,22,23,4,52,2475600,1335,279,30
1,SU-14608,0143071485,2021,4,22,23,4,52,2476200,1335,279,30
1,SU-14608,0143071485,2021,4,22,23,4,52,2476800,1334,279,30
1,SU-14608,0143071485,2021,4,22,23,4,52,2477400,1333,279,31
1,SU-14608,0143071485,2021,4,22,23,4,52,2478000,1334,279,30
1,SU-14608,0143071485,2021,4,22,23,4,52,2478600,1332,279,30
1,SU-14608,0143071485,2021,4,22,23,4,52,2479200,1332,279,31
1,SU-14608,0143071485,2021,4,22,23,4,52,2479800,1332,279,31
1,SU-14608,0143071485,2021,4,22,23,4,52,2480400,1331,279,31
1,SU-14608,0143071485,2021,4,22,23,4,52,2481000,1331,279,31
1,SU-14608,0143071485,2021,4,22,23,4,52,2481600,1330,279,31
1,SU-14608,0143071485,2021,4,22,23,4,52,2482200,1330,279,31
1,SU-14608,0143071485,2021,4,22,23,4,52,2482800,1330,279,31
1,SU-14608,0143071485,2021,4,22,23,4,52,2483400,1330,279,31
1,SU-14608,0143071485,2021,4,22,23,4,52,2484000,1330,279,31
1,SU-14608,0143071485,2021,4,22,23,4,52,2484600,1329,279,31
1,SU-14608,0143071485,2021,4,22,23,4,52,2485200,1328,279,31
1,SU-14608,0143071485,2021,4,22,23,4,52,2485800,1328,279,32
1,SU-14608,0143071485,2021,4,22,23,4,52,2486400,1328,279,31
1,SU-14608,0143071485,2021,4,22,23,4,52,2487000,1329,279,32
1,SU-14608,0143071485,2021,4,22,23,4,52,2487600,1328,279,32
1,SU-14608,0143071485,2021,4,22,23,4,52,2488200,1328,279,31
1,SU-14608,0143071485,2021,4,22,23,4,52,2488800,1328,279,31
1,SU-14608,0143071485,2021,4,22,23,4,52,2489400,1328,279,31
1,SU-14608,0143071485,2021,4,22,23,4,52,2490000,1328,279,32
1,SU-14608,0143071485,2021,4,22,23,4,52,2490600,1328,279,31
1,SU-14608,0143071485,2021,4,22,23,4,52,2491200,1328,279,31
1,SU-14608,0143071485,2021,4,22,23,4,52,2491800,1328,279,32
1,SU-14608,0143071485,2021,4,22,23,4,52,2492400,1328,279,32
1,SU-14608,0143071485,2021,4,22,23,4,52,2493000,1328,279,32
1,SU-14608,0143071485,2021,4,22,23,4,52,2493600,1330,279,32
1,SU-14608,0143071485,2021,4,22,23,4,52,2494200,1330,279,32
1,SU-14608,0143071485,2021,4,22,23,4,52,2494800,1332,279,31
1,SU-14608,0143071485,2021,4,22,23,4,52,2495400,1331,279,31
1,SU-14608,0143071485,2021,4,22,23,4,52,2496000,1333,279,32
1,SU-14608,0143071485,2021,4,22,23,4,52,2496600,1335,279,31
1,SU-14608,0143071485,2021,4,22,23,4,52,2497200,1336,279,31
1,SU-14608,0143071485,2021,4,22,23,4,52,2497800,1336,279,31
1,SU-14608,0143071485,2021,4,22,23,4,52,2498400,1337,279,31
1,SU-14608,0143071485,2021,4,22,23,4,52,2499000,1339,279,31
1,SU-14608,0143071485,2021,4,22,23,4,52,2499600,1340,279,31
1,SU-14608,0143071485,2021,4,22,23,4,52,2500200,1341,279,31
1,SU-14608,0143071485,2021,4,22,23,4,52,2500800,1342,279,31
1,SU-14608,0143071485,2021,4,22,23,4,52,2501400,1343,279,30
1,SU-14608,0143071485,2021,4,22,23,4,52,2502000,1344,279,30
1,SU-14608,0143071485,2021,4,22,23,4,52,2502600,1345,279,30
1,SU-14608,0143071485,2021,4,22,23,4,52,2503200,1345,279,30
1,SU-14608,0143071485,2021,4,22,23,4,52,2503800,1346,279,30
1,SU-14608,0143071485,2021,4,22,23,4,52,2504400,1346,279,29
1,SU-14608,0143071485,2021,4,22,23,4,52,2505000,1347,279,29
1,SU-14608,0143071485,2021,4,22,23,4,52,2505600,1348,279,29
1,SU-14608,0143071485,2021,4,22,23,4,52,2506200,1348,279,29
1,SU-14608,0143071485,2021,4,22,23,4,52,2506800,1348,279,28
1,SU-14608,0143071485,2021,4,22,23,4,52,2507400,1348,279,28
1,SU-14608,0143071485,2021,4,22,23,4,52,2508000,1350,279,28
1,SU-14608,0143071485,2021,4,22,23,4,52,2508600,1349,279,28
1,SU-14608,0143071485,2021,4,22,23,4,52,2509200,1349,279,28
1,SU-14608,0143071485,2021,4,22,23,4,52,2509800,1349,279,28
1,SU-14608,0143071485,2021,4,22,23,4,52,2510400,1349,279,28
1,SU-14608,0143071485,2021,4,22,23,4,52,2511000,1349,279,28
1,SU-14608,0143071485,2021,4,22,23,4,52,2511600,1350,279,28
1,SU-14608,0143071485,2021,4,22,23,4,52,2512200,1350,279,27
1,SU-14608,0143071485,2021,4,22,23,4,52,2512800,1350,279,27
1,SU-14608,0143071485,2021,4,22,23,4,52,2513400,1349,279,27
1,SU-14608,0143071485,2021,4,22,23,4,52,2514000,1350,279,27
1,SU-14608,0143071485,2021,4,22,23,4,52,2514600,1350,279,27
1,SU-14608,0143071485,2021,4,22,23,4,52,2515200,1350,279,27
1,SU-14608,0143071485,2021,4,22,23,4,52,2515800,1350,279,26
1,SU-14608,0143071485,2021,4,22,23,4,52,2516400,1351,279,26
1,SU-14608,0143071485,2021,4,22,23,4,52,2517000,1349,279,26
1,SU-14608,0143071485,2021,4,22,23,4,52,2517600,1349,279,26
1,SU-14608,0143071485,2021,4,22,23,4,52,2518200,1349,279,26
1,SU-14608,0143071485,2021,4,22,23,4,52,2518800,1349,279,25
1,SU-14608,0143071485,2021,4,22,23,4,52,2519400,1349,279,26
1,SU-14608,0143071485,2021,4,22,23,4,52,2520000,1348,279,25
1,SU-14608,0143071485,2021,4,22,23,4,52,2520600,1349,279,25
1,SU-14608,0143071485,2021,4,22,23,4,52,2521200,1348,279,25
1,SU-14608,0143071485,2021,4,22,23,4,52,2521800,1348,279,25
1,SU-14608,0143071485,2021,4,22,23,4,52,2522400,1347,279,25
1,SU-14608,0143071485,2021,4,22,23,4,52,2523000,1347,279,25
1,SU-14608,0143071485,2021,4,22,23,4,52,2523600,1348,279,25
1,SU-14608,0143071485,2021,4,22,23,4,52,2524200,1347,279,25
1,SU-14608,0143071485,2021,4,22,23,4,52,2524800,1348,279,24
1,SU-14608,0143071485,2021,4,22,23,4,52,2525400,1347,279,25
1,SU-14608,0143071485,2021,4,22,23,4,52,2526000,1347,279,24
1,SU-14608,0143071485,2021,4,22,23,4,52,2526600,1346,279,24
1,SU-14608,0143071485,2021,4,22,23,4,52,2527200,1347,279,24
1,SU-14608,0143071485,2021,4,22,23,4,52,2527800,1345,279,23
1,SU-14608,0143071485,2021,4,22,23,4,52,2528400,1346,279,23
1,SU-14608,0143071485,2021,4,22,23,4,52,2529000,1345,279,24
1,SU-14608,0143071485,2021,4,22,23,4,52,2529600,1345,279,23
1,SU-14608,0143071485,2021,4,22,23,4,52,2530200,1345,279,23
1,SU-14608,0143071485,2021,4,22,23,4,52,2530800,1345,279,23
1,SU-14608,0143071485,2021,4,22,23,4,52,2531400,1344,279,23
1,SU-14608,0143071485,2021,4,22,23,4,52,2532000,1344,279,22
1,SU-14608,0143071485,2021,4,22,23,4,52,2532600,1344,279,23
1,SU-14608,0143071485,2021,4,22,23,4,52,2533200,1343,279,22
1,SU-14608,0143071485,2021,4,22,23,4,52,2533800,1344,279,24
1,SU-14608,0143071485,2021,4,22,23,4,52,2534400,1343,279,23
1,SU-14608,0143071485,2021,4,22,23,4,52,2535000,1343,279,22
1,SU-14608,0143071485,2021,4,22,23,4,52,2535600,1343,279,22
1,SU-14608,0143071485,2021,4,22,23,4,52,2536200,1342,279,23
1,SU-14608,0143071485,2021,4,22,23,4,52,2536800,1342,279,22
1,SU-14608,0143071485,2021,4,22,23,4,52,2537400,1342,279,23
1,SU-14608,0143071485,2021,4,22,23,4,52,2538000,1341,279,24
1,SU-14608,0143071485,2021,4,22,23,4,52,2538600,1340,279,22
1,SU-14608,0143071485,2021,4,22,23,4,52,2539200,1341,279,22
1,SU-14608,0143071485,2021,4,22,23,4,52,2539800,1341,279,23
1,SU-14608,0143071485,2021,4,22,23,4,52,2540400,1340,279,23
1,SU-14608,0143071485,2021,4,22,23,4,52,2541000,1340,279,22
1,SU-14608,0143071485,2021,4,22,23,4,52,2541600,1339,279,22
1,SU-14608,0143071485,2021,4,22,23,4,52,2542200,1340,279,22
1,SU-14608,0143071485,2021,4,22,23,4,52,2542800,1339,279,23
1,SU-14608,0143071485,2021,4,22,23,4,52,2543400,1339,279,23
1,SU-14608,0143071485,2021,4,22,23,4,52,2544000,1340,279,23
1,SU-14608,0143071485,2021,4,22,23,4,52,2544600,1338,279,23
1,SU-14608,0143071485,2021,4,22,23,4,52,2545200,1338,279,23
1,SU-14608,0143071485,2021,4,22,23,4,52,2545800,1338,279,23
1,SU-14608,0143071485,2021,4,22,23,4,52,2546400,1338,279,23
1,SU-14608,0143071485,2021,4,22,23,4,52,2547000,1338,279,24
1,SU-14608,0143071485,2021,4,22,23,4,52,2547600,1338,279,23
1,SU-14608,0143071485,2021,4,22,23,4,52,2548200,1337,279,23
1,SU-14608,0143071485,2021,4,22,23,4,52,2548800,1337,279,24
1,SU-14608,0143071485,2021,4,22,23,4,52,2549400,1337,279,23
1,SU-14608,0143071485,2021,4,22,23,4,52,2550000,1337,279,24
1,SU-14608,0143071485,2021,4,22,23,4,52,2550600,1336,279,23
1,SU-14608,0143071485,2021,4,22,23,4,52,2551200,1336,279,23
1,SU-14608,0143071485,2021,4,22,23,4,52,2551800,1336,279,23
1,SU-14608,0143071485,2021,4,22,23,4,52,2552400,1335,279,24
1,SU-14608,0143071485,2021,4,22,23,4,52,2553000,1336,279,24
1,SU-14608,0143071485,2021,4,22,23,4,52,2553600,1335,279,24
1,SU-14608,0143071485,2021,4,22,23,4,52,2554200,1335,279,24
1,SU-14608,0143071485,2021,4,22,23,4,52,2554800,1335,279,24
1,SU-14608,0143071485,2021,4,22,23,4,52,2555400,1334,279,24
1,SU-14608,0143071485,2021,4,22,23,4,52,2556000,1334,279,24
1,SU-14608,0143071485,2021,4,22,23,4,52,2556600,1333,279,24
1,SU-14608,0143071485,2021,4,22,23,4,52,2557200,1332,279,25
1,SU-14608,0143071485,2021,4,22,23,4,52,2557800,1333,279,24
1,SU-14608,0143071485,2021,4,22,23,4,52,2558400,1333,279,25
1,SU-14608,0143071485,2021,4,22,23,4,52,2559000,1332,279,25
1,SU-14608,0143071485,2021,4,22,23,4,52,2559600,1332,279,25
1,SU-14608,0143071485,2021,4,22,23,4,52,2560200,1332,279,25
1,SU-14608,0143071485,2021,4,22,23,4,52,2560800,1332,279,25
1,SU-14608,0143071485,2021,4,22,23,4,52,2561400,1332,279,25
1,SU-14608,0143071485,2021,4,22,23,4,52,2562000,1330,279,25
1,SU-14608,0143071485,2021,4,22,23,4,52,2562600,1330,279,25
1,SU-14608,0143071485,2021,4,22,23,4,52,2563200,1331,279,25
1,SU-14608,0143071485,2021,4,22,23,4,52,2563800,1331,279,25
1,SU-14608,0143071485,2021,4,22,23,4,52,2564400,1330,279,25
1,SU-14608,0143071485,2021,4,22,23,4,52,2565000,1329,279,25
1,SU-14608,0143071485,2021,4,22,23,4,52,2565600,1329,279,25
1,SU-14608,0143071485,2021,4,22,23,4,52,2566200,1329,279,25
1,SU-14608,0143071485,2021,4,22,23,4,52,2566800,1328,279,25
1,SU-14608,0143071485,2021,4,22,23,4,52,2567400,1327,279,25
1,SU-14608,0143071485,2021,4,22,23,4,52,2568000,1328,279,25
1,SU-14608,0143071485,2021,4,22,23,4,52,2568600,1328,279,25
1,SU-14608,0143071485,2021,4,22,23,4,52,2569200,1327,279,25
1,SU-14608,0143071485,2021,4,22,23,4,52,2569800,1327,279,26
1,SU-14608,0143071485,2021,4,22,23,4,52,2570400,1326,279,26
1,SU-14608,0143071485,2021,4,22,23,4,52,2571000,1326,279,26
1,SU-14608,0143071485,2021,4,22,23,4,52,2571600,1326,279,25
1,SU-14608,0143071485,2021,4,22,23,4,52,2572200,1324,279,26
1,SU-14608,0143071485,2021,4,22,23,4,52,2572800,1325,279,26
1,SU-14608,0143071485,2021,4,22,23,4,52,2573400,1325,279,26
1,SU-14608,0143071485,2021,4,22,23,4,52,2574000,1324,279,25
1,SU-14608,0143071485,2021,4,22,23,4,52,2574600,1324,279,26
1,SU-14608,0143071485,2021,4,22,23,4,52,2575200,1323,279,26
1,SU-14608,0143071485,2021,4,22,23,4,52,2575800,1323,279,26
1,SU-14608,0143071485,2021,4,22,23,4,52,2576400,1323,279,26
1,SU-14608,0143071485,2021,4,22,23,4,52,2577000,1323,279,25
1,SU-14608,0143071485,2021,4,22,23,4,52,2577600,1322,279,26
1,SU-14608,0143071485,2021,4,22,23,4,52,2578200,1321,279,26
1,SU-14608,0143071485,2021,4,22,23,4,52,2578800,1321,279,26
1,SU-14608,0143071485,2021,4,22,23,4,52,2579400,1320,279,26
1,SU-14608,0143071485,2021,4,22,23,4,52,2580000,1320,279,27
1,SU-14608,0143071485,2021,4,22,23,4,52,2580600,1320,279,27
1,SU-14608,0143071485,2021,4,22,23,4,52,2581200,1320,279,26
1,SU-14608,0143071485,2021,4,22,23,4,52,2581800,1320,279,26
1,SU-14608,0143071485,2021,4,22,23,4,52,2582400,1320,279,27
1,SU-14608,0143071485,2021,4,22,23,4,52,2583000,1320,279,27
1,SU-14608,0143071485,2021,4,22,23,4,52,2583600,1320,279,26
1,SU-14608,0143071485,2021,4,22,23,4,52,2584200,1319,279,27
1,SU-14608,0143071485,2021,4,22,23,4,52,2584800,1320,279,26
1,SU-14608,0143071485,2021,4,22,23,4,52,2585400,1319,279,26
1,SU-14608,0143071485,2021,4,22,23,4,52,2586000,1319,279,26
1,SU-14608,0143071485,2021,4,22,23,4,52,2586600,1319,279,27
1,SU-14608,0143071485,2021,4,22,23,4,52,2587200,1319,279,26
1,SU-14608,0143071485,2021,4,22,23,4,52,2587800,1319,279,27
1,SU-14608,0143071485,2021,4,22,23,4,52,2588400,1319,279,27
1,SU-14608,0143071485,2021,4,22,23,4,52,2589000,1318,279,26
1,SU-14608,0143071485,2021,4,22,23,4,52,2589600,1319,279,27
1,SU-14608,0143071485,2021,4,22,23,4,52,2590200,1319,279,27
1,SU-14608,0143071485,2021,4,22,23,4,52,2590800,1318,279,26
1,SU-14608,0143071485,2021,4,22,23,4,52,2591400,1318,279,26
1,SU-14608,0143071485,2021,4,22,23,4,52,2592000,1318,279,27
1,SU-14608,0143071485,2021,4,22,23,4,52,2592600,1318,279,26
1,SU-14608,0143071485,2021,4,22,23,4,52,2593200,1318,279,26
1,SU-14608,0143071485,2021,4,22,23,4,52,2593800,1319,279,27
1,SU-14608,0143071485,2021,4,22,23,4,52,2594400,1318,279,26
1,SU-14608,0143071485,2021,4,22,23,4,52,2595000,1318,279,27
1,SU-14608,0143071485,2021,4,22,23,4,52,2595600,1318,279,27
1,SU-14608,0143071485,2021,4,22,23,4,52,2596200,1318,279,26
1,SU-14608,0143071485,2021,4,22,23,4,52,2596800,1318,279,26
1,SU-14608,0143071485,2021,4,22,23,4,52,2597400,1318,279,27
1,SU-14608,0143071485,2021,4,22,23,4,52,2598000,1319,279,27
1,SU-14608,0143071485,2021,4,22,23,4,52,2598600,1318,279,26
1,SU-14608,0143071485,2021,4,22,23,4,52,2599200,1318,279,26
1,SU-14608,0143071485,2021,4,22,23,4,52,2599800,1318,279,26
1,SU-14608,0143071485,2021,4,22,23,4,52,2600400,1317,279,26
1,SU-14608,0143071485,2021,4,22,23,4,52,2601000,1316,279,26
1,SU-14608,0143071485,2021,4,22,23,4,52,2601600,1316,279,27
1,SU-14608,0143071485,2021,4,22,23,4,52,2602200,1317,279,27
1,SU-14608,0143071485,2021,4,22,23,4,52,2602800,1317,279,26
1,SU-14608,0143071485,2021,4,22,23,4,52,2603400,1316,279,26
1,SU-14608,0143071485,2021,4,22,23,4,52,2604000,1316,279,26
1,SU-14608,0143071485,2021,4,22,23,4,52,2604600,1316,279,27
1,SU-14608,0143071485,2021,4,22,23,4,52,2605200,1316,279,27
1,SU-14608,0143071485,2021,4,22,23,4,52,2605800,1317,279,26
1,SU-14608,0143071485,2021,4,22,23,4,52,2606400,1315,279,26
1,SU-14608,0143071485,2021,4,22,23,4,52,2607000,1315,279,26
1,SU-14608,0143071485,2021,4,22,23,4,52,2607600,1315,279,26
1,SU-14608,0143071485,2021,4,22,23,4,52,2608200,1315,279,26
1,SU-14608,0143071485,2021,4,22,23,4,52,2608800,1315,279,26
1,SU-14608,0143071485,2021,4,22,23,4,52,2609400,1315,279,26
1,SU-14608,0143071485,2021,4,22,23,4,52,2610000,1315,279,26
1,SU-14608,0143071485,2021,4,22,23,4,52,2610600,1315,279,26
1,SU-14608,0143071485,2021,4,22,23,4,52,2611200,1315,279,26
1,SU-14608,0143071485,2021,4,22,23,4,52,2611800,1315,279,25
1,SU-14608,0143071485,2021,4,22,23,4,52,2612400,1315,279,26
1,SU-14608,0143071485,2021,4,22,23,4,52,2613000,1314,279,26
1,SU-14608,0143071485,2021,4,22,23,4,52,2613600,1314,279,26
1,SU-14608,0143071485,2021,4,22,23,4,52,2614200,1314,279,25
1,SU-14608,0143071485,2021,4,22,23,4,52,2614800,1314,279,25
1,SU-14608,0143071485,2021,4,22,23,4,52,2615400,1314,279,25
1,SU-14608,0143071485,2021,4,22,23,4,52,2616000,1313,279,25
1,SU-14608,0143071485,2021,4,22,23,4,52,2616600,1313,279,26
1,SU-14608,0143071485,2021,4,22,23,4,52,2617200,1313,279,25
1,SU-14608,0143071485,2021,4,22,23,4,52,2617800,1313,279,25
1,SU-14608,0143071485,2021,4,22,23,4,52,2618400,1312,279,25
1,SU-14608,0143071485,2021,4,22,23,4,52,2619000,1312,279,25
1,SU-14608,0143071485,2021,4,22,23,4,52,2619600,1312,279,25
1,SU-14608,0143071485,2021,4,22,23,4,52,2620200,1312,279,25
1,SU-14608,0143071485,2021,4,22,23,4,52,2620800,1312,279,25
1,SU-14608,0143071485,2021,4,22,23,4,52,2621400,1311,279,25
1,SU-14608,0143071485,2021,4,22,23,4,52,2622000,1311,279,25
1,SU-14608,0143071485,2021,4,22,23,4,52,2622600,1312,279,25
1,SU-14608,0143071485,2021,4,22,23,4,52,2623200,1312,279,25
1,SU-14608,0143071485,2021,4,22,23,4,52,2623800,1311,279,25
1,SU-14608,0143071485,2021,4,22,23,4,52,2624400,1312,279,25
1,SU-14608,0143071485,2021,4,22,23,4,52,2625000,1311,279,25
1,SU-14608,0143071485,2021,4,22,23,4,52,2625600,1311,279,24
1,SU-14608,0143071485,2021,4,22,23,4,52,2626200,1310,279,25
1,SU-14608,0143071485,2021,4,22,23,4,52,2626800,1311,279,25
1,SU-14608,0143071485,2021,4,22,23,4,52,2627400,1310,279,25
1,SU-14608,0143071485,2021,4,22,23,4,52,2628000,1309,279,25
1,SU-14608,0143071485,2021,4,22,23,4,52,2628600,1310,279,25
1,SU-14608,0143071485,2021,4,22,23,4,52,2629200,1309,279,25
1,SU-14608,0143071485,2021,4,22,23,4,52,2629800,1310,279,24
1,SU-14608,0143071485,2021,4,22,23,4,52,2630400,1309,279,24
1,SU-14608,0143071485,2021,4,22,23,4,52,2631000,1309,279,24
1,SU-14608,0143071485,2021,4,22,23,4,52,2631600,1308,279,24
1,SU-14608,0143071485,2021,4,22,23,4,52,2632200,1307,279,24
1,SU-14608,0143071485,2021,4,22,23,4,52,2632800,1307,279,24
1,SU-14608,0143071485,2021,4,22,23,4,52,2633400,1308,279,24
1,SU-14608,0143071485,2021,4,22,23,4,52,2634000,1308,279,24
1,SU-14608,0143071485,2021,4,22,23,4,52,2634600,1306,279,24
1,SU-14608,0143071485,2021,4,22,23,4,52,2635200,1306,279,25
1,SU-14608,0143071485,2021,4,22,23,4,52,2635800,1306,279,24
1,SU-14608,0143071485,2021,4,22,23,4,52,2636400,1305,279,24
1,SU-14608,0143071485,2021,4,22,23,4,52,2637000,1305,279,24
1,SU-14608,0143071485,2021,4,22,23,4,52,2637600,1305,279,25
1,SU-14608,0143071485,2021,4,22,23,4,52,2638200,1304,279,23
1,SU-14608,0143071485,2021,4,22,23,4,52,2638800,1305,279,24
1,SU-14608,0143071485,2021,4,22,23,4,52,2639400,1303,279,24
1,SU-14608,0143071485,2021,4,22,23,4,52,2640000,1303,279,25
1,SU-14608,0143071485,2021,4,22,23,4,52,2640600,1302,279,23
1,SU-14608,0143071485,2021,4,22,23,4,52,2641200,1303,279,25
1,SU-14608,0143071485,2021,4,22,23,4,52,2641800,1303,279,24
1,SU-14608,0143071485,2021,4,22,23,4,52,2642400,1303,279,24
1,SU-14608,0143071485,2021,4,22,23,4,52,2643000,1302,279,24
1,SU-14608,0143071485,2021,4,22,23,4,52,2643600,1302,279,24
1,SU-14608,0143071485,2021,4,22,23,4,52,2644200,1301,279,23
1,SU-14608,0143071485,2021,4,22,23,4,52,2644800,1301,279,23
1,SU-14608,0143071485,2021,4,22,23,4,52,2645400,1301,279,24
1,SU-14608,0143071485,2021,4,22,23,4,52,2646000,1300,279,24
1,SU-14608,0143071485,2021,4,22,23,4,52,2646600,1300,279,24
1,SU-14608,0143071485,2021,4,22,23,4,52,2647200,1300,279,25
1,SU-14608,0143071485,2021,4,22,23,4,52,2647800,1299,279,23
1,SU-14608,0143071485,2021,4,22,23,4,52,2648400,1298,279,24
1,SU-14608,0143071485,2021,4,22,23,4,52,2649000,1297,279,23
1,SU-14608,0143071485,2021,4,22,23,4,52,2649600,1297,279,24
1,SU-14608,0143071485,2021,4,22,23,4,52,2650200,1296,279,24
1,SU-14608,0143071485,2021,4,22,23,4,52,2650800,1294,279,25
1,SU-14608,0143071485,2021,4,22,23,4,52,2651400,1294,279,25
1,SU-14608,0143071485,2021,4,22,23,4,52,2652000,1293,279,25
1,SU-14608,0143071485,2021,4,22,23,4,52,2652600,1293,279,25
1,SU-14608,0143071485,2021,4,22,23,4,52,2653200,1291,279,24
1,SU-14608,0143071485,2021,4,22,23,4,52,2653800,1290,279,25
1,SU-14608,0143071485,2021,4,22,23,4,52,2654400,1289,279,25
1,SU-14608,0143071485,2021,4,22,23,4,52,2655000,1288,279,25
1,SU-14608,0143071485,2021,4,22,23,4,52,2655600,1288,279,25
1,SU-14608,0143071485,2021,4,22,23,4,52,2656200,1286,279,25
1,SU-14608,0143071485,2021,4,22,23,4,52,2656800,1285,279,25
1,SU-14608,0143071485,2021,4,22,23,4,52,2657400,1283,279,25
1,SU-14608,0143071485,2021,4,22,23,4,52,2658000,1281,279,25
1,SU-14608,0143071485,2021,4,22,23,4,52,2658600,1279,279,25
1,SU-14608,0143071485,2021,4,22,23,4,52,2659200,1277,279,25
1,SU-14608,0143071485,2021,4,22,23,4,52,2659800,1274,279,25
1,SU-14608,0143071485,2021,4,22,23,4,52,2660400,1272,279,25
1,SU-14608,0143071485,2021,4,22,23,4,52,2661000,1270,279,27
1,SU-14608,0143071485,2021,4,22,23,4,52,2661600,1268,279,25
1,SU-14608,0143071485,2021,4,22,23,4,52,2662200,1265,279,26
1,SU-14608,0143071485,2021,4,22,23,4,52,2662800,1264,279,27
1,SU-14608,0143071485,2021,4,22,23,4,52,2663400,1260,279,27
1,SU-14608,0143071485,2021,4,22,23,4,52,2664000,1258,279,27
1,SU-14608,0143071485,2021,4,22,23,4,52,2664600,1256,279,27
1,SU-14608,0143071485,2021,4,22,23,4,52,2665200,1254,279,27
1,SU-14608,0143071485,2021,4,22,23,4,52,2665800,1252,279,26
1,SU-14608,0143071485,2021,4,22,23,4,52,2666400,1249,279,26
1,SU-14608,0143071485,2021,4,22,23,4,52,2667000,1246,279,27
1,SU-14608,0143071485,2021,4,22,23,4,52,2667600,1243,279,27
1,SU-14608,0143071485,2021,4,22,23,4,52,2668200,1242,279,27
1,SU-14608,0143071485,2021,4,22,23,4,52,2668800,1238,279,27
1,SU-14608,0143071485,2021,4,22,23,4,52,2669400,1234,279,27
1,SU-14608,0143071485,2021,4,22,23,4,52,2670000,1232,279,27
1,SU-14608,0143071485,2021,4,22,23,4,52,2670600,1229,279,28
1,SU-14608,0143071485,2021,4,22,23,4,52,2671200,1225,279,27
1,SU-14608,0143071485,2021,4,22,23,4,52,2671800,1224,279,28
1,SU-14608,0143071485,2021,4,22,23,4,52,2672400,1220,279,28
1,SU-14608,0143071485,2021,4,22,23,4,52,2673000,1217,279,28
1,SU-14608,0143071485,2021,4,22,23,4,52,2673600,1213,279,28
1,SU-14608,0143071485,2021,4,22,23,4,52,2674200,1210,279,28
1,SU-14608,0143071485,2021,4,22,23,4,52,2674800,1208,279,28
1,SU-14608,0143071485,2021,4,22,23,4,52,2675400,1204,279,28
1,SU-14608,0143071485,2021,4,22,23,4,52,2676000,1200,279,28
1,SU-14608,0143071485,2021,4,22,23,4,52,2676600,1197,279,28
1,SU-14608,0143071485,2021,4,22,23,4,52,2677200,1194,279,29
1,SU-14608,0143071485,2021,4,22,23,4,52,2677800,1192,279,29
1,SU-14608,0143071485,2021,4,22,23,4,52,2678400,1187,279,29
1,SU-14608,0143071485,2021,4,22,23,4,52,2679000,1185,279,29
1,SU-14608,0143071485,2021,4,22,23,4,52,2679600,1181,279,30
1,SU-14608,0143071485,2021,4,22,23,4,52,2680200,1177,279,29
1,SU-14608,0143071485,2021,4,22,23,4,52,2680800,1175,279,30
1,SU-14608,0143071485,2021,4,22,23,4,52,2681400,1170,279,30
1,SU-14608,0143071485,2021,4,22,23,4,52,2682000,1166,279,30
1,SU-14608,0143071485,2021,4,22,23,4,52,2682600,1164,279,29
1,SU-14608,0143071485,2021,4,22,23,4,52,2683200,1160,279,30
1,SU-14608,0143071485,2021,4,22,23,4,52,2683800,1157,279,31
1,SU-14608,0143071485,2021,4,22,23,4,52,2684400,1153,279,30
1,SU-14608,0143071485,2021,4,22,23,4,52,2685000,1150,279,31
1,SU-14608,0143071485,2021,4,22,23,4,52,2685600,1148,279,31
1,SU-14608,0143071485,2021,4,22,23,4,52,2686200,1144,279,31
1,SU-14608,0143071485,2021,4,22,23,4,52,2686800,1139,279,31
1,SU-14608,0143071485,2021,4,22,23,4,52,2687400,1137,279,31
1,SU-14608,0143071485,2021,4,22,23,4,52,2688000,1132,279,31
1,SU-14608,0143071485,2021,4,22,23,4,52,2688600,1130,279,31
1,SU-14608,0143071485,2021,4,22,23,4,52,2689200,1129,279,31
1,SU-14608,0143071485,2021,4,22,23,4,52,2689800,1128,279,31
1,SU-14608,0143071485,2021,4,22,23,4,52,2690400,1127,279,31
1,SU-14608,0143071485,2021,4,22,23,4,52,2691000,1124,279,31
1,SU-14608,0143071485,2021,4,22,23,4,52,2691600,1120,279,31
1,SU-14608,0143071485,2021,4,22,23,4,52,2692200,1116,279,31
1,SU-14608,0143071485,2021,4,22,23,4,52,2692800,1112,279,31
1,SU-14608,0143071485,2021,4,22,23,4,52,2693400,1108,279,31
1,SU-14608,0143071485,2021,4,22,23,4,52,2694000,1104,279,31
1,SU-14608,0143071485,2021,4,22,23,4,52,2694600,1100,279,31
1,SU-14608,0143071485,2021,4,22,23,4,52,2695200,1097,279,32
1,SU-14608,0143071485,2021,4,22,23,4,52,2695800,1095,279,31
1,SU-14608,0143071485,2021,4,22,23,4,52,2696400,1091,279,31
1,SU-14608,0143071485,2021,4,22,23,4,52,2697000,1087,279,31
1,SU-14608,0143071485,2021,4,22,23,4,52,2697600,1084,279,32
1,SU-14608,0143071485,2021,4,22,23,4,52,2698200,1081,279,33
1,SU-14608,0143071485,2021,4,22,23,4,52,2698800,1078,279,31
1,SU-14608,0143071485,2021,4,22,23,4,52,2699400,1074,279,32
1,SU-14608,0143071485,2021,4,22,23,4,52,2700000,1070,279,33
1,SU-14608,0143071485,2021,4,22,23,4,52,2700600,1068,279,32
1,SU-14608,0143071485,2021,4,22,23,4,52,2701200,1065,279,33
1,SU-14608,0143071485,2021,4,22,23,4,52,2701800,1064,279,32
1,SU-14608,0143071485,2021,4,22,23,4,52,2702400,1064,279,33
1,SU-14608,0143071485,2021,4,22,23,4,52,2703000,1062,279,32
1,SU-14608,0143071485,2021,4,22,23,4,52,2703600,1061,279,33
1,SU-14608,0143071485,2021,4,22,23,4,52,2704200,1060,279,33
1,SU-14608,0143071485,2021,4,22,23,4,52,2704800,1059,279,33
1,SU-14608,0143071485,2021,4,22,23,4,52,2705400,1059,279,32
1,SU-14608,0143071485,2021,4,22,23,4,52,2706000,1058,279,33
1,SU-14608,0143071485,2021,4,22,23,4,52,2706600,1058,279,33
1,SU-14608,0143071485,2021,4,22,23,4,52,2707200,1058,279,33
1,SU-14608,0143071485,2021,4,22,23,4,52,2707800,1056,279,33
1,SU-14608,0143071485,2021,4,22,23,4,52,2708400,1057,279,32
1,SU-14608,0143071485,2021,4,22,23,4,52,2709000,1056,279,33
1,SU-14608,0143071485,2021,4,22,23,4,52,2709600,1056,279,33
1,SU-14608,0143071485,2021,4,22,23,4,52,2710200,1056,279,33
1,SU-14608,0143071485,2021,4,22,23,4,52,2710800,1054,279,33
1,SU-14608,0143071485,2021,4,22,23,4,52,2711400,1053,279,34
1,SU-14608,0143071485,2021,4,22,23,4,52,2712000,1054,279,33
1,SU-14608,0143071485,2021,4,22,23,4,52,2712600,1053,279,34
1,SU-14608,0143071485,2021,4,22,23,4,52,2713200,1053,279,34
1,SU-14608,0143071485,2021,4,22,23,4,52,2713800,1053,279,34
1,SU-14608,0143071485,2021,4,22,23,4,52,2714400,1053,279,33
1,SU-14608,0143071485,2021,4,22,23,4,52,2715000,1051,279,34
1,SU-14608,0143071485,2021,4,22,23,4,52,2715600,1051,279,34
1,SU-14608,0143071485,2021,4,22,23,4,52,2716200,1051,279,34
1,SU-14608,0143071485,2021,4,22,23,4,52,2716800,1052,279,34
1,SU-14608,0143071485,2021,4,22,23,4,52,2717400,1052,279,34
1,SU-14608,0143071485,2021,4,22,23,4,52,2718000,1050,279,34
1,SU-14608,0143071485,2021,4,22,23,4,52,2718600,1050,279,35
1,SU-14608,0143071485,2021,4,22,23,4,52,2719200,1050,279,34
1,SU-14608,0143071485,2021,4,22,23,4,52,2719800,1050,279,34
1,SU-14608,0143071485,2021,4,22,23,4,52,2720400,1050,279,34
1,SU-14608,0143071485,2021,4,22,23,4,52,2721000,1049,279,34
1,SU-14608,0143071485,2021,4,22,23,4,52,2721600,1050,279,34
1,SU-14608,0143071485,2021,4,22,23,4,52,2722200,1049,279,35
1,SU-14608,0143071485,2021,4,22,23,4,52,2722800,1049,279,34
1,SU-14608,0143071485,2021,4,22,23,4,52,2723400,1048,279,34
1,SU-14608,0143071485,2021,4,22,23,4,52,2724000,1048,279,35
1,SU-14608,0143071485,2021,4,22,23,4,52,2724600,1047,279,34
1,SU-14608,0143071485,2021,4,22,23,4,52,2725200,1048,279,35
1,SU-14608,0143071485,2021,4,22,23,4,52,2725800,1047,279,35
1,SU-14608,0143071485,2021,4,22,23,4,52,2726400,1047,279,35
1,SU-14608,0143071485,2021,4,22,23,4,52,2727000,1046,279,34
1,SU-14608,0143071485,2021,4,22,23,4,52,2727600,1046,279,35
1,SU-14608,0143071485,2021,4,22,23,4,52,2728200,1047,279,34
1,SU-14608,0143071485,2021,4,22,23,4,52,2728800,1045,279,34
1,SU-14608,0143071485,2021,4,22,23,4,52,2729400,1045,279,34
1,SU-14608,0143071485,2021,4,22,23,4,52,2730000,1045,279,34
1,SU-14608,0143071485,2021,4,22,23,4,52,2730600,1045,279,34
1,SU-14608,0143071485,2021,4,22,23,4,52,2731200,1045,279,35
1,SU-14608,0143071485,2021,4,22,23,4,52,2731800,1045,279,35
1,SU-14608,0143071485,2021,4,22,23,4,52,2732400,1043,279,35
1,SU-14608,0143071485,2021,4,22,23,4,52,2733000,1043,279,35
1,SU-14608,0143071485,2021,4,22,23,4,52,2733600,1043,279,35
1,SU-14608,0143071485,2021,4,22,23,4,52,2734200,1043,279,35
1,SU-14608,0143071485,2021,4,22,23,4,52,2734800,1043,279,35
1,SU-14608,0143071485,2021,4,22,23,4,52,2735400,1042,279,36
1,SU-14608,0143071485,2021,4,22,23,4,52,2736000,1041,279,35
1,SU-14608,0143071485,2021,4,22,23,4,52,2736600,1041,279,35
1,SU-14608,0143071485,2021,4,22,23,4,52,2737200,1040,279,35
1,SU-14608,0143071485,2021,4,22,23,4,52,2737800,1040,279,35
1,SU-14608,0143071485,2021,4,22,23,4,52,2738400,1039,279,36
1,SU-14608,0143071485,2021,4,22,23,4,52,2739000,1040,279,36
1,SU-14608,0143071485,2021,4,22,23,4,52,2739600,1038,279,36
1,SU-14608,0143071485,2021,4,22,23,4,52,2740200,1037,279,36
1,SU-14608,0143071485,2021,4,22,23,4,52,2740800,1037,279,36
1,SU-14608,0143071485,2021,4,22,23,4,52,2741400,1036,279,36
1,SU-14608,0143071485,2021,4,22,23,4,52,2742000,1035,279,36
1,SU-14608,0143071485,2021,4,22,23,4,52,2742600,1035,279,36
1,SU-14608,0143071485,2021,4,22,23,4,52,2743200,1034,279,36
1,SU-14608,0143071485,2021,4,22,23,4,52,2743800,1034,279,36
1,SU-14608,0143071485,2021,4,22,23,4,52,2744400,1033,279,36
1,SU-14608,0143071485,2021,4,22,23,4,52,2745000,1032,279,36
1,SU-14608,0143071485,2021,4,22,23,4,52,2745600,1032,279,36
1,SU-14608,0143071485,2021,4,22,23,4,52,2746200,1031,279,36
1,SU-14608,0143071485,2021,4,22,23,4,52,2746800,1031,279,36
1,SU-14608,0143071485,2021,4,22,23,4,52,2747400,1031,279,36
1,SU-14608,0143071485,2021,4,22,23,4,52,2748000,1029,279,36
1,SU-14608,0143071485,2021,4,22,23,4,52,2748600,1029,279,36
1,SU-14608,0143071485,2021,4,22,23,4,52,2749200,1027,279,36
1,SU-14608,0143071485,2021,4,22,23,4,52,2749800,1028,279,36
1,SU-14608,0143071485,2021,4,22,23,4,52,2750400,1027,279,36
1,SU-14608,0143071485,2021,4,22,23,4,52,2751000,1026,279,36
1,SU-14608,0143071485,2021,4,22,23,4,52,2751600,1026,279,36
1,SU-14608,0143071485,2021,4,22,23,4,52,2752200,1025,279,36
1,SU-14608,0143071485,2021,4,22,23,4,52,2752800,1025,279,36
1,SU-14608,0143071485,2021,4,22,23,4,52,2753400,1025,279,36
1,SU-14608,0143071485,2021,4,22,23,4,52,2754000,1024,279,36
1,SU-14608,0143071485,2021,4,22,23,4,52,2754600,1024,279,36
1,SU-14608,0143071485,2021,4,22,23,4,52,2755200,1023,279,36
1,SU-14608,0143071485,2021,4,22,23,4,52,2755800,1024,279,36
1,SU-14608,0143071485,2021,4,22,23,4,52,2756400,1024,279,36
1,SU-14608,0143071485,2021,4,22,23,4,52,2757000,1024,279,36
1,SU-14608,0143071485,2021,4,22,23,4,52,2757600,1023,279,36
1,SU-14608,0143071485,2021,4,22,23,4,52,2758200,1024,279,36
1,SU-14608,0143071485,2021,4,22,23,4,52,2758800,1024,279,36
1,SU-14608,0143071485,2021,4,22,23,4,52,2759400,1024,279,36
1,SU-14608,0143071485,2021,4,22,23,4,52,2760000,1025,279,36
1,SU-14608,0143071485,2021,4,22,23,4,52,2760600,1026,279,36
1,SU-14608,0143071485,2021,4,22,23,4,52,2761200,1024,279,36
1,SU-14608,0143071485,2021,4,22,23,4,52,2761800,1026,279,36
1,SU-14608,0143071485,2021,4,22,23,4,52,2762400,1026,279,36
1,SU-14608,0143071485,2021,4,22,23,4,52,2763000,1026,279,36
1,SU-14608,0143071485,2021,4,22,23,4,52,2763600,1026,279,36
1,SU-14608,0143071485,2021,4,22,23,4,52,2764200,1027,279,36
1,SU-14608,0143071485,2021,4,22,23,4,52,2764800,1026,279,37
1,SU-14608,0143071485,2021,4,22,23,4,52,2765400,1027,279,36
1,SU-14608,0143071485,2021,4,22,23,4,52,2766000,1029,279,37
1,SU-14608,0143071485,2021,4,22,23,4,52,2766600,1029,279,36
1,SU-14608,0143071485,2021,4,22,23,4,52,2767200,1029,279,37
1,SU-14608,0143071485,2021,4,22,23,4,52,2767800,1031,279,37
1,SU-14608,0143071485,2021,4,22,23,4,52,2768400,1032,279,36
1,SU-14608,0143071485,2021,4,22,23,4,52,2769000,1032,279,36
1,SU-14608,0143071485,2021,4,22,23,4,52,2769600,1032,279,37
1,SU-14608,0143071485,2021,4,22,23,4,52,2770200,1033,279,38
1,SU-14608,0143071485,2021,4,22,23,4,52,2770800,1034,279,37
1,SU-14608,0143071485,2021,4,22,23,4,52,2771400,1035,279,38
1,SU-14608,0143071485,2021,4,22,23,4,52,2772000,1036,279,37
1,SU-14608,0143071485,2021,4,22,23,4,52,2772600,1037,279,38
1,SU-14608,0143071485,2021,4,22,23,4,52,2773200,1037,279,38
1,SU-14608,0143071485,2021,4,22,23,4,52,2773800,1038,279,38
1,SU-14608,0143071485,2021,4,22,23,4,52,2774400,1038,279,37
1,SU-14608,0143071485,2021,4,22,23,4,52,2775000,1040,279,38
1,SU-14608,0143071485,2021,4,22,23,4,52,2775600,1041,279,38
1,SU-14608,0143071485,2021,4,22,23,4,52,2776200,1041,279,39
1,SU-14608,0143071485,2021,4,22,23,4,52,2776800,1044,279,39
1,SU-14608,0143071485,2021,4,22,23,4,52,2777400,1046,279,39
1,SU-14608,0143071485,2021,4,22,23,4,52,2778000,1047,279,39
1,SU-14608,0143071485,2021,4,22,23,4,52,2778600,1048,279,39
1,SU-14608,0143071485,2021,4,22,23,4,52,2779200,1050,279,39
1,SU-14608,0143071485,2021,4,22,23,4,52,2779800,1051,279,39
1,SU-14608,0143071485,2021,4,22,23,4,52,2780400,1052,279,39
1,SU-14608,0143071485,2021,4,22,23,4,52,2781000,1054,279,39
1,SU-14608,0143071485,2021,4,22,23,4,52,2781600,1055,279,39
1,SU-14608,0143071485,2021,4,22,23,4,52,2782200,1056,279,39
1,SU-14608,0143071485,2021,4,22,23,4,52,2782800,1057,279,39
1,SU-14608,0143071485,2021,4,22,23,4,52,2783400,1057,279,39
1,SU-14608,0143071485,2021,4,22,23,4,52,2784000,1058,279,39
1,SU-14608,0143071485,2021,4,22,23,4,52,2784600,1059,279,39
1,SU-14608,0143071485,2021,4,22,23,4,52,2785200,1059,279,39
1,SU-14608,0143071485,2021,4,22,23,4,52,2785800,1060,279,39
1,SU-14608,0143071485,2021,4,22,23,4,52,2786400,1061,279,39
1,SU-14608,0143071485,2021,4,22,23,4,52,2787000,1062,279,38
1,SU-14608,0143071485,2021,4,22,23,4,52,2787600,1061,279,39
1,SU-14608,0143071485,2021,4,22,23,4,52,2788200,1062,279,37
1,SU-14608,0143071485,2021,4,22,23,4,52,2788800,1063,279,38
1,SU-14608,0143071485,2021,4,22,23,4,52,2789400,1063,279,38
1,SU-14608,0143071485,2021,4,22,23,4,52,2790000,1063,279,36
1,SU-14608,0143071485,2021,4,22,23,4,52,2790600,1064,279,37
1,SU-14608,0143071485,2021,4,22,23,4,52,2791200,1064,279,38
1,SU-14608,0143071485,2021,4,22,23,4,52,2791800,1063,279,37
1,SU-14608,0143071485,2021,4,22,23,4,52,2792400,1064,279,36
1,SU-14608,0143071485,2021,4,22,23,4,52,2793000,1064,279,37
1,SU-14608,0143071485,2021,4,22,23,4,52,2793600,1064,279,37
1,SU-14608,0143071485,2021,4,22,23,4,52,2794200,1064,279,37
1,SU-14608,0143071485,2021,4,22,23,4,52,2794800,1064,279,37
1,SU-14608,0143071485,2021,4,22,23,4,52,2795400,1064,279,36
1,SU-14608,0143071485,2021,4,22,23,4,52,2796000,1064,279,37
1,SU-14608,0143071485,2021,4,22,23,4,52,2796600,1064,279,36
1,SU-14608,0143071485,2021,4,22,23,4,52,2797200,1065,279,36
1,SU-14608,0143071485,2021,4,22,23,4,52,2797800,1064,279,36
1,SU-14608,0143071485,2021,4,22,23,4,52,2798400,1064,279,36
1,SU-14608,0143071485,2021,4,22,23,4,52,2799000,1065,279,37
1,SU-14608,0143071485,2021,4,22,23,4,52,2799600,1065,279,36
1,SU-14608,0143071485,2021,4,22,23,4,52,2800200,1065,279,36
1,SU-14608,0143071485,2021,4,22,23,4,52,2800800,1065,279,36
1,SU-14608,0143071485,2021,4,22,23,4,52,2801400,1065,279,37
1,SU-14608,0143071485,2021,4,22,23,4,52,2802000,1065,279,36
1,SU-14608,0143071485,2021,4,22,23,4,52,2802600,1065,279,36
1,SU-14608,0143071485,2021,4,22,23,4,52,2803200,1064,279,36
1,SU-14608,0143071485,2021,4,22,23,4,52,2803800,1064,279,36
1,SU-14608,0143071485,2021,4,22,23,4,52,2804400,1065,279,36
1,SU-14608,0143071485,2021,4,22,23,4,52,2805000,1065,279,36
1,SU-14608,0143071485,2021,4,22,23,4,52,2805600,1064,279,36
1,SU-14608,0143071485,2021,4,22,23,4,52,2806200,1065,279,36
1,SU-14608,0143071485,2021,4,22,23,4,52,2806800,1064,279,36
1,SU-14608,0143071485,2021,4,22,23,4,52,2807400,1065,279,36
1,SU-14608,0143071485,2021,4,22,23,4,52,2808000,1064,279,37
1,SU-14608,0143071485,2021,4,22,23,4,52,2808600,1064,279,36
1,SU-14608,0143071485,2021,4,22,23,4,52,2809200,1064,279,36
1,SU-14608,0143071485,2021,4,22,23,4,52,2809800,1064,279,36
1,SU-14608,0143071485,2021,4,22,23,4,52,2810400,1064,279,37
1,SU-14608,0143071485,2021,4,22,23,4,52,2811000,1064,279,36
1,SU-14608,0143071485,2021,4,22,23,4,52,2811600,1064,279,36
1,SU-14608,0143071485,2021,4,22,23,4,52,2812200,1064,279,36
1,SU-14608,0143071485,2021,4,22,23,4,52,2812800,1064,279,37
1,SU-14608,0143071485,2021,4,22,23,4,52,2813400,1064,279,36
1,SU-14608,0143071485,2021,4,22,23,4,52,2814000,1064,279,36
1,SU-14608,0143071485,2021,4,22,23,4,52,2814600,1063,279,36
1,SU-14608,0143071485,2021,4,22,23,4,52,2815200,1064,279,36
1,SU-14608,0143071485,2021,4,22,23,4,52,2815800,1063,279,37
1,SU-14608,0143071485,2021,4,22,23,4,52,2816400,1064,279,36
1,SU-14608,0143071485,2021,4,22,23,4,52,2817000,1063,279,37
1,SU-14608,0143071485,2021,4,22,23,4,52,2817600,1062,279,37
1,SU-14608,0143071485,2021,4,22,23,4,52,2818200,1063,279,37
1,SU-14608,0143071485,2021,4,22,23,4,52,2818800,1062,279,37
1,SU-14608,0143071485,2021,4,22,23,4,52,2819400,1062,279,37
1,SU-14608,0143071485,2021,4,22,23,4,52,2820000,1062,279,37
1,SU-14608,0143071485,2021,4,22,23,4,52,2820600,1062,279,37
1,SU-14608,0143071485,2021,4,22,23,4,52,2821200,1061,279,37
1,SU-14608,0143071485,2021,4,22,23,4,52,2821800,1061,279,36
1,SU-14608,0143071485,2021,4,22,23,4,52,2822400,1061,279,37
1,SU-14608,0143071485,2021,4,22,23,4,52,2823000,1061,279,36
1,SU-14608,0143071485,2021,4,22,23,4,52,2823600,1060,279,36
1,SU-14608,0143071485,2021,4,22,23,4,52,2824200,1060,279,36
1,SU-14608,0143071485,2021,4,22,23,4,52,2824800,1059,279,37
1,SU-14608,0143071485,2021,4,22,23,4,52,2825400,1060,279,37
1,SU-14608,0143071485,2021,4,22,23,4,52,2826000,1059,279,37
1,SU-14608,0143071485,2021,4,22,23,4,52,2826600,1059,279,37
1,SU-14608,0143071485,2021,4,22,23,4,52,2827200,1058,279,37
1,SU-14608,0143071485,2021,4,22,23,4,52,2827800,1058,279,37
1,SU-14608,0143071485,2021,4,22,23,4,52,2828400,1058,279,37
1,SU-14608,0143071485,2021,4,22,23,4,52,2829000,1058,279,37
1,SU-14608,0143071485,2021,4,22,23,4,52,2829600,1058,279,37
1,SU-14608,0143071485,2021,4,22,23,4,52,2830200,1058,279,37
1,SU-14608,0143071485,2021,4,22,23,4,52,2830800,1058,279,37
1,SU-14608,0143071485,2021,4,22,23,4,52,2831400,1057,279,38
1,SU-14608,0143071485,2021,4,22,23,4,52,2832000,1057,279,37
1,SU-14608,0143071485,2021,4,22,23,4,52,2832600,1057,279,37
1,SU-14608,0143071485,2021,4,22,23,4,52,2833200,1057,279,37
1,SU-14608,0143071485,2021,4,22,23,4,52,2833800,1057,279,37
1,SU-14608,0143071485,2021,4,22,23,4,52,2834400,1057,279,37
1,SU-14608,0143071485,2021,4,22,23,4,52,2835000,1057,279,37
1,SU-14608,0143071485,2021,4,22,23,4,52,2835600,1057,279,38
1,SU-14608,0143071485,2021,4,22,23,4,52,2836200,1058,279,38
1,SU-14608,0143071485,2021,4,22,23,4,52,2836800,1058,279,38
1,SU-14608,0143071485,2021,4,22,23,4,52,2837400,1058,279,38
1,SU-14608,0143071485,2021,4,22,23,4,52,2838000,1060,279,38
1,SU-14608,0143071485,2021,4,22,23,4,52,2838600,1059,279,38
1,SU-14608,0143071485,2021,4,22,23,4,52,2839200,1060,279,39
1,SU-14608,0143071485,2021,4,22,23,4,52,2839800,1060,279,38
1,SU-14608,0143071485,2021,4,22,23,4,52,2840400,1061,279,38
1,SU-14608,0143071485,2021,4,22,23,4,52,2841000,1061,279,38
1,SU-14608,0143071485,2021,4,22,23,4,52,2841600,1062,279,38
1,SU-14608,0143071485,2021,4,22,23,4,52,2842200,1064,279,37
1,SU-14608,0143071485,2021,4,22,23,4,52,2842800,1064,279,38
1,SU-14608,0143071485,2021,4,22,23,4,52,2843400,1066,279,37
1,SU-14608,0143071485,2021,4,22,23,4,52,2844000,1065,279,37
1,SU-14608,0143071485,2021,4,22,23,4,52,2844600,1068,279,38
1,SU-14608,0143071485,2021,4,22,23,4,52,2845200,1069,279,38
1,SU-14608,0143071485,2021,4,22,23,4,52,2845800,1069,279,38
1,SU-14608,0143071485,2021,4,22,23,4,52,2846400,1071,279,38
1,SU-14608,0143071485,2021,4,22,23,4,52,2847000,1072,279,38
1,SU-14608,0143071485,2021,4,22,23,4,52,2847600,1073,279,37
1,SU-14608,0143071485,2021,4,22,23,4,52,2848200,1074,279,36
1,SU-14608,0143071485,2021,4,22,23,4,52,2848800,1074,279,37
1,SU-14608,0143071485,2021,4,22,23,4,52,2849400,1076,279,38
1,SU-14608,0143071485,2021,4,22,23,4,52,2850000,1076,279,37
1,SU-14608,0143071485,2021,4,22,23,4,52,2850600,1077,279,36
1,SU-14608,0143071485,2021,4,22,23,4,52,2851200,1078,279,37
1,SU-14608,0143071485,2021,4,22,23,4,52,2851800,1079,279,36
1,SU-14608,0143071485,2021,4,22,23,4,52,2852400,1080,279,36
1,SU-14608,0143071485,2021,4,22,23,4,52,2853000,1081,279,36
1,SU-14608,0143071485,2021,4,22,23,4,52,2853600,1082,279,36
1,SU-14608,0143071485,2021,4,22,23,4,52,2854200,1083,279,36
1,SU-14608,0143071485,2021,4,22,23,4,52,2854800,1084,279,37
1,SU-14608,0143071485,2021,4,22,23,4,52,2855400,1086,279,36
1,SU-14608,0143071485,2021,4,22,23,4,52,2856000,1089,279,37
1,SU-14608,0143071485,2021,4,22,23,4,52,2856600,1093,279,37
1,SU-14608,0143071485,2021,4,22,23,4,52,2857200,1097,279,37
1,SU-14608,0143071485,2021,4,22,23,4,52,2857800,1103,279,36
1,SU-14608,0143071485,2021,4,22,23,4,52,2858400,1109,279,36
1,SU-14608,0143071485,2021,4,22,23,4,52,2859000,1115,279,36
1,SU-14608,0143071485,2021,4,22,23,4,52,2859600,1121,279,36
1,SU-14608,0143071485,2021,4,22,23,4,52,2860200,1127,279,36
1,SU-14608,0143071485,2021,4,22,23,4,52,2860800,1133,279,36
1,SU-14608,0143071485,2021,4,22,23,4,52,2861400,1139,279,36
1,SU-14608,0143071485,2021,4,22,23,4,52,2862000,1147,279,36
1,SU-14608,0143071485,2021,4,22,23,4,52,2862600,1155,279,35
1,SU-14608,0143071485,2021,4,22,23,4,52,2863200,1161,279,36
1,SU-14608,0143071485,2021,4,22,23,4,52,2863800,1170,279,36
1,SU-14608,0143071485,2021,4,22,23,4,52,2864400,1177,279,35
1,SU-14608,0143071485,2021,4,22,23,4,52,2865000,1185,279,35
1,SU-14608,0143071485,2021,4,22,23,4,52,2865600,1192,279,35
1,SU-14608,0143071485,2021,4,22,23,4,52,2866200,1200,279,34
1,SU-14608,0143071485,2021,4,22,23,4,52,2866800,1209,279,35
1,SU-14608,0143071485,2021,4,22,23,4,52,2867400,1218,279,34
1,SU-14608,0143071485,2021,4,22,23,4,52,2868000,1225,279,34
1,SU-14608,0143071485,2021,4,22,23,4,52,2868600,1234,279,34
1,SU-14608,0143071485,2021,4,22,23,4,52,2869200,1243,279,34
1,SU-14608,0143071485,2021,4,22,23,4,52,2869800,1253,279,34
1,SU-14608,0143071485,2021,4,22,23,4,52,2870400,1260,279,34
1,SU-14608,0143071485,2021,4,22,23,4,52,2871000,1268,279,34
1,SU-14608,0143071485,2021,4,22,23,4,52,2871600,1276,279,33
1,SU-14608,0143071485,2021,4,22,23,4,52,2872200,1284,279,34
1,SU-14608,0143071485,2021,4,22,23,4,52,2872800,1290,279,34
1,SU-14608,0143071485,2021,4,22,23,4,52,2873400,1298,279,34
1,SU-14608,0143071485,2021,4,22,23,4,52,2874000,1304,279,34
1,SU-14608,0143071485,2021,4,22,23,4,52,2874600,1308,279,34
1,SU-14608,0143071485,2021,4,22,23,4,52,2875200,1311,279,34
1,SU-14608,0143071485,2021,4,22,23,4,52,2875800,1312,279,34
1,SU-14608,0143071485,2021,4,22,23,4,52,2876400,1312,279,34
1,SU-14608,0143071485,2021,4,22,23,4,52,2877000,1312,279,34
1,SU-14608,0143071485,2021,4,22,23,4,52,2877600,1313,279,34
1,SU-14608,0143071485,2021,4,22,23,4,52,2878200,1314,279,33
1,SU-14608,0143071485,2021,4,22,23,4,52,2878800,1314,279,34
1,SU-14608,0143071485,2021,4,22,23,4,52,2879400,1314,279,34
1,SU-14608,0143071485,2021,4,22,23,4,52,2880000,1314,279,34
1,SU-14608,0143071485,2021,4,22,23,4,52,2880600,1314,279,34
1,SU-14608,0143071485,2021,4,22,23,4,52,2881200,1314,279,34
1,SU-14608,0143071485,2021,4,22,23,4,52,2881800,1314,279,34
1,SU-14608,0143071485,2021,4,22,23,4,52,2882400,1314,279,34
1,SU-14608,0143071485,2021,4,22,23,4,52,2883000,1314,279,33
1,SU-14608,0143071485,2021,4,22,23,4,52,2883600,1314,279,34
1,SU-14608,0143071485,2021,4,22,23,4,52,2884200,1313,279,34
1,SU-14608,0143071485,2021,4,22,23,4,52,2884800,1313,279,33
1,SU-14608,0143071485,2021,4,22,23,4,52,2885400,1313,279,33
1,SU-14608,0143071485,2021,4,22,23,4,52,2886000,1313,279,34
1,SU-14608,0143071485,2021,4,22,23,4,52,2886600,1312,279,34
1,SU-14608,0143071485,2021,4,22,23,4,52,2887200,1313,279,33
1,SU-14608,0143071485,2021,4,22,23,4,52,2887800,1312,279,34
1,SU-14608,0143071485,2021,4,22,23,4,52,2888400,1312,279,33
1,SU-14608,0143071485,2021,4,22,23,4,52,2889000,1312,279,33
1,SU-14608,0143071485,2021,4,22,23,4,52,2889600,1311,279,33
1,SU-14608,0143071485,2021,4,22,23,4,52,2890200,1310,279,34
1,SU-14608,0143071485,2021,4,22,23,4,52,2890800,1310,279,33
1,SU-14608,0143071485,2021,4,22,23,4,52,2891400,1310,279,33
1,SU-14608,0143071485,2021,4,22,23,4,52,2892000,1309,279,33
1,SU-14608,0143071485,2021,4,22,23,4,52,2892600,1309,279,32
1,SU-14608,0143071485,2021,4,22,23,4,52,2893200,1308,279,33
1,SU-14608,0143071485,2021,4,22,23,4,52,2893800,1308,279,33
1,SU-14608,0143071485,2021,4,22,23,4,52,2894400,1307,279,33
1,SU-14608,0143071485,2021,4,22,23,4,52,2895000,1307,279,34
1,SU-14608,0143071485,2021,4,22,23,4,52,2895600,1307,279,33
1,SU-14608,0143071485,2021,4,22,23,4,52,2896200,1307,279,32
1,SU-14608,0143071485,2021,4,22,23,4,52,2896800,1307,279,32
1,SU-14608,0143071485,2021,4,22,23,4,52,2897400,1305,279,32
1,SU-14608,0143071485,2021,4,22,23,4,52,2898000,1306,279,32
1,SU-14608,0143071485,2021,4,22,23,4,52,2898600,1305,279,32
1,SU-14608,0143071485,2021,4,22,23,4,52,2899200,1304,279,32
1,SU-14608,0143071485,2021,4,22,23,4,52,2899800,1303,279,32
1,SU-14608,0143071485,2021,4,22,23,4,52,2900400,1303,279,32
1,SU-14608,0143071485,2021,4,22,23,4,52,2901000,1302,279,32
1,SU-14608,0143071485,2021,4,22,23,4,52,2901600,1301,279,32
1,SU-14608,0143071485,2021,4,22,23,4,52,2902200,1300,279,31
1,SU-14608,0143071485,2021,4,22,23,4,52,2902800,1299,279,32
1,SU-14608,0143071485,2021,4,22,23,4,52,2903400,1298,279,32
1,SU-14608,0143071485,2021,4,22,23,4,52,2904000,1298,279,31
1,SU-14608,0143071485,2021,4,22,23,4,52,2904600,1297,279,32
1,SU-14608,0143071485,2021,4,22,23,4,52,2905200,1295,279,31
1,SU-14608,0143071485,2021,4,22,23,4,52,2905800,1294,279,31
1,SU-14608,0143071485,2021,4,22,23,4,52,2906400,1292,279,32
1,SU-14608,0143071485,2021,4,22,23,4,52,2907000,1291,279,31
1,SU-14608,0143071485,2021,4,22,23,4,52,2907600,1289,279,32
1,SU-14608,0143071485,2021,4,22,23,4,52,2908200,1288,279,31
1,SU-14608,0143071485,2021,4,22,23,4,52,2908800,1286,279,31
1,SU-14608,0143071485,2021,4,22,23,4,52,2909400,1284,279,31
1,SU-14608,0143071485,2021,4,22,23,4,52,2910000,1281,279,31
1,SU-14608,0143071485,2021,4,22,23,4,52,2910600,1278,279,31
1,SU-14608,0143071485,2021,4,22,23,4,52,2911200,1276,279,31
1,SU-14608,0143071485,2021,4,22,23,4,52,2911800,1273,279,32
1,SU-14608,0143071485,2021,4,22,23,4,52,2912400,1270,279,31
1,SU-14608,0143071485,2021,4,22,23,4,52,2913000,1268,279,31
1,SU-14608,0143071485,2021,4,22,23,4,52,2913600,1265,279,32
1,SU-14608,0143071485,2021,4,22,23,4,52,2914200,1263,279,31
1,SU-14608,0143071485,2021,4,22,23,4,52,2914800,1259,279,32
1,SU-14608,0143071485,2021,4,22,23,4,52,2915400,1257,279,31
1,SU-14608,0143071485,2021,4,22,23,4,52,2916000,1255,279,32
1,SU-14608,0143071485,2021,4,22,23,4,52,2916600,1252,279,32
1,SU-14608,0143071485,2021,4,22,23,4,52,2917200,1249,279,31
1,SU-14608,0143071485,2021,4,22,23,4,52,2917800,1247,279,31
1,SU-14608,0143071485,2021,4,22,23,4,52,2918400,1244,279,31
1,SU-14608,0143071485,2021,4,22,23,4,52,2919000,1240,279,31
1,SU-14608,0143071485,2021,4,22,23,4,52,2919600,1238,279,31
1,SU-14608,0143071485,2021,4,22,23,4,52,2920200,1235,279,31
1,SU-14608,0143071485,2021,4,22,23,4,52,2920800,1231,279,31
1,SU-14608,0143071485,2021,4,22,23,4,52,2921400,1229,279,31
1,SU-14608,0143071485,2021,4,22,23,4,52,2922000,1226,279,31
1,SU-14608,0143071485,2021,4,22,23,4,52,2922600,1224,279,31
1,SU-14608,0143071485,2021,4,22,23,4,52,2923200,1221,279,31
1,SU-14608,0143071485,2021,4,22,23,4,52,2923800,1220,279,31
1,SU-14608,0143071485,2021,4,22,23,4,52,2924400,1218,279,31
1,SU-14608,0143071485,2021,4,22,23,4,52,2925000,1216,279,32
1,SU-14608,0143071485,2021,4,22,23,4,52,2925600,1214,279,31
1,SU-14608,0143071485,2021,4,22,23,4,52,2926200,1211,279,31
1,SU-14608,0143071485,2021,4,22,23,4,52,2926800,1209,279,31
1,SU-14608,0143071485,2021,4,22,23,4,52,2927400,1208,279,31
1,SU-14608,0143071485,2021,4,22,23,4,52,2928000,1206,279,31
1,SU-14608,0143071485,2021,4,22,23,4,52,2928600,1205,279,32
1,SU-14608,0143071485,2021,4,22,23,4,52,2929200,1205,279,32
1,SU-14608,0143071485,2021,4,22,23,4,52,2929800,1204,279,31
1,SU-14608,0143071485,2021,4,22,23,4,52,2930400,1204,279,32
1,SU-14608,0143071485,2021,4,22,23,4,52,2931000,1204,279,31
1,SU-14608,0143071485,2021,4,22,23,4,52,2931600,1204,279,32
1,SU-14608,0143071485,2021,4,22,23,4,52,2932200,1206,279,32
1,SU-14608,0143071485,2021,4,22,23,4,52,2932800,1206,279,32
1,SU-14608,0143071485,2021,4,22,23,4,52,2933400,1208,279,31
1,SU-14608,0143071485,2021,4,22,23,4,52,2934000,1209,279,32
1,SU-14608,0143071485,2021,4,22,23,4,52,2934600,1210,279,31
1,SU-14608,0143071485,2021,4,22,23,4,52,2935200,1212,279,31
1,SU-14608,0143071485,2021,4,22,23,4,52,2935800,1215,279,31
1,SU-14608,0143071485,2021,4,22,23,4,52,2936400,1218,279,32
1,SU-14608,0143071485,2021,4,22,23,4,52,2937000,1219,279,31
1,SU-14608,0143071485,2021,4,22,23,4,52,2937600,1222,279,31
1,SU-14608,0143071485,2021,4,22,23,4,52,2938200,1224,279,31
1,SU-14608,0143071485,2021,4,22,23,4,52,2938800,1227,279,31
1,SU-14608,0143071485,2021,4,22,23,4,52,2939400,1232,279,31
1,SU-14608,0143071485,2021,4,22,23,4,52,2940000,1234,279,31
1,SU-14608,0143071485,2021,4,22,23,4,52,2940600,1239,279,31
1,SU-14608,0143071485,2021,4,22,23,4,52,2941200,1243,279,31
1,SU-14608,0143071485,2021,4,22,23,4,52,2941800,1248,279,31
1,SU-14608,0143071485,2021,4,22,23,4,52,2942400,1254,279,31
1,SU-14608,0143071485,2021,4,22,23,4,52,2943000,1258,279,31
1,SU-14608,0143071485,2021,4,22,23,4,52,2943600,1264,279,31
1,SU-14608,0143071485,2021,4,22,23,4,52,2944200,1269,279,31
1,SU-14608,0143071485,2021,4,22,23,4,52,2944800,1276,279,31
1,SU-14608,0143071485,2021,4,22,23,4,52,2945400,1283,279,31
1,SU-14608,0143071485,2021,4,22,23,4,52,2946000,1288,279,30
1,SU-14608,0143071485,2021,4,22,23,4,52,2946600,1296,279,30
1,SU-14608,0143071485,2021,4,22,23,4,52,2947200,1302,279,30
1,SU-14608,0143071485,2021,4,22,23,4,52,2947800,1306,279,30
1,SU-14608,0143071485,2021,4,22,23,4,52,2948400,1309,279,29
1,SU-14608,0143071485,2021,4,22,23,4,52,2949000,1310,279,30
1,SU-14608,0143071485,2021,4,22,23,4,52,2949600,1312,279,30
1,SU-14608,0143071485,2021,4,22,23,4,52,2950200,1313,279,29
1,SU-14608,0143071485,2021,4,22,23,4,52,2950800,1314,279,29
1,SU-14608,0143071485,2021,4,22,23,4,52,2951400,1314,279,28
1,SU-14608,0143071485,2021,4,22,23,4,52,2952000,1315,279,28
1,SU-14608,0143071485,2021,4,22,23,4,52,2952600,1316,279,29
1,SU-14608,0143071485,2021,4,22,23,4,52,2953200,1316,279,28
1,SU-14608,0143071485,2021,4,22,23,4,52,2953800,1318,279,28
1,SU-14608,0143071485,2021,4,22,23,4,52,2954400,1317,279,28
1,SU-14608,0143071485,2021,4,22,23,4,52,2955000,1319,279,28
1,SU-14608,0143071485,2021,4,22,23,4,52,2955600,1319,279,28
1,SU-14608,0143071485,2021,4,22,23,4,52,2956200,1319,279,28
1,SU-14608,0143071485,2021,4,22,23,4,52,2956800,1319,279,28
1,SU-14608,0143071485,2021,4,22,23,4,52,2957400,1319,279,28
1,SU-14608,0143071485,2021,4,22,23,4,52,2958000,1320,279,28
1,SU-14608,0143071485,2021,4,22,23,4,52,2958600,1320,279,28
1,SU-14608,0143071485,2021,4,22,23,4,52,2959200,1320,279,28
1,SU-14608,0143071485,2021,4,22,23,4,52,2959800,1320,279,28
1,SU-14608,0143071485,2021,4,22,23,4,52,2960400,1320,279,28
1,SU-14608,0143071485,2021,4,22,23,4,52,2961000,1320,279,28
1,SU-14608,0143071485,2021,4,22,23,4,52,2961600,1320,279,28
1,SU-14608,0143071485,2021,4,22,23,4,52,2962200,1320,279,28
1,SU-14608,0143071485,2021,4,22,23,4,52,2962800,1320,279,28
1,SU-14608,0143071485,2021,4,22,23,4,52,2963400,1320,279,28
1,SU-14608,0143071485,2021,4,22,23,4,52,2964000,1319,279,28
1,SU-14608,0143071485,2021,4,22,23,4,52,2964600,1320,279,28
1,SU-14608,0143071485,2021,4,22,23,4,52,2965200,1320,279,28
1,SU-14608,0143071485,2021,4,22,23,4,52,2965800,1320,279,28
1,SU-14608,0143071485,2021,4,22,23,4,52,2966400,1320,279,28
1,SU-14608,0143071485,2021,4,22,23,4,52,2967000,1320,279,28
1,SU-14608,0143071485,2021,4,22,23,4,52,2967600,1320,279,28
1,SU-14608,0143071485,2021,4,22,23,4,52,2968200,1320,279,28
1,SU-14608,0143071485,2021,4,22,23,4,52,2968800,1320,279,28
1,SU-14608,0143071485,2021,4,22,23,4,52,2969400,1320,279,27
1,SU-14608,0143071485,2021,4,22,23,4,52,2970000,1321,279,27
1,SU-14608,0143071485,2021,4,22,23,4,52,2970600,1320,279,28
1,SU-14608,0143071485,2021,4,22,23,4,52,2971200,1320,279,27
1,SU-14608,0143071485,2021,4,22,23,4,52,2971800,1320,279,27
1,SU-14608,0143071485,2021,4,22,23,4,52,2972400,1320,279,27
1,SU-14608,0143071485,2021,4,22,23,4,52,2973000,1320,279,27
1,SU-14608,0143071485,2021,4,22,23,4,52,2973600,1320,279,27
1,SU-14608,0143071485,2021,4,22,23,4,52,2974200,1320,279,26
1,SU-14608,0143071485,2021,4,22,23,4,52,2974800,1320,279,27
1,SU-14608,0143071485,2021,4,22,23,4,52,2975400,1320,279,26
1,SU-14608,0143071485,2021,4,22,23,4,52,2976000,1319,279,27
1,SU-14608,0143071485,2021,4,22,23,4,52,2976600,1320,279,26
1,SU-14608,0143071485,2021,4,22,23,4,52,2977200,1319,279,26
1,SU-14608,0143071485,2021,4,22,23,4,52,2977800,1320,279,26
1,SU-14608,0143071485,2021,4,22,23,4,52,2978400,1318,279,26
1,SU-14608,0143071485,2021,4,22,23,4,52,2979000,1318,279,26
1,SU-14608,0143071485,2021,4,22,23,4,52,2979600,1318,279,26
1,SU-14608,0143071485,2021,4,22,23,4,52,2980200,1317,279,26
1,SU-14608,0143071485,2021,4,22,23,4,52,2980800,1317,279,26
1,SU-14608,0143071485,2021,4,22,23,4,52,2981400,1316,279,25
1,SU-14608,0143071485,2021,4,22,23,4,52,2982000,1317,279,25
1,SU-14608,0143071485,2021,4,22,23,4,52,2982600,1316,279,26
1,SU-14608,0143071485,2021,4,22,23,4,52,2983200,1316,279,26
1,SU-14608,0143071485,2021,4,22,23,4,52,2983800,1315,279,25
1,SU-14608,0143071485,2021,4,22,23,4,52,2984400,1315,279,25
1,SU-14608,0143071485,2021,4,22,23,4,52,2985000,1313,279,25
1,SU-14608,0143071485,2021,4,22,23,4,52,2985600,1313,279,25
1,SU-14608,0143071485,2021,4,22,23,4,52,2986200,1313,279,25
1,SU-14608,0143071485,2021,4,22,23,4,52,2986800,1312,279,25
1,SU-14608,0143071485,2021,4,22,23,4,52,2987400,1312,279,25
1,SU-14608,0143071485,2021,4,22,23,4,52,2988000,1311,279,25
1,SU-14608,0143071485,2021,4,22,23,4,52,2988600,1311,279,25
1,SU-14608,0143071485,2021,4,22,23,4,52,2989200,1310,279,25
1,SU-14608,0143071485,2021,4,22,23,4,52,2989800,1309,279,25
1,SU-14608,0143071485,2021,4,22,23,4,52,2990400,1309,279,25
1,SU-14608,0143071485,2021,4,22,23,4,52,2991000,1308,279,25
1,SU-14608,0143071485,2021,4,22,23,4,52,2991600,1307,279,25
1,SU-14608,0143071485,2021,4,22,23,4,52,2992200,1307,279,25
1,SU-14608,0143071485,2021,4,22,23,4,52,2992800,1306,279,25
1,SU-14608,0143071485,2021,4,22,23,4,52,2993400,1306,279,25
1,SU-14608,0143071485,2021,4,22,23,4,52,2994000,1306,279,25
1,SU-14608,0143071485,2021,4,22,23,4,52,2994600,1306,279,25
1,SU-14608,0143071485,2021,4,22,23,4,52,2995200,1305,279,25
1,SU-14608,0143071485,2021,4,22,23,4,52,2995800,1304,279,25
1,SU-14608,0143071485,2021,4,22,23,4,52,2996400,1304,279,25
1,SU-14608,0143071485,2021,4,22,23,4,52,2997000,1302,279,25
1,SU-14608,0143071485,2021,4,22,23,4,52,2997600,1303,279,25
1,SU-14608,0143071485,2021,4,22,23,4,52,2998200,1302,279,25
1,SU-14608,0143071485,2021,4,22,23,4,52,2998800,1302,279,25
1,SU-14608,0143071485,2021,4,22,23,4,52,2999400,1301,279,25
1,SU-14608,0143071485,2021,4,22,23,4,52,3000000,1300,279,25
1,SU-14608,0143071485,2021,4,22,23,4,52,3000600,1299,279,25
1,SU-14608,0143071485,2021,4,22,23,4,52,3001200,1299,279,25
1,SU-14608,0143071485,2021,4,22,23,4,52,3001800,1299,279,25
1,SU-14608,0143071485,2021,4,22,23,4,52,3002400,1299,279,25
1,SU-14608,0143071485,2021,4,22,23,4,52,3003000,1298,279,25
1,SU-14608,0143071485,2021,4,22,23,4,52,3003600,1296,279,25
1,SU-14608,0143071485,2021,4,22,23,4,52,3004200,1296,279,25
1,SU-14608,0143071485,2021,4,22,23,4,52,3004800,1297,279,25
1,SU-14608,0143071485,2021,4,22,23,4,52,3005400,1295,279,25
1,SU-14608,0143071485,2021,4,22,23,4,52,3006000,1296,279,25
1,SU-14608,0143071485,2021,4,22,23,4,52,3006600,1296,279,25
1,SU-14608,0143071485,2021,4,22,23,4,52,3007200,1296,279,25
1,SU-14608,0143071485,2021,4,22,23,4,52,3007800,1297,279,25
1,SU-14608,0143071485,2021,4,22,23,4,52,3008400,1297,279,26
1,SU-14608,0143071485,2021,4,22,23,4,52,3009000,1298,279,25
1,SU-14608,0143071485,2021,4,22,23,4,52,3009600,1298,279,25
1,SU-14608,0143071485,2021,4,22,23,4,52,3010200,1298,279,25
1,SU-14608,0143071485,2021,4,22,23,4,52,3010800,1299,279,25
1,SU-14608,0143071485,2021,4,22,23,4,52,3011400,1300,279,25
1,SU-14608,0143071485,2021,4,22,23,4,52,3012000,1301,279,25
1,SU-14608,0143071485,2021,4,22,23,4,52,3012600,1302,279,25
1,SU-14608,0143071485,2021,4,22,23,4,52,3013200,1302,279,25
1,SU-14608,0143071485,2021,4,22,23,4,52,3013800,1304,279,25
1,SU-14608,0143071485,2021,4,22,23,4,52,3014400,1305,279,26
1,SU-14608,0143071485,2021,4,22,23,4,52,3015000,1307,279,26
1,SU-14608,0143071485,2021,4,22,23,4,52,3015600,1308,279,27
1,SU-14608,0143071485,2021,4,22,23,4,52,3016200,1309,279,26
1,SU-14608,0143071485,2021,4,22,23,4,52,3016800,1310,279,26
1,SU-14608,0143071485,2021,4,22,23,4,52,3017400,1311,279,26
1,SU-14608,0143071485,2021,4,22,23,4,52,3018000,1312,279,26
1,SU-14608,0143071485,2021,4,22,23,4,52,3018600,1313,279,26
1,SU-14608,0143071485,2021,4,22,23,4,52,3019200,1313,279,26
1,SU-14608,0143071485,2021,4,22,23,4,52,3019800,1315,279,26
1,SU-14608,0143071485,2021,4,22,23,4,52,3020400,1316,279,26
1,SU-14608,0143071485,2021,4,22,23,4,52,3021000,1317,279,26
1,SU-14608,0143071485,2021,4,22,23,4,52,3021600,1318,279,26
1,SU-14608,0143071485,2021,4,22,23,4,52,3022200,1319,279,26
1,SU-14608,0143071485,2021,4,22,23,4,52,3022800,1320,279,26
1,SU-14608,0143071485,2021,4,22,23,4,52,3023400,1320,279,25
1,SU-14608,0143071485,2021,4,22,23,4,52,3024000,1320,279,26
1,SU-14608,0143071485,2021,4,22,23,4,52,3024600,1320,279,26
1,SU-14608,0143071485,2021,4,22,23,4,52,3025200,1321,279,25
1,SU-14608,0143071485,2021,4,22,23,4,52,3025800,1322,279,26
1,SU-14608,0143071485,2021,4,22,23,4,52,3026400,1322,279,25
1,SU-14608,0143071485,2021,4,22,23,4,52,3027000,1323,279,25
1,SU-14608,0143071485,2021,4,22,23,4,52,3027600,1324,279,26
1,SU-14608,0143071485,2021,4,22,23,4,52,3028200,1325,279,25
1,SU-14608,0143071485,2021,4,22,23,4,52,3028800,1325,279,26
1,SU-14608,0143071485,2021,4,22,23,4,52,3029400,1325,279,25
1,SU-14608,0143071485,2021,4,22,23,4,52,3030000,1326,279,25
1,SU-14608,0143071485,2021,4,22,23,4,52,3030600,1327,279,26
1,SU-14608,0143071485,2021,4,22,23,4,52,3031200,1327,279,25
1,SU-14608,0143071485,2021,4,22,23,4,52,3031800,1328,279,26
1,SU-14608,0143071485,2021,4,22,23,4,52,3032400,1328,279,25
1,SU-14608,0143071485,2021,4,22,23,4,52,3033000,1328,279,25
1,SU-14608,0143071485,2021,4,22,23,4,52,3033600,1329,279,25
1,SU-14608,0143071485,2021,4,22,23,4,52,3034200,1329,279,25
1,SU-14608,0143071485,2021,4,22,23,4,52,3034800,1329,279,25
1,SU-14608,0143071485,2021,4,22,23,4,52,3035400,1330,279,25
1,SU-14608,0143071485,2021,4,22,23,4,52,3036000,1329,279,25
1,SU-14608,0143071485,2021,4,22,23,4,52,3036600,1330,279,25
1,SU-14608,0143071485,2021,4,22,23,4,52,3037200,1330,279,25
1,SU-14608,0143071485,2021,4,22,23,4,52,3037800,1330,279,25
1,SU-14608,0143071485,2021,4,22,23,4,52,3038400,1331,279,25
1,SU-14608,0143071485,2021,4,22,23,4,52,3039000,1330,279,26
1,SU-14608,0143071485,2021,4,22,23,4,52,3039600,1330,279,26
1,SU-14608,0143071485,2021,4,22,23,4,52,3040200,1330,279,26
1,SU-14608,0143071485,2021,4,22,23,4,52,3040800,1330,279,26
1,SU-14608,0143071485,2021,4,22,23,4,52,3041400,1331,279,27
1,SU-14608,0143071485,2021,4,22,23,4,52,3042000,1330,279,28
1,SU-14608,0143071485,2021,4,22,23,4,52,3042600,1331,279,28
1,SU-14608,0143071485,2021,4,22,23,4,52,3043200,1330,279,29
1,SU-14608,0143071485,2021,4,22,23,4,52,3043800,1330,279,29
1,SU-14608,0143071485,2021,4,22,23,4,52,3044400,1331,279,30
1,SU-14608,0143071485,2021,4,22,23,4,52,3045000,1331,279,31
1,SU-14608,0143071485,2021,4,22,23,4,52,3045600,1330,279,31
1,SU-14608,0143071485,2021,4,22,23,4,52,3046200,1331,279,33
1,SU-14608,0143071485,2021,4,22,23,4,52,3046800,1330,279,33
1,SU-14608,0143071485,2021,4,22,23,4,52,3047400,1330,279,34
1,SU-14608,0143071485,2021,4,22,23,4,52,3048000,1330,279,34
1,SU-14608,0143071485,2021,4,22,23,4,52,3048600,1330,279,33
1,SU-14608,0143071485,2021,4,22,23,4,52,3049200,1329,279,34
1,SU-14608,0143071485,2021,4,22,23,4,52,3049800,1330,279,34
1,SU-14608,0143071485,2021,4,22,23,4,52,3050400,1330,279,33
1,SU-14608,0143071485,2021,4,22,23,4,52,3051000,1330,279,33
1,SU-14608,0143071485,2021,4,22,23,4,52,3051600,1329,279,34
1,SU-14608,0143071485,2021,4,22,23,4,52,3052200,1330,279,33
1,SU-14608,0143071485,2021,4,22,23,4,52,3052800,1330,279,32
1,SU-14608,0143071485,2021,4,22,23,4,52,3053400,1329,279,31
1,SU-14608,0143071485,2021,4,22,23,4,52,3054000,1329,279,31
1,SU-14608,0143071485,2021,4,22,23,4,52,3054600,1328,279,31
1,SU-14608,0143071485,2021,4,22,23,4,52,3055200,1328,279,29
1,SU-14608,0143071485,2021,4,22,23,4,52,3055800,1329,279,29
1,SU-14608,0143071485,2021,4,22,23,4,52,3056400,1328,279,29
1,SU-14608,0143071485,2021,4,22,23,4,52,3057000,1327,279,28
1,SU-14608,0143071485,2021,4,22,23,4,52,3057600,1327,279,28
1,SU-14608,0143071485,2021,4,22,23,4,52,3058200,1326,279,28
1,SU-14608,0143071485,2021,4,22,23,4,52,3058800,1326,279,28
1,SU-14608,0143071485,2021,4,22,23,4,52,3059400,1326,279,27
1,SU-14608,0143071485,2021,4,22,23,4,52,3060000,1325,279,27
1,SU-14608,0143071485,2021,4,22,23,4,52,3060600,1326,279,27
1,SU-14608,0143071485,2021,4,22,23,4,52,3061200,1325,279,26
1,SU-14608,0143071485,2021,4,22,23,4,52,3061800,1325,279,26
1,SU-14608,0143071485,2021,4,22,23,4,52,3062400,1325,279,26
1,SU-14608,0143071485,2021,4,22,23,4,52,3063000,1324,279,26
1,SU-14608,0143071485,2021,4,22,23,4,52,3063600,1323,279,25
1,SU-14608,0143071485,2021,4,22,23,4,52,3064200,1322,279,26
1,SU-14608,0143071485,2021,4,22,23,4,52,3064800,1322,279,26
1,SU-14608,0143071485,2021,4,22,23,4,52,3065400,1322,279,25
1,SU-14608,0143071485,2021,4,22,23,4,52,3066000,1320,279,25
1,SU-14608,0143071485,2021,4,22,23,4,52,3066600,1321,279,25
1,SU-14608,0143071485,2021,4,22,23,4,52,3067200,1320,279,25
1,SU-14608,0143071485,2021,4,22,23,4,52,3067800,1320,279,25
1,SU-14608,0143071485,2021,4,22,23,4,52,3068400,1320,279,25
1,SU-14608,0143071485,2021,4,22,23,4,52,3069000,1319,279,25
1,SU-14608,0143071485,2021,4,22,23,4,52,3069600,1319,279,25
1,SU-14608,0143071485,2021,4,22,23,4,52,3070200,1317,279,25
1,SU-14608,0143071485,2021,4,22,23,4,52,3070800,1317,279,25
1,SU-14608,0143071485,2021,4,22,23,4,52,3071400,1316,279,25
1,SU-14608,0143071485,2021,4,22,23,4,52,3072000,1316,279,25
1,SU-14608,0143071485,2021,4,22,23,4,52,3072600,1315,279,24
1,SU-14608,0143071485,2021,4,22,23,4,52,3073200,1315,279,24
1,SU-14608,0143071485,2021,4,22,23,4,52,3073800,1314,279,24
1,SU-14608,0143071485,2021,4,22,23,4,52,3074400,1313,279,25
1,SU-14608,0143071485,2021,4,22,23,4,52,3075000,1312,279,25
1,SU-14608,0143071485,2021,4,22,23,4,52,3075600,1311,279,25
1,SU-14608,0143071485,2021,4,22,23,4,52,3076200,1311,279,25
1,SU-14608,0143071485,2021,4,22,23,4,52,3076800,1310,279,24
1,SU-14608,0143071485,2021,4,22,23,4,52,3077400,1310,279,25
1,SU-14608,0143071485,2021,4,22,23,4,52,3078000,1310,279,24
1,SU-14608,0143071485,2021,4,22,23,4,52,3078600,1309,279,24
1,SU-14608,0143071485,2021,4,22,23,4,52,3079200,1308,279,23
1,SU-14608,0143071485,2021,4,22,23,4,52,3079800,1308,279,24
1,SU-14608,0143071485,2021,4,22,23,4,52,3080400,1307,279,23
1,SU-14608,0143071485,2021,4,22,23,4,52,3081000,1306,279,24
1,SU-14608,0143071485,2021,4,22,23,4,52,3081600,1306,279,23
1,SU-14608,0143071485,2021,4,22,23,4,52,3082200,1305,279,24
1,SU-14608,0143071485,2021,4,22,23,4,52,3082800,1305,279,23
1,SU-14608,0143071485,2021,4,22,23,4,52,3083400,1304,279,24
1,SU-14608,0143071485,2021,4,22,23,4,52,3084000,1304,279,23
1,SU-14608,0143071485,2021,4,22,23,4,52,3084600,1303,279,23
1,SU-14608,0143071485,2021,4,22,23,4,52,3085200,1303,279,25
1,SU-14608,0143071485,2021,4,22,23,4,52,3085800,1302,279,24
1,SU-14608,0143071485,2021,4,22,23,4,52,3086400,1302,279,24
1,SU-14608,0143071485,2021,4,22,23,4,52,3087000,1301,279,24
1,SU-14608,0143071485,2021,4,22,23,4,52,3087600,1300,279,23
1,SU-14608,0143071485,2021,4,22,23,4,52,3088200,1300,279,24
1,SU-14608,0143071485,2021,4,22,23,4,52,3088800,1299,279,24
1,SU-14608,0143071485,2021,4,22,23,4,52,3089400,1299,279,23
1,SU-14608,0143071485,2021,4,22,23,4,52,3090000,1298,279,24
1,SU-14608,0143071485,2021,4,22,23,4,52,3090600,1298,279,24
1,SU-14608,0143071485,2021,4,22,23,4,52,3091200,1296,279,23
1,SU-14608,0143071485,2021,4,22,23,4,52,3091800,1296,279,24
1,SU-14608,0143071485,2021,4,22,23,4,52,3092400,1295,279,24
1,SU-14608,0143071485,2021,4,22,23,4,52,3093000,1295,279,24
1,SU-14608,0143071485,2021,4,22,23,4,52,3093600,1294,279,25
1,SU-14608,0143071485,2021,4,22,23,4,52,3094200,1295,279,24
1,SU-14608,0143071485,2021,4,22,23,4,52,3094800,1294,279,24
1,SU-14608,0143071485,2021,4,22,23,4,52,3095400,1294,279,24
1,SU-14608,0143071485,2021,4,22,23,4,52,3096000,1293,279,24
1,SU-14608,0143071485,2021,4,22,23,4,52,3096600,1293,279,24
1,SU-14608,0143071485,2021,4,22,23,4,52,3097200,1293,279,24
1,SU-14608,0143071485,2021,4,22,23,4,52,3097800,1293,279,23
1,SU-14608,0143071485,2021,4,22,23,4,52,3098400,1293,279,24
1,SU-14608,0143071485,2021,4,22,23,4,52,3099000,1294,279,24
1,SU-14608,0143071485,2021,4,22,23,4,52,3099600,1294,279,24
1,SU-14608,0143071485,2021,4,22,23,4,52,3100200,1295,279,24
1,SU-14608,0143071485,2021,4,22,23,4,52,3100800,1296,279,25
1,SU-14608,0143071485,2021,4,22,23,4,52,3101400,1296,279,25
1,SU-14608,0143071485,2021,4,22,23,4,52,3102000,1297,279,25
1,SU-14608,0143071485,2021,4,22,23,4,52,3102600,1297,279,24
1,SU-14608,0143071485,2021,4,22,23,4,52,3103200,1298,279,24
1,SU-14608,0143071485,2021,4,22,23,4,52,3103800,1299,279,25
1,SU-14608,0143071485,2021,4,22,23,4,52,3104400,1299,279,24
1,SU-14608,0143071485,2021,4,22,23,4,52,3105000,1301,279,25
1,SU-14608,0143071485,2021,4,22,23,4,52,3105600,1301,279,25
1,SU-14608,0143071485,2021,4,22,23,4,52,3106200,1302,279,24
1,SU-14608,0143071485,2021,4,22,23,4,52,3106800,1303,279,25
1,SU-14608,0143071485,2021,4,22,23,4,52,3107400,1304,279,24
1,SU-14608,0143071485,2021,4,22,23,4,52,3108000,1304,279,25
1,SU-14608,0143071485,2021,4,22,23,4,52,3108600,1305,279,25
1,SU-14608,0143071485,2021,4,22,23,4,52,3109200,1306,279,25
1,SU-14608,0143071485,2021,4,22,23,4,52,3109800,1306,279,25
1,SU-14608,0143071485,2021,4,22,23,4,52,3110400,1306,279,25
1,SU-14608,0143071485,2021,4,22,23,4,52,3111000,1307,279,25
1,SU-14608,0143071485,2021,4,22,23,4,52,3111600,1308,279,25
1,SU-14608,0143071485,2021,4,22,23,4,52,3112200,1308,279,25
1,SU-14608,0143071485,2021,4,22,23,4,52,3112800,1308,279,25
1,SU-14608,0143071485,2021,4,22,23,4,52,3113400,1308,279,25
1,SU-14608,0143071485,2021,4,22,23,4,52,3114000,1310,279,25
1,SU-14608,0143071485,2021,4,22,23,4,52,3114600,1310,279,25
1,SU-14608,0143071485,2021,4,22,23,4,52,3115200,1311,279,25
1,SU-14608,0143071485,2021,4,22,23,4,52,3115800,1310,279,25
1,SU-14608,0143071485,2021,4,22,23,4,52,3116400,1311,279,25
1,SU-14608,0143071485,2021,4,22,23,4,52,3117000,1310,279,25
1,SU-14608,0143071485,2021,4,22,23,4,52,3117600,1311,279,25
1,SU-14608,0143071485,2021,4,22,23,4,52,3118200,1311,279,25
1,SU-14608,0143071485,2021,4,22,23,4,52,3118800,1312,279,25
1,SU-14608,0143071485,2021,4,22,23,4,52,3119400,1312,279,25
1,SU-14608,0143071485,2021,4,22,23,4,52,3120000,1312,279,25
1,SU-14608,0143071485,2021,4,22,23,4,52,3120600,1312,279,25
1,SU-14608,0143071485,2021,4,22,23,4,52,3121200,1312,279,25
1,SU-14608,0143071485,2021,4,22,23,4,52,3121800,1312,279,25
1,SU-14608,0143071485,2021,4,22,23,4,52,3122400,1312,279,25
1,SU-14608,0143071485,2021,4,22,23,4,52,3123000,1312,279,25
1,SU-14608,0143071485,2021,4,22,23,4,52,3123600,1313,279,25
1,SU-14608,0143071485,2021,4,22,23,4,52,3124200,1313,279,24
1,SU-14608,0143071485,2021,4,22,23,4,52,3124800,1313,279,24
1,SU-14608,0143071485,2021,4,22,23,4,52,3125400,1313,279,25
1,SU-14608,0143071485,2021,4,22,23,4,52,3126000,1313,279,24
1,SU-14608,0143071485,2021,4,22,23,4,52,3126600,1313,279,24
1,SU-14608,0143071485,2021,4,22,23,4,52,3127200,1314,279,24
1,SU-14608,0143071485,2021,4,22,23,4,52,3127800,1313,279,24
1,SU-14608,0143071485,2021,4,22,23,4,52,3128400,1314,279,23
1,SU-14608,0143071485,2021,4,22,23,4,52,3129000,1314,279,24
1,SU-14608,0143071485,2021,4,22,23,4,52,3129600,1313,279,24
1,SU-14608,0143071485,2021,4,22,23,4,52,3130200,1313,279,24
1,SU-14608,0143071485,2021,4,22,23,4,52,3130800,1312,279,23
1,SU-14608,0143071485,2021,4,22,23,4,52,3131400,1313,279,24
1,SU-14608,0143071485,2021,4,22,23,4,52,3132000,1313,279,24
1,SU-14608,0143071485,2021,4,22,23,4,52,3132600,1313,279,23
1,SU-14608,0143071485,2021,4,22,23,4,52,3133200,1313,279,23
1,SU-14608,0143071485,2021,4,22,23,4,52,3133800,1313,279,24
1,SU-14608,0143071485,2021,4,22,23,4,52,3134400,1314,279,22
1,SU-14608,0143071485,2021,4,22,23,4,52,3135000,1313,279,23
1,SU-14608,0143071485,2021,4,22,23,4,52,3135600,1313,279,23
1,SU-14608,0143071485,2021,4,22,23,4,52,3136200,1312,279,23
1,SU-14608,0143071485,2021,4,22,23,4,52,3136800,1312,279,22
1,SU-14608,0143071485,2021,4,22,23,4,52,3137400,1312,279,24
1,SU-14608,0143071485,2021,4,22,23,4,52,3138000,1312,279,24
1,SU-14608,0143071485,2021,4,22,23,4,52,3138600,1312,279,23
1,SU-14608,0143071485,2021,4,22,23,4,52,3139200,1312,279,23
1,SU-14608,0143071485,2021,4,22,23,4,52,3139800,1312,279,22
1,SU-14608,0143071485,2021,4,22,23,4,52,3140400,1312,279,23
1,SU-14608,0143071485,2021,4,22,23,4,52,3141000,1312,279,23
1,SU-14608,0143071485,2021,4,22,23,4,52,3141600,1312,279,22
1,SU-14608,0143071485,2021,4,22,23,4,52,3142200,1312,279,23
1,SU-14608,0143071485,2021,4,22,23,4,52,3142800,1312,279,23
1,SU-14608,0143071485,2021,4,22,23,4,52,3143400,1312,279,22
1,SU-14608,0143071485,2021,4,22,23,4,52,3144000,1311,279,22
1,SU-14608,0143071485,2021,4,22,23,4,52,3144600,1311,279,22
1,SU-14608,0143071485,2021,4,22,23,4,52,3145200,1311,279,23
1,SU-14608,0143071485,2021,4,22,23,4,52,3145800,1311,279,22
1,SU-14608,0143071485,2021,4,22,23,4,52,3146400,1311,279,22
1,SU-14608,0143071485,2021,4,22,23,4,52,3147000,1311,279,23
1,SU-14608,0143071485,2021,4,22,23,4,52,3147600,1310,279,23
1,SU-14608,0143071485,2021,4,22,23,4,52,3148200,1310,279,22
1,SU-14608,0143071485,2021,4,22,23,4,52,3148800,1309,279,22
1,SU-14608,0143071485,2021,4,22,23,4,52,3149400,1309,279,22
1,SU-14608,0143071485,2021,4,22,23,4,52,3150000,1309,279,22
1,SU-14608,0143071485,2021,4,22,23,4,52,3150600,1309,279,22
1,SU-14608,0143071485,2021,4,22,23,4,52,3151200,1308,279,22
1,SU-14608,0143071485,2021,4,22,23,4,52,3151800,1309,279,22
1,SU-14608,0143071485,2021,4,22,23,4,52,3152400,1308,279,22
1,SU-14608,0143071485,2021,4,22,23,4,52,3153000,1307,279,22
1,SU-14608,0143071485,2021,4,22,23,4,52,3153600,1307,279,22
1,SU-14608,0143071485,2021,4,22,23,4,52,3154200,1306,279,22
1,SU-14608,0143071485,2021,4,22,23,4,52,3154800,1306,279,22
1,SU-14608,0143071485,2021,4,22,23,4,52,3155400,1306,279,22
1,SU-14608,0143071485,2021,4,22,23,4,52,3156000,1305,279,22
1,SU-14608,0143071485,2021,4,22,23,4,52,3156600,1306,279,22
1,SU-14608,0143071485,2021,4,22,23,4,52,3157200,1305,279,22
1,SU-14608,0143071485,2021,4,22,23,4,52,3157800,1305,279,22
1,SU-14608,0143071485,2021,4,22,23,4,52,3158400,1304,279,22
1,SU-14608,0143071485,2021,4,22,23,4,52,3159000,1305,279,22
1,SU-14608,0143071485,2021,4,22,23,4,52,3159600,1303,279,22
1,SU-14608,0143071485,2021,4,22,23,4,52,3160200,1303,279,22
1,SU-14608,0143071485,2021,4,22,23,4,52,3160800,1303,279,22
1,SU-14608,0143071485,2021,4,22,23,4,52,3161400,1304,279,22
1,SU-14608,0143071485,2021,4,22,23,4,52,3162000,1304,279,22
1,SU-14608,0143071485,2021,4,22,23,4,52,3162600,1303,279,22
1,SU-14608,0143071485,2021,4,22,23,4,52,3163200,1302,279,22
1,SU-14608,0143071485,2021,4,22,23,4,52,3163800,1302,279,22
1,SU-14608,0143071485,2021,4,22,23,4,52,3164400,1301,279,22
1,SU-14608,0143071485,2021,4,22,23,4,52,3165000,1300,279,22
1,SU-14608,0143071485,2021,4,22,23,4,52,3165600,1301,279,22
1,SU-14608,0143071485,2021,4,22,23,4,52,3166200,1299,279,22
1,SU-14608,0143071485,2021,4,22,23,4,52,3166800,1298,279,22
1,SU-14608,0143071485,2021,4,22,23,4,52,3167400,1298,279,22
1,SU-14608,0143071485,2021,4,22,23,4,52,3168000,1297,279,22
1,SU-14608,0143071485,2021,4,22,23,4,52,3168600,1297,279,22
1,SU-14608,0143071485,2021,4,22,23,4,52,3169200,1296,279,22
1,SU-14608,0143071485,2021,4,22,23,4,52,3169800,1295,279,22
1,SU-14608,0143071485,2021,4,22,23,4,52,3170400,1295,279,22
1,SU-14608,0143071485,2021,4,22,23,4,52,3171000,1295,279,22
1,SU-14608,0143071485,2021,4,22,23,4,52,3171600,1297,279,22
1,SU-14608,0143071485,2021,4,22,23,4,52,3172200,1299,279,22
1,SU-14608,0143071485,2021,4,22,23,4,52,3172800,1301,279,23
1,SU-14608,0143071485,2021,4,22,23,4,52,3173400,1304,279,22
1,SU-14608,0143071485,2021,4,22,23,4,52,3174000,1308,279,23
1,SU-14608,0143071485,2021,4,22,23,4,52,3174600,1313,279,22
1,SU-14608,0143071485,2021,4,22,23,4,52,3175200,1318,279,22
1,SU-14608,0143071485,2021,4,22,23,4,52,3175800,1328,279,23
1,SU-14608,0143071485,2021,4,22,23,4,52,3176400,1337,279,22
1,SU-14608,0143071485,2021,4,22,23,4,52,3177000,1348,279,23
1,SU-14608,0143071485,2021,4,22,23,4,52,3177600,1360,279,22
1,SU-14608,0143071485,2021,4,22,23,4,52,3178200,1370,279,22
1,SU-14608,0143071485,2021,4,22,23,4,52,3178800,1378,279,22
1,SU-14608,0143071485,2021,4,22,23,4,52,3179400,1386,279,22
1,SU-14608,0143071485,2021,4,22,23,4,52,3180000,1394,279,24
1,SU-14608,0143071485,2021,4,22,23,4,52,3180600,1400,279,24
1,SU-14608,0143071485,2021,4,22,23,4,52,3181200,1408,279,24
1,SU-14608,0143071485,2021,4,22,23,4,52,3181800,1415,279,24
1,SU-14608,0143071485,2021,4,22,23,4,52,3182400,1421,279,24
1,SU-14608,0143071485,2021,4,22,23,4,52,3183000,1426,279,25
1,SU-14608,0143071485,2021,4,22,23,4,52,3183600,1431,279,24
1,SU-14608,0143071485,2021,4,22,23,4,52,3184200,1434,279,25
1,SU-14608,0143071485,2021,4,22,23,4,52,3184800,1438,279,26
1,SU-14608,0143071485,2021,4,22,23,4,52,3185400,1440,279,25
1,SU-14608,0143071485,2021,4,22,23,4,52,3186000,1442,279,26
1,SU-14608,0143071485,2021,4,22,23,4,52,3186600,1491,279,28
1,SU-14608,0143071485,2021,4,22,23,4,52,3187200,1555,279,26
1,SU-14608,0143071485,2021,4,22,23,4,52,3187800,1578,279,33
1,SU-14608,0143071485,2021,4,22,23,4,52,3188400,1586,279,36
1,SU-14608,0143071485,2021,4,22,23,4,52,3189000,1588,279,33
1,SU-14608,0143071485,2021,4,22,23,4,52,3189600,1585,279,29
1,SU-14608,0143071485,2021,4,22,23,4,52,3190200,1581,279,26
1,SU-14608,0143071485,2021,4,22,23,4,52,3190800,1576,279,25
1,SU-14608,0143071485,2021,4,22,23,4,52,3191400,1568,279,23
1,SU-14608,0143071485,2021,4,22,23,4,52,3192000,1558,279,22
1,SU-14608,0143071485,2021,4,22,23,4,52,3192600,1548,279,22
1,SU-14608,0143071485,2021,4,22,23,4,52,3193200,1540,279,22
1,SU-14608,0143071485,2021,4,22,23,4,52,3193800,1533,279,10
1,SU-14608,0143071485,2021,4,22,23,4,52,3194400,1527,279,10
1,SU-14608,0143071485,2021,4,22,23,4,52,3195000,1521,279,09
1,SU-14608,0143071485,2021,4,22,23,4,52,3195600,1514,279,08
1,SU-14608,0143071485,2021,4,22,23,4,52,3196200,1508,279,09
1,SU-14608,0143071485,2021,4,22,23,4,52,3196800,1503,279,08
1,SU-14608,0143071485,2021,4,22,23,4,52,3197400,1498,279,08
1,SU-14608,0143071485,2021,4,22,23,4,52,3198000,1493,279,08
1,SU-14608,0143071485,2021,4,22,23,4,52,3198600,1487,279,08
1,SU-14608,0143071485,2021,4,22,23,4,52,3199200,1482,279,08
1,SU-14608,0143071485,2021,4,22,23,4,52,3199800,1478,279,08
1,SU-14608,0143071485,2021,4,22,23,4,52,3200400,1473,279,08
1,SU-14608,0143071485,2021,4,22,23,4,52,3201000,1469,279,08
1,SU-14608,0143071485,2021,4,22,23,4,52,3201600,1465,279,09
1,SU-14608,0143071485,2021,4,22,23,4,52,3202200,1461,279,08
1,SU-14608,0143071485,2021,4,22,23,4,52,3202800,1457,279,09
1,SU-14608,0143071485,2021,4,22,23,4,52,3203400,1454,279,09
1,SU-14608,0143071485,2021,4,22,23,4,52,3204000,1451,279,09
1,SU-14608,0143071485,2021,4,22,23,4,52,3204600,1448,279,09
1,SU-14608,0143071485,2021,4,22,23,4,52,3205200,1446,279,10
1,SU-14608,0143071485,2021,4,22,23,4,52,3205800,1443,279,10
1,SU-14608,0143071485,2021,4,22,23,4,52,3206400,1441,279,10
1,SU-14608,0143071485,2021,4,22,23,4,52,3207000,1441,279,10
1,SU-14608,0143071485,2021,4,22,23,4,52,3207600,1440,279,10
1,SU-14608,0143071485,2021,4,22,23,4,52,3208200,1440,279,10
1,SU-14608,0143071485,2021,4,22,23,4,52,3208800,1439,279,10
1,SU-14608,0143071485,2021,4,22,23,4,52,3209400,1439,279,21
1,SU-14608,0143071485,2021,4,22,23,4,52,3210000,1437,279,10
1,SU-14608,0143071485,2021,4,22,23,4,52,3210600,1437,279,21
1,SU-14608,0143071485,2021,4,22,23,4,52,3211200,1436,279,22
1,SU-14608,0143071485,2021,4,22,23,4,52,3211800,1435,279,21
1,SU-14608,0143071485,2021,4,22,23,4,52,3212400,1434,279,22
1,SU-14608,0143071485,2021,4,22,23,4,52,3213000,1432,279,22
1,SU-14608,0143071485,2021,4,22,23,4,52,3213600,1432,279,22
1,SU-14608,0143071485,2021,4,22,23,4,52,3214200,1431,279,22
1,SU-14608,0143071485,2021,4,22,23,4,52,3214800,1431,279,22
1,SU-14608,0143071485,2021,4,22,23,4,52,3215400,1431,279,23
1,SU-14608,0143071485,2021,4,22,23,4,52,3216000,1431,279,23
1,SU-14608,0143071485,2021,4,22,23,4,52,3216600,1430,279,23
1,SU-14608,0143071485,2021,4,22,23,4,52,3217200,1430,279,24
1,SU-14608,0143071485,2021,4,22,23,4,52,3217800,1431,279,25
1,SU-14608,0143071485,2021,4,22,23,4,52,3218400,1431,279,23
1,SU-14608,0143071485,2021,4,22,23,4,52,3219000,1430,279,24
1,SU-14608,0143071485,2021,4,22,23,4,52,3219600,1431,279,25
1,SU-14608,0143071485,2021,4,22,23,4,52,3220200,1431,279,25
1,SU-14608,0143071485,2021,4,22,23,4,52,3220800,1430,279,25
1,SU-14608,0143071485,2021,4,22,23,4,52,3221400,1431,279,25
1,SU-14608,0143071485,2021,4,22,23,4,52,3222000,1430,279,25
1,SU-14608,0143071485,2021,4,22,23,4,52,3222600,1430,279,25
1,SU-14608,0143071485,2021,4,22,23,4,52,3223200,1430,279,25
1,SU-14608,0143071485,2021,4,22,23,4,52,3223800,1429,279,25
1,SU-14608,0143071485,2021,4,22,23,4,52,3224400,1429,279,25
1,SU-14608,0143071485,2021,4,22,23,4,52,3225000,1430,279,25
1,SU-14608,0143071485,2021,4,22,23,4,52,3225600,1430,279,25
1,SU-14608,0143071485,2021,4,22,23,4,52,3226200,1429,279,25
1,SU-14608,0143071485,2021,4,22,23,4,52,3226800,1428,279,25
1,SU-14608,0143071485,2021,4,22,23,4,52,3227400,1429,279,24
1,SU-14608,0143071485,2021,4,22,23,4,52,3228000,1429,279,24
1,SU-14608,0143071485,2021,4,22,23,4,52,3228600,1428,279,23
1,SU-14608,0143071485,2021,4,22,23,4,52,3229200,1427,279,23
1,SU-14608,0143071485,2021,4,22,23,4,52,3229800,1427,279,22
1,SU-14608,0143071485,2021,4,22,23,4,52,3230400,1426,279,23
1,SU-14608,0143071485,2021,4,22,23,4,52,3231000,1426,279,22
1,SU-14608,0143071485,2021,4,22,23,4,52,3231600,1425,279,22
1,SU-14608,0143071485,2021,4,22,23,4,52,3232200,1425,279,22
1,SU-14608,0143071485,2021,4,22,23,4,52,3232800,1423,279,22
1,SU-14608,0143071485,2021,4,22,23,4,52,3233400,1423,279,22
1,SU-14608,0143071485,2021,4,22,23,4,52,3234000,1422,279,22
1,SU-14608,0143071485,2021,4,22,23,4,52,3234600,1420,279,22
1,SU-14608,0143071485,2021,4,22,23,4,52,3235200,1420,279,21
1,SU-14608,0143071485,2021,4,22,23,4,52,3235800,1419,279,22
1,SU-14608,0143071485,2021,4,22,23,4,52,3236400,1418,279,21
1,SU-14608,0143071485,2021,4,22,23,4,52,3237000,1417,279,21
1,SU-14608,0143071485,2021,4,22,23,4,52,3237600,1417,279,21
1,SU-14608,0143071485,2021,4,22,23,4,52,3238200,1416,279,22
1,SU-14608,0143071485,2021,4,22,23,4,52,3238800,1414,279,21
1,SU-14608,0143071485,2021,4,22,23,4,52,3239400,1412,279,22
1,SU-14608,0143071485,2021,4,22,23,4,52,3240000,1412,279,22
1,SU-14608,0143071485,2021,4,22,23,4,52,3240600,1412,279,22
1,SU-14608,0143071485,2021,4,22,23,4,52,3241200,1412,279,22
1,SU-14608,0143071485,2021,4,22,23,4,52,3241800,1411,279,21
1,SU-14608,0143071485,2021,4,22,23,4,52,3242400,1410,279,22
1,SU-14608,0143071485,2021,4,22,23,4,52,3243000,1408,279,22
1,SU-14608,0143071485,2021,4,22,23,4,52,3243600,1408,279,22
1,SU-14608,0143071485,2021,4,22,23,4,52,3244200,1407,279,22
1,SU-14608,0143071485,2021,4,22,23,4,52,3244800,1406,279,22
1,SU-14608,0143071485,2021,4,22,23,4,52,3245400,1405,279,22
1,SU-14608,0143071485,2021,4,22,23,4,52,3246000,1404,279,23
1,SU-14608,0143071485,2021,4,22,23,4,52,3246600,1403,279,23
1,SU-14608,0143071485,2021,4,22,23,4,52,3247200,1401,279,23
1,SU-14608,0143071485,2021,4,22,23,4,52,3247800,1401,279,23
1,SU-14608,0143071485,2021,4,22,23,4,52,3248400,1400,279,23
1,SU-14608,0143071485,2021,4,22,23,4,52,3249000,1399,279,23
1,SU-14608,0143071485,2021,4,22,23,4,52,3249600,1398,279,23
1,SU-14608,0143071485,2021,4,22,23,4,52,3250200,1397,279,23
1,SU-14608,0143071485,2021,4,22,23,4,52,3250800,1397,279,23
1,SU-14608,0143071485,2021,4,22,23,4,52,3251400,1397,279,24
1,SU-14608,0143071485,2021,4,22,23,4,52,3252000,1395,279,25
1,SU-14608,0143071485,2021,4,22,23,4,52,3252600,1394,279,24
1,SU-14608,0143071485,2021,4,22,23,4,52,3253200,1394,279,24
1,SU-14608,0143071485,2021,4,22,23,4,52,3253800,1394,279,25
1,SU-14608,0143071485,2021,4,22,23,4,52,3254400,1393,279,25
1,SU-14608,0143071485,2021,4,22,23,4,52,3255000,1393,279,25
1,SU-14608,0143071485,2021,4,22,23,4,52,3255600,1393,279,25
1,SU-14608,0143071485,2021,4,22,23,4,52,3256200,1392,279,25
1,SU-14608,0143071485,2021,4,22,23,4,52,3256800,1392,279,25
1,SU-14608,0143071485,2021,4,22,23,4,52,3257400,1392,279,25
1,SU-14608,0143071485,2021,4,22,23,4,52,3258000,1391,279,25
1,SU-14608,0143071485,2021,4,22,23,4,52,3258600,1390,279,25
1,SU-14608,0143071485,2021,4,22,23,4,52,3259200,1391,279,25
1,SU-14608,0143071485,2021,4,22,23,4,52,3259800,1390,279,25
1,SU-14608,0143071485,2021,4,22,23,4,52,3260400,1390,279,25
1,SU-14608,0143071485,2021,4,22,23,4,52,3261000,1391,279,25
1,SU-14608,0143071485,2021,4,22,23,4,52,3261600,1390,279,25
1,SU-14608,0143071485,2021,4,22,23,4,52,3262200,1390,279,25
1,SU-14608,0143071485,2021,4,22,23,4,52,3262800,1390,279,25
1,SU-14608,0143071485,2021,4,22,23,4,52,3263400,1390,279,25
1,SU-14608,0143071485,2021,4,22,23,4,52,3264000,1389,279,25
1,SU-14608,0143071485,2021,4,22,23,4,52,3264600,1389,279,24
1,SU-14608,0143071485,2021,4,22,23,4,52,3265200,1389,279,24
1,SU-14608,0143071485,2021,4,22,23,4,52,3265800,1390,279,24
1,SU-14608,0143071485,2021,4,22,23,4,52,3266400,1390,279,24
1,SU-14608,0143071485,2021,4,22,23,4,52,3267000,1389,279,24
1,SU-14608,0143071485,2021,4,22,23,4,52,3267600,1389,279,23
1,SU-14608,0143071485,2021,4,22,23,4,52,3268200,1389,279,22
1,SU-14608,0143071485,2021,4,22,23,4,52,3268800,1390,279,22
1,SU-14608,0143071485,2021,4,22,23,4,52,3269400,1390,279,22
1,SU-14608,0143071485,2021,4,22,23,4,52,3270000,1391,279,22
1,SU-14608,0143071485,2021,4,22,23,4,52,3270600,1391,279,22
1,SU-14608,0143071485,2021,4,22,23,4,52,3271200,1391,279,21
1,SU-14608,0143071485,2021,4,22,23,4,52,3271800,1391,279,21
1,SU-14608,0143071485,2021,4,22,23,4,52,3272400,1391,279,22
1,SU-14608,0143071485,2021,4,22,23,4,52,3273000,1392,279,21
1,SU-14608,0143071485,2021,4,22,23,4,52,3273600,1392,279,21
1,SU-14608,0143071485,2021,4,22,23,4,52,3274200,1392,279,21
1,SU-14608,0143071485,2021,4,22,23,4,52,3274800,1393,279,21
1,SU-14608,0143071485,2021,4,22,23,4,52,3275400,1393,279,21
1,SU-14608,0143071485,2021,4,22,23,4,52,3276000,1393,279,21
1,SU-14608,0143071485,2021,4,22,23,4,52,3276600,1393,279,21
1,SU-14608,0143071485,2021,4,22,23,4,52,3277200,1392,279,10
1,SU-14608,0143071485,2021,4,22,23,4,52,3277800,1393,279,21
1,SU-14608,0143071485,2021,4,22,23,4,52,3278400,1392,279,10
1,SU-14608,0143071485,2021,4,22,23,4,52,3279000,1393,279,10
1,SU-14608,0143071485,2021,4,22,23,4,52,3279600,1392,279,10
1,SU-14608,0143071485,2021,4,22,23,4,52,3280200,1392,279,10
1,SU-14608,0143071485,2021,4,22,23,4,52,3280800,1393,279,10
1,SU-14608,0143071485,2021,4,22,23,4,52,3281400,1393,279,09
1,SU-14608,0143071485,2021,4,22,23,4,52,3282000,1393,279,10
1,SU-14608,0143071485,2021,4,22,23,4,52,3282600,1392,279,09
1,SU-14608,0143071485,2021,4,22,23,4,52,3283200,1393,279,09
1,SU-14608,0143071485,2021,4,22,23,4,52,3283800,1393,279,10
1,SU-14608,0143071485,2021,4,22,23,4,52,3284400,1392,279,10
1,SU-14608,0143071485,2021,4,22,23,4,52,3285000,1393,279,09
1,SU-14608,0143071485,2021,4,22,23,4,52,3285600,1392,279,09
1,SU-14608,0143071485,2021,4,22,23,4,52,3286200,1392,279,10
1,SU-14608,0143071485,2021,4,22,23,4,52,3286800,1392,279,09
1,SU-14608,0143071485,2021,4,22,23,4,52,3287400,1391,279,09
1,SU-14608,0143071485,2021,4,22,23,4,52,3288000,1392,279,10
1,SU-14608,0143071485,2021,4,22,23,4,52,3288600,1392,279,08
1,SU-14608,0143071485,2021,4,22,23,4,52,3289200,1391,279,09
1,SU-14608,0143071485,2021,4,22,23,4,52,3289800,1391,279,09
1,SU-14608,0143071485,2021,4,22,23,4,52,3290400,1391,279,09
1,SU-14608,0143071485,2021,4,22,23,4,52,3291000,1391,279,09
1,SU-14608,0143071485,2021,4,22,23,4,52,3291600,1391,279,10
1,SU-14608,0143071485,2021,4,22,23,4,52,3292200,1391,279,09
1,SU-14608,0143071485,2021,4,22,23,4,52,3292800,1390,279,09
1,SU-14608,0143071485,2021,4,22,23,4,52,3293400,1389,279,09
1,SU-14608,0143071485,2021,4,22,23,4,52,3294000,1389,279,09
1,SU-14608,0143071485,2021,4,22,23,4,52,3294600,1389,279,10
1,SU-14608,0143071485,2021,4,22,23,4,52,3295200,1389,279,10
1,SU-14608,0143071485,2021,4,22,23,4,52,3295800,1388,279,09
1,SU-14608,0143071485,2021,4,22,23,4,52,3296400,1387,279,10
1,SU-14608,0143071485,2021,4,22,23,4,52,3297000,1387,279,08
1,SU-14608,0143071485,2021,4,22,23,4,52,3297600,1386,279,09
1,SU-14608,0143071485,2021,4,22,23,4,52,3298200,1387,279,21
1,SU-14608,0143071485,2021,4,22,23,4,52,3298800,1386,279,10
1,SU-14608,0143071485,2021,4,22,23,4,52,3299400,1385,279,10
1,SU-14608,0143071485,2021,4,22,23,4,52,3300000,1385,279,09
1,SU-14608,0143071485,2021,4,22,23,4,52,3300600,1385,279,21
1,SU-14608,0143071485,2021,4,22,23,4,52,3301200,1384,279,09
1,SU-14608,0143071485,2021,4,22,23,4,52,3301800,1383,279,10
1,SU-14608,0143071485,2021,4,22,23,4,52,3302400,1383,279,10
1,SU-14608,0143071485,2021,4,22,23,4,52,3303000,1382,279,09
1,SU-14608,0143071485,2021,4,22,23,4,52,3303600,1381,279,10
1,SU-14608,0143071485,2021,4,22,23,4,52,3304200,1383,279,21
1,SU-14608,0143071485,2021,4,22,23,4,52,3304800,1381,279,21
1,SU-14608,0143071485,2021,4,22,23,4,52,3305400,1381,279,21
1,SU-14608,0143071485,2021,4,22,23,4,52,3306000,1381,279,21
1,SU-14608,0143071485,2021,4,22,23,4,52,3306600,1381,279,21
1,SU-14608,0143071485,2021,4,22,23,4,52,3307200,1381,279,21
1,SU-14608,0143071485,2021,4,22,23,4,52,3307800,1381,279,21
1,SU-14608,0143071485,2021,4,22,23,4,52,3308400,1380,279,21
1,SU-14608,0143071485,2021,4,22,23,4,52,3309000,1379,279,22
1,SU-14608,0143071485,2021,4,22,23,4,52,3309600,1379,279,21
1,SU-14608,0143071485,2021,4,22,23,4,52,3310200,1378,279,21
1,SU-14608,0143071485,2021,4,22,23,4,52,3310800,1378,279,22
1,SU-14608,0143071485,2021,4,22,23,4,52,3311400,1377,279,22
1,SU-14608,0143071485,2021,4,22,23,4,52,3312000,1377,279,22
1,SU-14608,0143071485,2021,4,22,23,4,52,3312600,1377,279,22
1,SU-14608,0143071485,2021,4,22,23,4,52,3313200,1376,279,22
1,SU-14608,0143071485,2021,4,22,23,4,52,3313800,1376,279,22
1,SU-14608,0143071485,2021,4,22,23,4,52,3314400,1375,279,22
1,SU-14608,0143071485,2021,4,22,23,4,52,3315000,1375,279,22
1,SU-14608,0143071485,2021,4,22,23,4,52,3315600,1373,279,23
1,SU-14608,0143071485,2021,4,22,23,4,52,3316200,1373,279,22
1,SU-14608,0143071485,2021,4,22,23,4,52,3316800,1372,279,22
1,SU-14608,0143071485,2021,4,22,23,4,52,3317400,1371,279,23
1,SU-14608,0143071485,2021,4,22,23,4,52,3318000,1371,279,22
1,SU-14608,0143071485,2021,4,22,23,4,52,3318600,1370,279,23
1,SU-14608,0143071485,2021,4,22,23,4,52,3319200,1369,279,23
1,SU-14608,0143071485,2021,4,22,23,4,52,3319800,1369,279,23
1,SU-14608,0143071485,2021,4,22,23,4,52,3320400,1369,279,23
1,SU-14608,0143071485,2021,4,22,23,4,52,3321000,1369,279,23
1,SU-14608,0143071485,2021,4,22,23,4,52,3321600,1368,279,24
1,SU-14608,0143071485,2021,4,22,23,4,52,3322200,1367,279,23
1,SU-14608,0143071485,2021,4,22,23,4,52,3322800,1367,279,24
1,SU-14608,0143071485,2021,4,22,23,4,52,3323400,1367,279,24
1,SU-14608,0143071485,2021,4,22,23,4,52,3324000,1366,279,23
1,SU-14608,0143071485,2021,4,22,23,4,52,3324600,1365,279,25
1,SU-14608,0143071485,2021,4,22,23,4,52,3325200,1366,279,24
1,SU-14608,0143071485,2021,4,22,23,4,52,3325800,1364,279,24
1,SU-14608,0143071485,2021,4,22,23,4,52,3326400,1364,279,24
1,SU-14608,0143071485,2021,4,22,23,4,52,3327000,1363,279,25
1,SU-14608,0143071485,2021,4,22,23,4,52,3327600,1363,279,25
1,SU-14608,0143071485,2021,4,22,23,4,52,3328200,1362,279,25
1,SU-14608,0143071485,2021,4,22,23,4,52,3328800,1362,279,25
1,SU-14608,0143071485,2021,4,22,23,4,52,3329400,1362,279,25
1,SU-14608,0143071485,2021,4,22,23,4,52,3330000,1361,279,25
1,SU-14608,0143071485,2021,4,22,23,4,52,3330600,1360,279,25
1,SU-14608,0143071485,2021,4,22,23,4,52,3331200,1360,279,25
1,SU-14608,0143071485,2021,4,22,23,4,52,3331800,1360,279,25
1,SU-14608,0143071485,2021,4,22,23,4,52,3332400,1359,279,25
1,SU-14608,0143071485,2021,4,22,23,4,52,3333000,1358,279,25
1,SU-14608,0143071485,2021,4,22,23,4,52,3333600,1357,279,25
1,SU-14608,0143071485,2021,4,22,23,4,52,3334200,1358,279,25
1,SU-14608,0143071485,2021,4,22,23,4,52,3334800,1357,279,25
1,SU-14608,0143071485,2021,4,22,23,4,52,3335400,1357,279,25
1,SU-14608,0143071485,2021,4,22,23,4,52,3336000,1357,279,25
1,SU-14608,0143071485,2021,4,22,23,4,52,3336600,1356,279,25
1,SU-14608,0143071485,2021,4,22,23,4,52,3337200,1356,279,26
1,SU-14608,0143071485,2021,4,22,23,4,52,3337800,1357,279,25
1,SU-14608,0143071485,2021,4,22,23,4,52,3338400,1356,279,25
1,SU-14608,0143071485,2021,4,22,23,4,52,3339000,1358,279,25
1,SU-14608,0143071485,2021,4,22,23,4,52,3339600,1357,279,25
1,SU-14608,0143071485,2021,4,22,23,4,52,3340200,1356,279,25
1,SU-14608,0143071485,2021,4,22,23,4,52,3340800,1358,279,25
1,SU-14608,0143071485,2021,4,22,23,4,52,3341400,1358,279,25
1,SU-14608,0143071485,2021,4,22,23,4,52,3342000,1359,279,25
1,SU-14608,0143071485,2021,4,22,23,4,52,3342600,1360,279,25
1,SU-14608,0143071485,2021,4,22,23,4,52,3343200,1360,279,25
1,SU-14608,0143071485,2021,4,22,23,4,52,3343800,1361,279,25
1,SU-14608,0143071485,2021,4,22,23,4,52,3344400,1361,279,25
1,SU-14608,0143071485,2021,4,22,23,4,52,3345000,1362,279,24
1,SU-14608,0143071485,2021,4,22,23,4,52,3345600,1363,279,25
1,SU-14608,0143071485,2021,4,22,23,4,52,3346200,1363,279,24
1,SU-14608,0143071485,2021,4,22,23,4,52,3346800,1364,279,24
1,SU-14608,0143071485,2021,4,22,23,4,52,3347400,1364,279,24
1,SU-14608,0143071485,2021,4,22,23,4,52,3348000,1365,279,24
1,SU-14608,0143071485,2021,4,22,23,4,52,3348600,1366,279,23
1,SU-14608,0143071485,2021,4,22,23,4,52,3349200,1366,279,23
1,SU-14608,0143071485,2021,4,22,23,4,52,3349800,1367,279,23
1,SU-14608,0143071485,2021,4,22,23,4,52,3350400,1368,279,22
1,SU-14608,0143071485,2021,4,22,23,4,52,3351000,1368,279,23
1,SU-14608,0143071485,2021,4,22,23,4,52,3351600,1369,279,22
1,SU-14608,0143071485,2021,4,22,23,4,52,3352200,1369,279,22
1,SU-14608,0143071485,2021,4,22,23,4,52,3352800,1369,279,22
1,SU-14608,0143071485,2021,4,22,23,4,52,3353400,1371,279,22
1,SU-14608,0143071485,2021,4,22,23,4,52,3354000,1370,279,22
1,SU-14608,0143071485,2021,4,22,23,4,52,3354600,1371,279,21
1,SU-14608,0143071485,2021,4,22,23,4,52,3355200,1371,279,21
1,SU-14608,0143071485,2021,4,22,23,4,52,3355800,1372,279,10
1,SU-14608,0143071485,2021,4,22,23,4,52,3356400,1371,279,10
1,SU-14608,0143071485,2021,4,22,23,4,52,3357000,1373,279,10
1,SU-14608,0143071485,2021,4,22,23,4,52,3357600,1372,279,10
1,SU-14608,0143071485,2021,4,22,23,4,52,3358200,1373,279,10
1,SU-14608,0143071485,2021,4,22,23,4,52,3358800,1374,279,10
1,SU-14608,0143071485,2021,4,22,23,4,52,3359400,1374,279,09
1,SU-14608,0143071485,2021,4,22,23,4,52,3360000,1374,279,09
1,SU-14608,0143071485,2021,4,22,23,4,52,3360600,1374,279,09
1,SU-14608,0143071485,2021,4,22,23,4,52,3361200,1375,279,09
1,SU-14608,0143071485,2021,4,22,23,4,52,3361800,1376,279,08
1,SU-14608,0143071485,2021,4,22,23,4,52,3362400,1376,279,08
1,SU-14608,0143071485,2021,4,22,23,4,52,3363000,1376,279,08
1,SU-14608,0143071485,2021,4,22,23,4,52,3363600,1376,279,08
1,SU-14608,0143071485,2021,4,22,23,4,52,3364200,1376,279,08
1,SU-14608,0143071485,2021,4,22,23,4,52,3364800,1377,279,08
1,SU-14608,0143071485,2021,4,22,23,4,52,3365400,1377,279,08
1,SU-14608,0143071485,2021,4,22,23,4,52,3366000,1378,279,08
1,SU-14608,0143071485,2021,4,22,23,4,52,3366600,1377,279,08
1,SU-14608,0143071485,2021,4,22,23,4,52,3367200,1378,279,07
1,SU-14608,0143071485,2021,4,22,23,4,52,3367800,1378,279,07
1,SU-14608,0143071485,2021,4,22,23,4,52,3368400,1378,279,07
1,SU-14608,0143071485,2021,4,22,23,4,52,3369000,1378,279,07
1,SU-14608,0143071485,2021,4,22,23,4,52,3369600,1378,279,07
1,SU-14608,0143071485,2021,4,22,23,4,52,3370200,1378,279,06
1,SU-14608,0143071485,2021,4,22,23,4,52,3370800,1378,279,06
1,SU-14608,0143071485,2021,4,22,23,4,52,3371400,1378,279,06
1,SU-14608,0143071485,2021,4,22,23,4,52,3372000,1378,279,06
1,SU-14608,0143071485,2021,4,22,23,4,52,3372600,1378,279,06
1,SU-14608,0143071485,2021,4,22,23,4,52,3373200,1377,279,06
1,SU-14608,0143071485,2021,4,22,23,4,52,3373800,1378,279,06
1,SU-14608,0143071485,2021,4,22,23,4,52,3374400,1378,279,06
1,SU-14608,0143071485,2021,4,22,23,4,52,3375000,1378,279,05
1,SU-14608,0143071485,2021,4,22,23,4,52,3375600,1377,279,05
1,SU-14608,0143071485,2021,4,22,23,4,52,3376200,1377,279,05
1,SU-14608,0143071485,2021,4,22,23,4,52,3376800,1377,279,05
1,SU-14608,0143071485,2021,4,22,23,4,52,3377400,1376,279,04
1,SU-14608,0143071485,2021,4,22,23,4,52,3378000,1377,279,04
1,SU-14608,0143071485,2021,4,22,23,4,52,3378600,1377,279,05
1,SU-14608,0143071485,2021,4,22,23,4,52,3379200,1377,279,04
1,SU-14608,0143071485,2021,4,22,23,4,52,3379800,1376,279,04
1,SU-14608,0143071485,2021,4,22,23,4,52,3380400,1376,279,03
1,SU-14608,0143071485,2021,4,22,23,4,52,3381000,1376,279,03
1,SU-14608,0143071485,2021,4,22,23,4,52,3381600,1375,279,03
1,SU-14608,0143071485,2021,4,22,23,4,52,3382200,1374,279,03
1,SU-14608,0143071485,2021,4,22,23,4,52,3382800,1374,279,04
1,SU-14608,0143071485,2021,4,22,23,4,52,3383400,1373,279,03
1,SU-14608,0143071485,2021,4,22,23,4,52,3384000,1373,279,03
1,SU-14608,0143071485,2021,4,22,23,4,52,3384600,1372,279,03
1,SU-14608,0143071485,2021,4,22,23,4,52,3385200,1371,279,03
1,SU-14608,0143071485,2021,4,22,23,4,52,3385800,1372,279,03
1,SU-14608,0143071485,2021,4,22,23,4,52,3386400,1371,279,02
1,SU-14608,0143071485,2021,4,22,23,4,52,3387000,1370,279,03
1,SU-14608,0143071485,2021,4,22,23,4,52,3387600,1370,279,02
1,SU-14608,0143071485,2021,4,22,23,4,52,3388200,1368,279,03
1,SU-14608,0143071485,2021,4,22,23,4,52,3388800,1369,279,03
1,SU-14608,0143071485,2021,4,22,23,4,52,3389400,1368,279,02
1,SU-14608,0143071485,2021,4,22,23,4,52,3390000,1367,279,03
1,SU-14608,0143071485,2021,4,22,23,4,52,3390600,1367,279,02
1,SU-14608,0143071485,2021,4,22,23,4,52,3391200,1367,279,03
1,SU-14608,0143071485,2021,4,22,23,4,52,3391800,1365,279,02
1,SU-14608,0143071485,2021,4,22,23,4,52,3392400,1366,279,03
1,SU-14608,0143071485,2021,4,22,23,4,52,3393000,1366,279,03
1,SU-14608,0143071485,2021,4,22,23,4,52,3393600,1363,279,03
1,SU-14608,0143071485,2021,4,22,23,4,52,3394200,1363,279,03
1,SU-14608,0143071485,2021,4,22,23,4,52,3394800,1363,279,03
1,SU-14608,0143071485,2021,4,22,23,4,52,3395400,1363,279,02
1,SU-14608,0143071485,2021,4,22,23,4,52,3396000,1361,279,03
1,SU-14608,0143071485,2021,4,22,23,4,52,3396600,1361,279,03
1,SU-14608,0143071485,2021,4,22,23,4,52,3397200,1360,279,03
1,SU-14608,0143071485,2021,4,22,23,4,52,3397800,1360,279,03
1,SU-14608,0143071485,2021,4,22,23,4,52,3398400,1358,279,03
1,SU-14608,0143071485,2021,4,22,23,4,52,3399000,1358,279,03
1,SU-14608,0143071485,2021,4,22,23,4,52,3399600,1358,279,03
1,SU-14608,0143071485,2021,4,22,23,4,52,3400200,1356,279,03
1,SU-14608,0143071485,2021,4,22,23,4,52,3400800,1356,279,03
1,SU-14608,0143071485,2021,4,22,23,4,52,3401400,1355,279,03
1,SU-14608,0143071485,2021,4,22,23,4,52,3402000,1354,279,03
1,SU-14608,0143071485,2021,4,22,23,4,52,3402600,1354,279,04
1,SU-14608,0143071485,2021,4,22,23,4,52,3403200,1354,279,04
1,SU-14608,0143071485,2021,4,22,23,4,52,3403800,1354,279,04
1,SU-14608,0143071485,2021,4,22,23,4,52,3404400,1352,279,05
1,SU-14608,0143071485,2021,4,22,23,4,52,3405000,1353,279,05
1,SU-14608,0143071485,2021,4,22,23,4,52,3405600,1352,279,05
1,SU-14608,0143071485,2021,4,22,23,4,52,3406200,1352,279,05
1,SU-14608,0143071485,2021,4,22,23,4,52,3406800,1352,279,05
1,SU-14608,0143071485,2021,4,22,23,4,52,3407400,1350,279,06
1,SU-14608,0143071485,2021,4,22,23,4,52,3408000,1350,279,06
1,SU-14608,0143071485,2021,4,22,23,4,52,3408600,1350,279,06
1,SU-14608,0143071485,2021,4,22,23,4,52,3409200,1350,279,06
1,SU-14608,0143071485,2021,4,22,23,4,52,3409800,1350,279,06
1,SU-14608,0143071485,2021,4,22,23,4,52,3410400,1349,279,06
1,SU-14608,0143071485,2021,4,22,23,4,52,3411000,1349,279,06
1,SU-14608,0143071485,2021,4,22,23,4,52,3411600,1348,279,07
1,SU-14608,0143071485,2021,4,22,23,4,52,3412200,1347,279,06
1,SU-14608,0143071485,2021,4,22,23,4,52,3412800,1347,279,07
1,SU-14608,0143071485,2021,4,22,23,4,52,3413400,1346,279,07
1,SU-14608,0143071485,2021,4,22,23,4,52,3414000,1346,279,07
1,SU-14608,0143071485,2021,4,22,23,4,52,3414600,1346,279,07
1,SU-14608,0143071485,2021,4,22,23,4,52,3415200,1346,279,07
1,SU-14608,0143071485,2021,4,22,23,4,52,3415800,1345,279,07
1,SU-14608,0143071485,2021,4,22,23,4,52,3416400,1345,279,08
1,SU-14608,0143071485,2021,4,22,23,4,52,3417000,1345,279,08
1,SU-14608,0143071485,2021,4,22,23,4,52,3417600,1344,279,08
1,SU-14608,0143071485,2021,4,22,23,4,52,3418200,1344,279,08
1,SU-14608,0143071485,2021,4,22,23,4,52,3418800,1344,279,08
1,SU-14608,0143071485,2021,4,22,23,4,52,3419400,1343,279,08
1,SU-14608,0143071485,2021,4,22,23,4,52,3420000,1342,279,08
1,SU-14608,0143071485,2021,4,22,23,4,52,3420600,1342,279,08
1,SU-14608,0143071485,2021,4,22,23,4,52,3421200,1341,279,08
1,SU-14608,0143071485,2021,4,22,23,4,52,3421800,1341,279,08
1,SU-14608,0143071485,2021,4,22,23,4,52,3422400,1341,279,08
1,SU-14608,0143071485,2021,4,22,23,4,52,3423000,1341,279,08
1,SU-14608,0143071485,2021,4,22,23,4,52,3423600,1340,279,08
1,SU-14608,0143071485,2021,4,22,23,4,52,3424200,1340,279,09
1,SU-14608,0143071485,2021,4,22,23,4,52,3424800,1339,279,08
1,SU-14608,0143071485,2021,4,22,23,4,52,3425400,1338,279,08
1,SU-14608,0143071485,2021,4,22,23,4,52,3426000,1338,279,09
1,SU-14608,0143071485,2021,4,22,23,4,52,3426600,1337,279,08
1,SU-14608,0143071485,2021,4,22,23,4,52,3427200,1338,279,08
1,SU-14608,0143071485,2021,4,22,23,4,52,3427800,1337,279,09
1,SU-14608,0143071485,2021,4,22,23,4,52,3428400,1336,279,09
1,SU-14608,0143071485,2021,4,22,23,4,52,3429000,1336,279,09
1,SU-14608,0143071485,2021,4,22,23,4,52,3429600,1335,279,09
1,SU-14608,0143071485,2021,4,22,23,4,52,3430200,1336,279,09
1,SU-14608,0143071485,2021,4,22,23,4,52,3430800,1336,279,09
1,SU-14608,0143071485,2021,4,22,23,4,52,3431400,1336,279,10
1,SU-14608,0143071485,2021,4,22,23,4,52,3432000,1336,279,08
1,SU-14608,0143071485,2021,4,22,23,4,52,3432600,1335,279,10
1,SU-14608,0143071485,2021,4,22,23,4,52,3433200,1335,279,09
1,SU-14608,0143071485,2021,4,22,23,4,52,3433800,1336,279,09
1,SU-14608,0143071485,2021,4,22,23,4,52,3434400,1336,279,09
1,SU-14608,0143071485,2021,4,22,23,4,52,3435000,1336,279,10
1,SU-14608,0143071485,2021,4,22,23,4,52,3435600,1336,279,10
1,SU-14608,0143071485,2021,4,22,23,4,52,3436200,1336,279,10
1,SU-14608,0143071485,2021,4,22,23,4,52,3436800,1335,279,10
1,SU-14608,0143071485,2021,4,22,23,4,52,3437400,1335,279,10
1,SU-14608,0143071485,2021,4,22,23,4,52,3438000,1334,279,10
1,SU-14608,0143071485,2021,4,22,23,4,52,3438600,1335,279,10
1,SU-14608,0143071485,2021,4,22,23,4,52,3439200,1335,279,10
1,SU-14608,0143071485,2021,4,22,23,4,52,3439800,1335,279,10
1,SU-14608,0143071485,2021,4,22,23,4,52,3440400,1336,279,10
1,SU-14608,0143071485,2021,4,22,23,4,52,3441000,1340,279,10
1,SU-14608,0143071485,2021,4,22,23,4,52,3441600,1346,279,10
1,SU-14608,0143071485,2021,4,22,23,4,52,3442200,1355,279,10
1,SU-14608,0143071485,2021,4,22,23,4,52,3442800,1365,279,09
1,SU-14608,0143071485,2021,4,22,23,4,52,3443400,1375,279,08
1,SU-14608,0143071485,2021,4,22,23,4,52,3444000,1385,279,09
1,SU-14608,0143071485,2021,4,22,23,4,52,3444600,1398,279,08
1,SU-14608,0143071485,2021,4,22,23,4,52,3445200,1410,279,08
1,SU-14608,0143071485,2021,4,22,23,4,52,3445800,1420,279,08
1,SU-14608,0143071485,2021,4,22,23,4,52,3446400,1430,279,07
1,SU-14608,0143071485,2021,4,22,23,4,52,3447000,1677,279,05
1,SU-14608,0143071485,2021,4,22,23,4,52,3447600,1858,279,21
1,SU-14608,0143071485,2021,4,22,23,4,52,3448200,1957,279,03
1,SU-14608,0143071485,2021,4,22,23,4,52,3448800,2033,278,99
1,SU-14608,0143071485,2021,4,22,23,4,52,3449400,2096,278,96
1,SU-14608,0143071485,2021,4,22,23,4,52,3450000,2140,278,94
1,SU-14608,0143071485,2021,4,22,23,4,52,3450600,2178,278,91
1,SU-14608,0143071485,2021,4,22,23,4,52,3451200,2214,278,90
1,SU-14608,0143071485,2021,4,22,23,4,52,3451800,2239,278,88
1,SU-14608,0143071485,2021,4,22,23,4,52,3452400,2247,278,87
1,SU-14608,0143071485,2021,4,22,23,4,52,3453000,2245,278,87
1,SU-14608,0143071485,2021,4,22,23,4,52,3453600,2238,278,88
1,SU-14608,0143071485,2021,4,22,23,4,52,3454200,2220,278,89
1,SU-14608,0143071485,2021,4,22,23,4,52,3454800,2197,278,91
1,SU-14608,0143071485,2021,4,22,23,4,52,3455400,2172,278,92
1,SU-14608,0143071485,2021,4,22,23,4,52,3456000,2144,278,93
1,SU-14608,0143071485,2021,4,22,23,4,52,3456600,2119,278,95
1,SU-14608,0143071485,2021,4,22,23,4,52,3457200,2091,278,95
1,SU-14608,0143071485,2021,4,22,23,4,52,3457800,2063,278,95
1,SU-14608,0143071485,2021,4,22,23,4,52,3458400,2033,278,96
1,SU-14608,0143071485,2021,4,22,23,4,52,3459000,2003,278,95
1,SU-14608,0143071485,2021,4,22,23,4,52,3459600,1976,278,94
1,SU-14608,0143071485,2021,4,22,23,4,52,3460200,1947,278,94
1,SU-14608,0143071485,2021,4,22,23,4,52,3460800,1922,278,94
1,SU-14608,0143071485,2021,4,22,23,4,52,3461400,1898,278,94
1,SU-14608,0143071485,2021,4,22,23,4,52,3462000,1876,278,93
1,SU-14608,0143071485,2021,4,22,23,4,52,3462600,1856,278,93
1,SU-14608,0143071485,2021,4,22,23,4,52,3463200,1838,278,93
1,SU-14608,0143071485,2021,4,22,23,4,52,3463800,1817,278,93
1,SU-14608,0143071485,2021,4,22,23,4,52,3464400,1799,278,93
1,SU-14608,0143071485,2021,4,22,23,4,52,3465000,1780,278,92
1,SU-14608,0143071485,2021,4,22,23,4,52,3465600,1760,278,92
1,SU-14608,0143071485,2021,4,22,23,4,52,3466200,1740,278,93
1,SU-14608,0143071485,2021,4,22,23,4,52,3466800,1719,278,94
1,SU-14608,0143071485,2021,4,22,23,4,52,3467400,1698,278,94
1,SU-14608,0143071485,2021,4,22,23,4,52,3468000,1674,278,94
1,SU-14608,0143071485,2021,4,22,23,4,52,3468600,1654,278,95
1,SU-14608,0143071485,2021,4,22,23,4,52,3469200,1634,278,94
1,SU-14608,0143071485,2021,4,22,23,4,52,3469800,1617,278,95
1,SU-14608,0143071485,2021,4,22,23,4,52,3470400,1602,278,95
1,SU-14608,0143071485,2021,4,22,23,4,52,3471000,1589,278,96
1,SU-14608,0143071485,2021,4,22,23,4,52,3471600,1574,278,96
1,SU-14608,0143071485,2021,4,22,23,4,52,3472200,1564,278,97
1,SU-14608,0143071485,2021,4,22,23,4,52,3472800,1553,278,97
1,SU-14608,0143071485,2021,4,22,23,4,52,3473400,1543,278,97
1,SU-14608,0143071485,2021,4,22,23,4,52,3474000,1534,278,98
1,SU-14608,0143071485,2021,4,22,23,4,52,3474600,1526,278,99
1,SU-14608,0143071485,2021,4,22,23,4,52,3475200,1517,278,98
1,SU-14608,0143071485,2021,4,22,23,4,52,3475800,1506,278,99
1,SU-14608,0143071485,2021,4,22,23,4,52,3476400,1501,278,99
1,SU-14608,0143071485,2021,4,22,23,4,52,3477000,1496,279,00
1,SU-14608,0143071485,2021,4,22,23,4,52,3477600,1490,279,00
1,SU-14608,0143071485,2021,4,22,23,4,52,3478200,1486,279,00
1,SU-14608,0143071485,2021,4,22,23,4,52,3478800,1482,279,00
1,SU-14608,0143071485,2021,4,22,23,4,52,3479400,1477,279,01
1,SU-14608,0143071485,2021,4,22,23,4,52,3480000,1472,279,00
1,SU-14608,0143071485,2021,4,22,23,4,52,3480600,1468,279,00
1,SU-14608,0143071485,2021,4,22,23,4,52,3481200,1465,279,02
1,SU-14608,0143071485,2021,4,22,23,4,52,3481800,1461,279,02
1,SU-14608,0143071485,2021,4,22,23,4,52,3482400,1457,279,01
1,SU-14608,0143071485,2021,4,22,23,4,52,3483000,1454,279,02
1,SU-14608,0143071485,2021,4,22,23,4,52,3483600,1449,279,02
1,SU-14608,0143071485,2021,4,22,23,4,52,3484200,1446,279,03
1,SU-14608,0143071485,2021,4,22,23,4,52,3484800,1442,279,03
1,SU-14608,0143071485,2021,4,22,23,4,52,3485400,1441,279,03
1,SU-14608,0143071485,2021,4,22,23,4,52,3486000,1438,279,03
1,SU-14608,0143071485,2021,4,22,23,4,52,3486600,1435,279,05
1,SU-14608,0143071485,2021,4,22,23,4,52,3487200,1432,279,04
1,SU-14608,0143071485,2021,4,22,23,4,52,3487800,1431,279,05
1,SU-14608,0143071485,2021,4,22,23,4,52,3488400,1428,279,06
1,SU-14608,0143071485,2021,4,22,23,4,52,3489000,1426,279,06
1,SU-14608,0143071485,2021,4,22,23,4,52,3489600,1423,279,06
1,SU-14608,0143071485,2021,4,22,23,4,52,3490200,1421,279,06
1,SU-14608,0143071485,2021,4,22,23,4,52,3490800,1420,279,07
1,SU-14608,0143071485,2021,4,22,23,4,52,3491400,1419,279,07
1,SU-14608,0143071485,2021,4,22,23,4,52,3492000,1417,279,07
1,SU-14608,0143071485,2021,4,22,23,4,52,3492600,1416,279,08
1,SU-14608,0143071485,2021,4,22,23,4,52,3493200,1416,279,08
1,SU-14608,0143071485,2021,4,22,23,4,52,3493800,1415,279,08
1,SU-14608,0143071485,2021,4,22,23,4,52,3494400,1414,279,09
1,SU-14608,0143071485,2021,4,22,23,4,52,3495000,1414,279,09
1,SU-14608,0143071485,2021,4,22,23,4,52,3495600,1414,279,10
1,SU-14608,0143071485,2021,4,22,23,4,52,3496200,1414,279,21
1,SU-14608,0143071485,2021,4,22,23,4,52,3496800,1413,279,21
1,SU-14608,0143071485,2021,4,22,23,4,52,3497400,1413,279,21
1,SU-14608,0143071485,2021,4,22,23,4,52,3498000,1412,279,22
1,SU-14608,0143071485,2021,4,22,23,4,52,3498600,1411,279,22
1,SU-14608,0143071485,2021,4,22,23,4,52,3499200,1411,279,22
1,SU-14608,0143071485,2021,4,22,23,4,52,3499800,1410,279,23
1,SU-14608,0143071485,2021,4,22,23,4,52,3500400,1409,279,24
1,SU-14608,0143071485,2021,4,22,23,4,52,3501000,1410,279,23
1,SU-14608,0143071485,2021,4,22,23,4,52,3501600,1408,279,25
1,SU-14608,0143071485,2021,4,22,23,4,52,3502200,1408,279,25
1,SU-14608,0143071485,2021,4,22,23,4,52,3502800,1406,279,25
1,SU-14608,0143071485,2021,4,22,23,4,52,3503400,1406,279,25
1,SU-14608,0143071485,2021,4,22,23,4,52,3504000,1405,279,27
1,SU-14608,0143071485,2021,4,22,23,4,52,3504600,1404,279,27
1,SU-14608,0143071485,2021,4,22,23,4,52,3505200,1403,279,28
1,SU-14608,0143071485,2021,4,22,23,4,52,3505800,1403,279,28
1,SU-14608,0143071485,2021,4,22,23,4,52,3506400,1402,279,28
1,SU-14608,0143071485,2021,4,22,23,4,52,3507000,1401,279,30
1,SU-14608,0143071485,2021,4,22,23,4,52,3507600,1400,279,31
1,SU-14608,0143071485,2021,4,22,23,4,52,3508200,1399,279,31
1,SU-14608,0143071485,2021,4,22,23,4,52,3508800,1398,279,31
1,SU-14608,0143071485,2021,4,22,23,4,52,3509400,1397,279,32
1,SU-14608,0143071485,2021,4,22,23,4,52,3510000,1396,279,32
1,SU-14608,0143071485,2021,4,22,23,4,52,3510600,1395,279,32
1,SU-14608,0143071485,2021,4,22,23,4,52,3511200,1394,279,32
1,SU-14608,0143071485,2021,4,22,23,4,52,3511800,1394,279,34
1,SU-14608,0143071485,2021,4,22,23,4,52,3512400,1393,279,34
1,SU-14608,0143071485,2021,4,22,23,4,52,3513000,1392,279,34
1,SU-14608,0143071485,2021,4,22,23,4,52,3513600,1391,279,34
1,SU-14608,0143071485,2021,4,22,23,4,52,3514200,1391,279,34
1,SU-14608,0143071485,2021,4,22,23,4,52,3514800,1390,279,33
1,SU-14608,0143071485,2021,4,22,23,4,52,3515400,1390,279,34
1,SU-14608,0143071485,2021,4,22,23,4,52,3516000,1390,279,34
1,SU-14608,0143071485,2021,4,22,23,4,52,3516600,1389,279,34
1,SU-14608,0143071485,2021,4,22,23,4,52,3517200,1389,279,34
1,SU-14608,0143071485,2021,4,22,23,4,52,3517800,1388,279,34
1,SU-14608,0143071485,2021,4,22,23,4,52,3518400,1388,279,34
1,SU-14608,0143071485,2021,4,22,23,4,52,3519000,1387,279,34
1,SU-14608,0143071485,2021,4,22,23,4,52,3519600,1386,279,34
1,SU-14608,0143071485,2021,4,22,23,4,52,3520200,1386,279,34
1,SU-14608,0143071485,2021,4,22,23,4,52,3520800,1386,279,34
1,SU-14608,0143071485,2021,4,22,23,4,52,3521400,1387,279,34
1,SU-14608,0143071485,2021,4,22,23,4,52,3522000,1386,279,34
1,SU-14608,0143071485,2021,4,22,23,4,52,3522600,1386,279,34
1,SU-14608,0143071485,2021,4,22,23,4,52,3523200,1385,279,34
1,SU-14608,0143071485,2021,4,22,23,4,52,3523800,1386,279,34
1,SU-14608,0143071485,2021,4,22,23,4,52,3524400,1385,279,34
1,SU-14608,0143071485,2021,4,22,23,4,52,3525000,1385,279,34
1,SU-14608,0143071485,2021,4,22,23,4,52,3525600,1385,279,34
1,SU-14608,0143071485,2021,4,22,23,4,52,3526200,1385,279,34
1,SU-14608,0143071485,2021,4,22,23,4,52,3526800,1386,279,34
1,SU-14608,0143071485,2021,4,22,23,4,52,3527400,1386,279,34
1,SU-14608,0143071485,2021,4,22,23,4,52,3528000,1386,279,34
1,SU-14608,0143071485,2021,4,22,23,4,52,3528600,1387,279,34
1,SU-14608,0143071485,2021,4,22,23,4,52,3529200,1386,279,34
1,SU-14608,0143071485,2021,4,22,23,4,52,3529800,1386,279,33
1,SU-14608,0143071485,2021,4,22,23,4,52,3530400,1386,279,33
1,SU-14608,0143071485,2021,4,22,23,4,52,3531000,1386,279,33
1,SU-14608,0143071485,2021,4,22,23,4,52,3531600,1386,279,32
1,SU-14608,0143071485,2021,4,22,23,4,52,3532200,1386,279,33
1,SU-14608,0143071485,2021,4,22,23,4,52,3532800,1387,279,33
1,SU-14608,0143071485,2021,4,22,23,4,52,3533400,1387,279,32
1,SU-14608,0143071485,2021,4,22,23,4,52,3534000,1387,279,31
1,SU-14608,0143071485,2021,4,22,23,4,52,3534600,1387,279,31
1,SU-14608,0143071485,2021,4,22,23,4,52,3535200,1386,279,31
1,SU-14608,0143071485,2021,4,22,23,4,52,3535800,1387,279,31
1,SU-14608,0143071485,2021,4,22,23,4,52,3536400,1386,279,31
1,SU-14608,0143071485,2021,4,22,23,4,52,3537000,1386,279,31
1,SU-14608,0143071485,2021,4,22,23,4,52,3537600,1387,279,31
1,SU-14608,0143071485,2021,4,22,23,4,52,3538200,1387,279,31
1,SU-14608,0143071485,2021,4,22,23,4,52,3538800,1387,279,31
1,SU-14608,0143071485,2021,4,22,23,4,52,3539400,1387,279,31
1,SU-14608,0143071485,2021,4,22,23,4,52,3540000,1387,279,31
1,SU-14608,0143071485,2021,4,22,23,4,52,3540600,1385,279,30
1,SU-14608,0143071485,2021,4,22,23,4,52,3541200,1386,279,30
1,SU-14608,0143071485,2021,4,22,23,4,52,3541800,1386,279,30
1,SU-14608,0143071485,2021,4,22,23,4,52,3542400,1385,279,30
1,SU-14608,0143071485,2021,4,22,23,4,52,3543000,1386,279,31
1,SU-14608,0143071485,2021,4,22,23,4,52,3543600,1385,279,30
1,SU-14608,0143071485,2021,4,22,23,4,52,3544200,1386,279,31
1,SU-14608,0143071485,2021,4,22,23,4,52,3544800,1385,279,31
1,SU-14608,0143071485,2021,4,22,23,4,52,3545400,1385,279,31
1,SU-14608,0143071485,2021,4,22,23,4,52,3546000,1384,279,31
1,SU-14608,0143071485,2021,4,22,23,4,52,3546600,1384,279,31
1,SU-14608,0143071485,2021,4,22,23,4,52,3547200,1384,279,31
1,SU-14608,0143071485,2021,4,22,23,4,52,3547800,1384,279,32
1,SU-14608,0143071485,2021,4,22,23,4,52,3548400,1384,279,32
1,SU-14608,0143071485,2021,4,22,23,4,52,3549000,1384,279,32
1,SU-14608,0143071485,2021,4,22,23,4,52,3549600,1384,279,32
1,SU-14608,0143071485,2021,4,22,23,4,52,3550200,1382,279,33
1,SU-14608,0143071485,2021,4,22,23,4,52,3550800,1382,279,33
1,SU-14608,0143071485,2021,4,22,23,4,52,3551400,1382,279,33
1,SU-14608,0143071485,2021,4,22,23,4,52,3552000,1382,279,34
1,SU-14608,0143071485,2021,4,22,23,4,52,3552600,1381,279,34
1,SU-14608,0143071485,2021,4,22,23,4,52,3553200,1380,279,34
1,SU-14608,0143071485,2021,4,22,23,4,52,3553800,1381,279,34
1,SU-14608,0143071485,2021,4,22,23,4,52,3554400,1380,279,34
1,SU-14608,0143071485,2021,4,22,23,4,52,3555000,1380,279,34
1,SU-14608,0143071485,2021,4,22,23,4,52,3555600,1379,279,34
1,SU-14608,0143071485,2021,4,22,23,4,52,3556200,1378,279,35
1,SU-14608,0143071485,2021,4,22,23,4,52,3556800,1377,279,35
1,SU-14608,0143071485,2021,4,22,23,4,52,3557400,1377,279,35
1,SU-14608,0143071485,2021,4,22,23,4,52,3558000,1377,279,35
1,SU-14608,0143071485,2021,4,22,23,4,52,3558600,1377,279,35
1,SU-14608,0143071485,2021,4,22,23,4,52,3559200,1377,279,36
1,SU-14608,0143071485,2021,4,22,23,4,52,3559800,1375,279,36
1,SU-14608,0143071485,2021,4,22,23,4,52,3560400,1376,279,36
1,SU-14608,0143071485,2021,4,22,23,4,52,3561000,1376,279,36
1,SU-14608,0143071485,2021,4,22,23,4,52,3561600,1375,279,36
1,SU-14608,0143071485,2021,4,22,23,4,52,3562200,1374,279,36
1,SU-14608,0143071485,2021,4,22,23,4,52,3562800,1373,279,36
1,SU-14608,0143071485,2021,4,22,23,4,52,3563400,1373,279,36
1,SU-14608,0143071485,2021,4,22,23,4,52,3564000,1374,279,36
1,SU-14608,0143071485,2021,4,22,23,4,52,3564600,1372,279,36
1,SU-14608,0143071485,2021,4,22,23,4,52,3565200,1372,279,36
1,SU-14608,0143071485,2021,4,22,23,4,52,3565800,1372,279,36
1,SU-14608,0143071485,2021,4,22,23,4,52,3566400,1371,279,36
1,SU-14608,0143071485,2021,4,22,23,4,52,3567000,1370,279,36
1,SU-14608,0143071485,2021,4,22,23,4,52,3567600,1372,279,36
1,SU-14608,0143071485,2021,4,22,23,4,52,3568200,1369,279,36
1,SU-14608,0143071485,2021,4,22,23,4,52,3568800,1369,279,37
1,SU-14608,0143071485,2021,4,22,23,4,52,3569400,1369,279,36
1,SU-14608,0143071485,2021,4,22,23,4,52,3570000,1369,279,36
1,SU-14608,0143071485,2021,4,22,23,4,52,3570600,1368,279,36
1,SU-14608,0143071485,2021,4,22,23,4,52,3571200,1367,279,36
1,SU-14608,0143071485,2021,4,22,23,4,52,3571800,1368,279,36
1,SU-14608,0143071485,2021,4,22,23,4,52,3572400,1366,279,36
1,SU-14608,0143071485,2021,4,22,23,4,52,3573000,1367,279,37
1,SU-14608,0143071485,2021,4,22,23,4,52,3573600,1367,279,36
1,SU-14608,0143071485,2021,4,22,23,4,52,3574200,1366,279,36
1,SU-14608,0143071485,2021,4,22,23,4,52,3574800,1366,279,36
1,SU-14608,0143071485,2021,4,22,23,4,52,3575400,1366,279,36
1,SU-14608,0143071485,2021,4,22,23,4,52,3576000,1366,279,36
1,SU-14608,0143071485,2021,4,22,23,4,52,3576600,1365,279,36
1,SU-14608,0143071485,2021,4,22,23,4,52,3577200,1365,279,36
1,SU-14608,0143071485,2021,4,22,23,4,52,3577800,1365,279,36
1,SU-14608,0143071485,2021,4,22,23,4,52,3578400,1364,279,36
1,SU-14608,0143071485,2021,4,22,23,4,52,3579000,1363,279,36
1,SU-14608,0143071485,2021,4,22,23,4,52,3579600,1363,279,36
1,SU-14608,0143071485,2021,4,22,23,4,52,3580200,1362,279,36
1,SU-14608,0143071485,2021,4,22,23,4,52,3580800,1362,279,36
1,SU-14608,0143071485,2021,4,22,23,4,52,3581400,1362,279,36
1,SU-14608,0143071485,2021,4,22,23,4,52,3582000,1361,279,36
1,SU-14608,0143071485,2021,4,22,23,4,52,3582600,1361,279,36
1,SU-14608,0143071485,2021,4,22,23,4,52,3583200,1360,279,36
1,SU-14608,0143071485,2021,4,22,23,4,52,3583800,1360,279,36
1,SU-14608,0143071485,2021,4,22,23,4,52,3584400,1359,279,36
1,SU-14608,0143071485,2021,4,22,23,4,52,3585000,1359,279,36
1,SU-14608,0143071485,2021,4,22,23,4,52,3585600,1358,279,36
1,SU-14608,0143071485,2021,4,22,23,4,52,3586200,1359,279,37
1,SU-14608,0143071485,2021,4,22,23,4,52,3586800,1357,279,36
1,SU-14608,0143071485,2021,4,22,23,4,52,3587400,1356,279,36
1,SU-14608,0143071485,2021,4,22,23,4,52,3588000,1357,279,37
1,SU-14608,0143071485,2021,4,22,23,4,52,3588600,1355,279,38
1,SU-14608,0143071485,2021,4,22,23,4,52,3589200,1355,279,37
1,SU-14608,0143071485,2021,4,22,23,4,52,3589800,1355,279,37
1,SU-14608,0143071485,2021,4,22,23,4,52,3590400,1355,279,37
1,SU-14608,0143071485,2021,4,22,23,4,52,3591000,1355,279,37
1,SU-14608,0143071485,2021,4,22,23,4,52,3591600,1354,279,38
1,SU-14608,0143071485,2021,4,22,23,4,52,3592200,1354,279,37
1,SU-14608,0143071485,2021,4,22,23,4,52,3592800,1354,279,37
1,SU-14608,0143071485,2021,4,22,23,4,52,3593400,1352,279,37
1,SU-14608,0143071485,2021,4,22,23,4,52,3594000,1353,279,37
1,SU-14608,0143071485,2021,4,22,23,4,52,3594600,1352,279,38
1,SU-14608,0143071485,2021,4,22,23,4,52,3595200,1351,279,38
1,SU-14608,0143071485,2021,4,22,23,4,52,3595800,1350,279,39
1,SU-14608,0143071485,2021,4,22,23,4,52,3596400,1350,279,38
1,SU-14608,0143071485,2021,4,22,23,4,52,3597000,1349,279,38
1,SU-14608,0143071485,2021,4,22,23,4,52,3597600,1349,279,37
1,SU-14608,0143071485,2021,4,22,23,4,52,3598200,1348,279,39
1,SU-14608,0143071485,2021,4,22,23,4,52,3598800,1348,279,38
1,SU-14608,0143071485,2021,4,22,23,4,52,3599400,1347,279,39
1,SU-14608,0143071485,2021,4,22,23,4,52,3600000,1347,279,39
1,SU-14608,0143071485,2021,4,22,23,4,52,3600600,1346,279,39
1,SU-14608,0143071485,2021,4,22,23,4,52,3601200,1346,279,39
1,SU-14608,0143071485,2021,4,22,23,4,52,3601800,1346,279,39
1,SU-14608,0143071485,2021,4,22,23,4,52,3602400,1345,279,39
1,SU-14608,0143071485,2021,4,22,23,4,52,3603000,1344,279,40
1,SU-14608,0143071485,2021,4,22,23,4,52,3603600,1343,279,40
1,SU-14608,0143071485,2021,4,22,23,4,52,3604200,1344,279,39
1,SU-14608,0143071485,2021,4,22,23,4,52,3604800,1344,279,39
1,SU-14608,0143071485,2021,4,22,23,4,52,3605400,1342,279,39
1,SU-14608,0143071485,2021,4,22,23,4,52,3606000,1343,279,40
1,SU-14608,0143071485,2021,4,22,23,4,52,3606600,1342,279,40
1,SU-14608,0143071485,2021,4,22,23,4,52,3607200,1342,279,40
1,SU-14608,0143071485,2021,4,22,23,4,52,3607800,1342,279,40
1,SU-14608,0143071485,2021,4,22,23,4,52,3608400,1341,279,40
1,SU-14608,0143071485,2021,4,22,23,4,52,3609000,1341,279,39
1,SU-14608,0143071485,2021,4,22,23,4,52,3609600,1340,279,39
1,SU-14608,0143071485,2021,4,22,23,4,52,3610200,1340,279,40
1,SU-14608,0143071485,2021,4,22,23,4,52,3610800,1340,279,40
1,SU-14608,0143071485,2021,4,22,23,4,52,3611400,1340,279,40
1,SU-14608,0143071485,2021,4,22,23,4,52,3612000,1340,279,41
1,SU-14608,0143071485,2021,4,22,23,4,52,3612600,1340,279,41
1,SU-14608,0143071485,2021,4,22,23,4,52,3613200,1339,279,41
1,SU-14608,0143071485,2021,4,22,23,4,52,3613800,1339,279,41
1,SU-14608,0143071485,2021,4,22,23,4,52,3614400,1340,279,41
1,SU-14608,0143071485,2021,4,22,23,4,52,3615000,1339,279,41
1,SU-14608,0143071485,2021,4,22,23,4,52,3615600,1338,279,41
1,SU-14608,0143071485,2021,4,22,23,4,52,3616200,1339,279,41
1,SU-14608,0143071485,2021,4,22,23,4,52,3616800,1339,279,40
1,SU-14608,0143071485,2021,4,22,23,4,52,3617400,1339,279,40
1,SU-14608,0143071485,2021,4,22,23,4,52,3618000,1340,279,41
1,SU-14608,0143071485,2021,4,22,23,4,52,3618600,1340,279,41
1,SU-14608,0143071485,2021,4,22,23,4,52,3619200,1340,279,41
1,SU-14608,0143071485,2021,4,22,23,4,52,3619800,1339,279,41
1,SU-14608,0143071485,2021,4,22,23,4,52,3620400,1340,279,40
1,SU-14608,0143071485,2021,4,22,23,4,52,3621000,1340,279,40
1,SU-14608,0143071485,2021,4,22,23,4,52,3621600,1340,279,40
1,SU-14608,0143071485,2021,4,22,23,4,52,3622200,1341,279,41
1,SU-14608,0143071485,2021,4,22,23,4,52,3622800,1341,279,40
1,SU-14608,0143071485,2021,4,22,23,4,52,3623400,1341,279,40
1,SU-14608,0143071485,2021,4,22,23,4,52,3624000,1341,279,40
1,SU-14608,0143071485,2021,4,22,23,4,52,3624600,1341,279,41
1,SU-14608,0143071485,2021,4,22,23,4,52,3625200,1342,279,40
1,SU-14608,0143071485,2021,4,22,23,4,52,3625800,1341,279,40
1,SU-14608,0143071485,2021,4,22,23,4,52,3626400,1341,279,40
1,SU-14608,0143071485,2021,4,22,23,4,52,3627000,1341,279,39
1,SU-14608,0143071485,2021,4,22,23,4,52,3627600,1341,279,39
1,SU-14608,0143071485,2021,4,22,23,4,52,3628200,1342,279,39
1,SU-14608,0143071485,2021,4,22,23,4,52,3628800,1342,279,39
1,SU-14608,0143071485,2021,4,22,23,4,52,3629400,1342,279,39
1,SU-14608,0143071485,2021,4,22,23,4,52,3630000,1341,279,39
1,SU-14608,0143071485,2021,4,22,23,4,52,3630600,1341,279,39
1,SU-14608,0143071485,2021,4,22,23,4,52,3631200,1342,279,38
1,SU-14608,0143071485,2021,4,22,23,4,52,3631800,1342,279,39
1,SU-14608,0143071485,2021,4,22,23,4,52,3632400,1342,279,39
1,SU-14608,0143071485,2021,4,22,23,4,52,3633000,1342,279,38
1,SU-14608,0143071485,2021,4,22,23,4,52,3633600,1342,279,37
1,SU-14608,0143071485,2021,4,22,23,4,52,3634200,1342,279,37
1,SU-14608,0143071485,2021,4,22,23,4,52,3634800,1342,279,37
1,SU-14608,0143071485,2021,4,22,23,4,52,3635400,1342,279,37
1,SU-14608,0143071485,2021,4,22,23,4,52,3636000,1342,279,37
1,SU-14608,0143071485,2021,4,22,23,4,52,3636600,1342,279,37
1,SU-14608,0143071485,2021,4,22,23,4,52,3637200,1342,279,37
1,SU-14608,0143071485,2021,4,22,23,4,52,3637800,1343,279,36
1,SU-14608,0143071485,2021,4,22,23,4,52,3638400,1342,279,36
1,SU-14608,0143071485,2021,4,22,23,4,52,3639000,1342,279,36
1,SU-14608,0143071485,2021,4,22,23,4,52,3639600,1342,279,36
1,SU-14608,0143071485,2021,4,22,23,4,52,3640200,1342,279,36
1,SU-14608,0143071485,2021,4,22,23,4,52,3640800,1343,279,36
1,SU-14608,0143071485,2021,4,22,23,4,52,3641400,1344,279,36
1,SU-14608,0143071485,2021,4,22,23,4,52,3642000,1343,279,36
1,SU-14608,0143071485,2021,4,22,23,4,52,3642600,1344,279,36
1,SU-14608,0143071485,2021,4,22,23,4,52,3643200,1344,279,36
1,SU-14608,0143071485,2021,4,22,23,4,52,3643800,1344,279,36
1,SU-14608,0143071485,2021,4,22,23,4,52,3644400,1344,279,36
1,SU-14608,0143071485,2021,4,22,23,4,52,3645000,1344,279,36
1,SU-14608,0143071485,2021,4,22,23,4,52,3645600,1344,279,35
1,SU-14608,0143071485,2021,4,22,23,4,52,3646200,1343,279,36
1,SU-14608,0143071485,2021,4,22,23,4,52,3646800,1344,279,35
1,SU-14608,0143071485,2021,4,22,23,4,52,3647400,1343,279,36
1,SU-14608,0143071485,2021,4,22,23,4,52,3648000,1343,279,36
1,SU-14608,0143071485,2021,4,22,23,4,52,3648600,1343,279,35
1,SU-14608,0143071485,2021,4,22,23,4,52,3649200,1342,279,36
1,SU-14608,0143071485,2021,4,22,23,4,52,3649800,1343,279,35
1,SU-14608,0143071485,2021,4,22,23,4,52,3650400,1342,279,35
1,SU-14608,0143071485,2021,4,22,23,4,52,3651000,1342,279,35
1,SU-14608,0143071485,2021,4,22,23,4,52,3651600,1341,279,35
1,SU-14608,0143071485,2021,4,22,23,4,52,3652200,1342,279,35
1,SU-14608,0143071485,2021,4,22,23,4,52,3652800,1341,279,35
1,SU-14608,0143071485,2021,4,22,23,4,52,3653400,1341,279,35
1,SU-14608,0143071485,2021,4,22,23,4,52,3654000,1341,279,35
1,SU-14608,0143071485,2021,4,22,23,4,52,3654600,1341,279,35
1,SU-14608,0143071485,2021,4,22,23,4,52,3655200,1341,279,35
1,SU-14608,0143071485,2021,4,22,23,4,52,3655800,1341,279,35
1,SU-14608,0143071485,2021,4,22,23,4,52,3656400,1342,279,35
1,SU-14608,0143071485,2021,4,22,23,4,52,3657000,1340,279,36
1,SU-14608,0143071485,2021,4,22,23,4,52,3657600,1341,279,35
1,SU-14608,0143071485,2021,4,22,23,4,52,3658200,1340,279,36
1,SU-14608,0143071485,2021,4,22,23,4,52,3658800,1340,279,34
1,SU-14608,0143071485,2021,4,22,23,4,52,3659400,1340,279,36
1,SU-14608,0143071485,2021,4,22,23,4,52,3660000,1341,279,36
1,SU-14608,0143071485,2021,4,22,23,4,52,3660600,1340,279,35
1,SU-14608,0143071485,2021,4,22,23,4,52,3661200,1340,279,35
1,SU-14608,0143071485,2021,4,22,23,4,52,3661800,1340,279,36
1,SU-14608,0143071485,2021,4,22,23,4,52,3662400,1339,279,35
1,SU-14608,0143071485,2021,4,22,23,4,52,3663000,1340,279,35
1,SU-14608,0143071485,2021,4,22,23,4,52,3663600,1340,279,36
1,SU-14608,0143071485,2021,4,22,23,4,52,3664200,1340,279,36
1,SU-14608,0143071485,2021,4,22,23,4,52,3664800,1340,279,35
1,SU-14608,0143071485,2021,4,22,23,4,52,3665400,1340,279,35
1,SU-14608,0143071485,2021,4,22,23,4,52,3666000,1339,279,36
1,SU-14608,0143071485,2021,4,22,23,4,52,3666600,1340,279,36
1,SU-14608,0143071485,2021,4,22,23,4,52,3667200,1339,279,36
1,SU-14608,0143071485,2021,4,22,23,4,52,3667800,1339,279,35
1,SU-14608,0143071485,2021,4,22,23,4,52,3668400,1339,279,35
1,SU-14608,0143071485,2021,4,22,23,4,52,3669000,1339,279,36
1,SU-14608,0143071485,2021,4,22,23,4,52,3669600,1339,279,36
1,SU-14608,0143071485,2021,4,22,23,4,52,3670200,1340,279,36
1,SU-14608,0143071485,2021,4,22,23,4,52,3670800,1339,279,36
1,SU-14608,0143071485,2021,4,22,23,4,52,3671400,1338,279,36
1,SU-14608,0143071485,2021,4,22,23,4,52,3672000,1338,279,36
1,SU-14608,0143071485,2021,4,22,23,4,52,3672600,1338,279,36
1,SU-14608,0143071485,2021,4,22,23,4,52,3673200,1337,279,36
1,SU-14608,0143071485,2021,4,22,23,4,52,3673800,1338,279,36
1,SU-14608,0143071485,2021,4,22,23,4,52,3674400,1337,279,36
1,SU-14608,0143071485,2021,4,22,23,4,52,3675000,1338,279,36
1,SU-14608,0143071485,2021,4,22,23,4,52,3675600,1338,279,36
1,SU-14608,0143071485,2021,4,22,23,4,52,3676200,1337,279,36
1,SU-14608,0143071485,2021,4,22,23,4,52,3676800,1336,279,36
1,SU-14608,0143071485,2021,4,22,23,4,52,3677400,1336,279,36
1,SU-14608,0143071485,2021,4,22,23,4,52,3678000,1336,279,36
1,SU-14608,0143071485,2021,4,22,23,4,52,3678600,1335,279,36
1,SU-14608,0143071485,2021,4,22,23,4,52,3679200,1335,279,36
1,SU-14608,0143071485,2021,4,22,23,4,52,3679800,1334,279,36
1,SU-14608,0143071485,2021,4,22,23,4,52,3680400,1334,279,36
1,SU-14608,0143071485,2021,4,22,23,4,52,3681000,1334,279,36
1,SU-14608,0143071485,2021,4,22,23,4,52,3681600,1334,279,36
1,SU-14608,0143071485,2021,4,22,23,4,52,3682200,1334,279,36
1,SU-14608,0143071485,2021,4,22,23,4,52,3682800,1333,279,37
1,SU-14608,0143071485,2021,4,22,23,4,52,3683400,1333,279,36
1,SU-14608,0143071485,2021,4,22,23,4,52,3684000,1333,279,36
1,SU-14608,0143071485,2021,4,22,23,4,52,3684600,1331,279,36
1,SU-14608,0143071485,2021,4,22,23,4,52,3685200,1332,279,37
1,SU-14608,0143071485,2021,4,22,23,4,52,3685800,1332,279,37
1,SU-14608,0143071485,2021,4,22,23,4,52,3686400,1331,279,37
1,SU-14608,0143071485,2021,4,22,23,4,52,3687000,1331,279,36
1,SU-14608,0143071485,2021,4,22,23,4,52,3687600,1330,279,37
1,SU-14608,0143071485,2021,4,22,23,4,52,3688200,1330,279,38
1,SU-14608,0143071485,2021,4,22,23,4,52,3688800,1329,279,36
1,SU-14608,0143071485,2021,4,22,23,4,52,3689400,1328,279,38
1,SU-14608,0143071485,2021,4,22,23,4,52,3690000,1328,279,37
1,SU-14608,0143071485,2021,4,22,23,4,52,3690600,1327,279,37
1,SU-14608,0143071485,2021,4,22,23,4,52,3691200,1327,279,37
1,SU-14608,0143071485,2021,4,22,23,4,52,3691800,1327,279,38
1,SU-14608,0143071485,2021,4,22,23,4,52,3692400,1327,279,38
1,SU-14608,0143071485,2021,4,22,23,4,52,3693000,1326,279,38
1,SU-14608,0143071485,2021,4,22,23,4,52,3693600,1326,279,38
1,SU-14608,0143071485,2021,4,22,23,4,52,3694200,1325,279,38
1,SU-14608,0143071485,2021,4,22,23,4,52,3694800,1325,279,38
1,SU-14608,0143071485,2021,4,22,23,4,52,3695400,1325,279,38
1,SU-14608,0143071485,2021,4,22,23,4,52,3696000,1324,279,39
1,SU-14608,0143071485,2021,4,22,23,4,52,3696600,1324,279,38
1,SU-14608,0143071485,2021,4,22,23,4,52,3697200,1324,279,39
1,SU-14608,0143071485,2021,4,22,23,4,52,3697800,1323,279,39
1,SU-14608,0143071485,2021,4,22,23,4,52,3698400,1324,279,38
1,SU-14608,0143071485,2021,4,22,23,4,52,3699000,1324,279,39
1,SU-14608,0143071485,2021,4,22,23,4,52,3699600,1324,279,39
1,SU-14608,0143071485,2021,4,22,23,4,52,3700200,1324,279,39
1,SU-14608,0143071485,2021,4,22,23,4,52,3700800,1323,279,39
1,SU-14608,0143071485,2021,4,22,23,4,52,3701400,1324,279,39
1,SU-14608,0143071485,2021,4,22,23,4,52,3702000,1324,279,39
1,SU-14608,0143071485,2021,4,22,23,4,52,3702600,1325,279,39
1,SU-14608,0143071485,2021,4,22,23,4,52,3703200,1324,279,39
1,SU-14608,0143071485,2021,4,22,23,4,52,3703800,1325,279,39
1,SU-14608,0143071485,2021,4,22,23,4,52,3704400,1324,279,39
1,SU-14608,0143071485,2021,4,22,23,4,52,3705000,1324,279,39
1,SU-14608,0143071485,2021,4,22,23,4,52,3705600,1325,279,39
1,SU-14608,0143071485,2021,4,22,23,4,52,3706200,1324,279,39
1,SU-14608,0143071485,2021,4,22,23,4,52,3706800,1325,279,39
1,SU-14608,0143071485,2021,4,22,23,4,52,3707400,1324,279,39
1,SU-14608,0143071485,2021,4,22,23,4,52,3708000,1325,279,39
1,SU-14608,0143071485,2021,4,22,23,4,52,3708600,1325,279,40
1,SU-14608,0143071485,2021,4,22,23,4,52,3709200,1326,279,39
1,SU-14608,0143071485,2021,4,22,23,4,52,3709800,1326,279,40
1,SU-14608,0143071485,2021,4,22,23,4,52,3710400,1326,279,39
1,SU-14608,0143071485,2021,4,22,23,4,52,3711000,1327,279,39
1,SU-14608,0143071485,2021,4,22,23,4,52,3711600,1326,279,39
1,SU-14608,0143071485,2021,4,22,23,4,52,3712200,1327,279,39
1,SU-14608,0143071485,2021,4,22,23,4,52,3712800,1328,279,39
1,SU-14608,0143071485,2021,4,22,23,4,52,3713400,1328,279,39
1,SU-14608,0143071485,2021,4,22,23,4,52,3714000,1328,279,39
1,SU-14608,0143071485,2021,4,22,23,4,52,3714600,1328,279,39
1,SU-14608,0143071485,2021,4,22,23,4,52,3715200,1328,279,39
1,SU-14608,0143071485,2021,4,22,23,4,52,3715800,1329,279,39
1,SU-14608,0143071485,2021,4,22,23,4,52,3716400,1329,279,39
1,SU-14608,0143071485,2021,4,22,23,4,52,3717000,1330,279,39
1,SU-14608,0143071485,2021,4,22,23,4,52,3717600,1330,279,39
1,SU-14608,0143071485,2021,4,22,23,4,52,3718200,1331,279,39
1,SU-14608,0143071485,2021,4,22,23,4,52,3718800,1331,279,38
1,SU-14608,0143071485,2021,4,22,23,4,52,3719400,1331,279,39
1,SU-14608,0143071485,2021,4,22,23,4,52,3720000,1332,279,38
1,SU-14608,0143071485,2021,4,22,23,4,52,3720600,1331,279,39
1,SU-14608,0143071485,2021,4,22,23,4,52,3721200,1333,279,38
1,SU-14608,0143071485,2021,4,22,23,4,52,3721800,1333,279,39
1,SU-14608,0143071485,2021,4,22,23,4,52,3722400,1333,279,38
1,SU-14608,0143071485,2021,4,22,23,4,52,3723000,1332,279,38
1,SU-14608,0143071485,2021,4,22,23,4,52,3723600,1334,279,37
1,SU-14608,0143071485,2021,4,22,23,4,52,3724200,1333,279,37
1,SU-14608,0143071485,2021,4,22,23,4,52,3724800,1334,279,38
1,SU-14608,0143071485,2021,4,22,23,4,52,3725400,1335,279,37
1,SU-14608,0143071485,2021,4,22,23,4,52,3726000,1335,279,37
1,SU-14608,0143071485,2021,4,22,23,4,52,3726600,1335,279,36
1,SU-14608,0143071485,2021,4,22,23,4,52,3727200,1336,279,36
1,SU-14608,0143071485,2021,4,22,23,4,52,3727800,1336,279,37
1,SU-14608,0143071485,2021,4,22,23,4,52,3728400,1336,279,36
1,SU-14608,0143071485,2021,4,22,23,4,52,3729000,1337,279,36
1,SU-14608,0143071485,2021,4,22,23,4,52,3729600,1336,279,36
1,SU-14608,0143071485,2021,4,22,23,4,52,3730200,1337,279,36
1,SU-14608,0143071485,2021,4,22,23,4,52,3730800,1337,279,36
1,SU-14608,0143071485,2021,4,22,23,4,52,3731400,1338,279,36
1,SU-14608,0143071485,2021,4,22,23,4,52,3732000,1338,279,35
1,SU-14608,0143071485,2021,4,22,23,4,52,3732600,1338,279,35
1,SU-14608,0143071485,2021,4,22,23,4,52,3733200,1339,279,34
1,SU-14608,0143071485,2021,4,22,23,4,52,3733800,1339,279,34
1,SU-14608,0143071485,2021,4,22,23,4,52,3734400,1339,279,35
1,SU-14608,0143071485,2021,4,22,23,4,52,3735000,1338,279,34
1,SU-14608,0143071485,2021,4,22,23,4,52,3735600,1340,279,34
1,SU-14608,0143071485,2021,4,22,23,4,52,3736200,1339,279,34
1,SU-14608,0143071485,2021,4,22,23,4,52,3736800,1339,279,34
1,SU-14608,0143071485,2021,4,22,23,4,52,3737400,1340,279,34
1,SU-14608,0143071485,2021,4,22,23,4,52,3738000,1339,279,34
1,SU-14608,0143071485,2021,4,22,23,4,52,3738600,1339,279,33
1,SU-14608,0143071485,2021,4,22,23,4,52,3739200,1339,279,34
1,SU-14608,0143071485,2021,4,22,23,4,52,3739800,1340,279,34
1,SU-14608,0143071485,2021,4,22,23,4,52,3740400,1341,279,33
1,SU-14608,0143071485,2021,4,22,23,4,52,3741000,1340,279,33
1,SU-14608,0143071485,2021,4,22,23,4,52,3741600,1340,279,33
1,SU-14608,0143071485,2021,4,22,23,4,52,3742200,1341,279,32
1,SU-14608,0143071485,2021,4,22,23,4,52,3742800,1341,279,33
1,SU-14608,0143071485,2021,4,22,23,4,52,3743400,1340,279,32
1,SU-14608,0143071485,2021,4,22,23,4,52,3744000,1341,279,31
1,SU-14608,0143071485,2021,4,22,23,4,52,3744600,1341,279,32
1,SU-14608,0143071485,2021,4,22,23,4,52,3745200,1341,279,32
1,SU-14608,0143071485,2021,4,22,23,4,52,3745800,1341,279,33
1,SU-14608,0143071485,2021,4,22,23,4,52,3746400,1341,279,32
1,SU-14608,0143071485,2021,4,22,23,4,52,3747000,1341,279,33
1,SU-14608,0143071485,2021,4,22,23,4,52,3747600,1341,279,32
1,SU-14608,0143071485,2021,4,22,23,4,52,3748200,1340,279,31
1,SU-14608,0143071485,2021,4,22,23,4,52,3748800,1341,279,32
1,SU-14608,0143071485,2021,4,22,23,4,52,3749400,1341,279,31
1,SU-14608,0143071485,2021,4,22,23,4,52,3750000,1341,279,32
1,SU-14608,0143071485,2021,4,22,23,4,52,3750600,1340,279,31
1,SU-14608,0143071485,2021,4,22,23,4,52,3751200,1341,279,31
1,SU-14608,0143071485,2021,4,22,23,4,52,3751800,1340,279,31
1,SU-14608,0143071485,2021,4,22,23,4,52,3752400,1340,279,31
1,SU-14608,0143071485,2021,4,22,23,4,52,3753000,1340,279,32
1,SU-14608,0143071485,2021,4,22,23,4,52,3753600,1340,279,32
1,SU-14608,0143071485,2021,4,22,23,4,52,3754200,1341,279,32
1,SU-14608,0143071485,2021,4,22,23,4,52,3754800,1340,279,31
1,SU-14608,0143071485,2021,4,22,23,4,52,3755400,1340,279,32
1,SU-14608,0143071485,2021,4,22,23,4,52,3756000,1340,279,32
1,SU-14608,0143071485,2021,4,22,23,4,52,3756600,1339,279,31
1,SU-14608,0143071485,2021,4,22,23,4,52,3757200,1340,279,31
1,SU-14608,0143071485,2021,4,22,23,4,52,3757800,1339,279,31
1,SU-14608,0143071485,2021,4,22,23,4,52,3758400,1339,279,31
1,SU-14608,0143071485,2021,4,22,23,4,52,3759000,1338,279,31
1,SU-14608,0143071485,2021,4,22,23,4,52,3759600,1338,279,31
1,SU-14608,0143071485,2021,4,22,23,4,52,3760200,1338,279,32
1,SU-14608,0143071485,2021,4,22,23,4,52,3760800,1338,279,31
1,SU-14608,0143071485,2021,4,22,23,4,52,3761400,1338,279,31
1,SU-14608,0143071485,2021,4,22,23,4,52,3762000,1337,279,31
1,SU-14608,0143071485,2021,4,22,23,4,52,3762600,1336,279,31
1,SU-14608,0143071485,2021,4,22,23,4,52,3763200,1336,279,31
1,SU-14608,0143071485,2021,4,22,23,4,52,3763800,1336,279,31
1,SU-14608,0143071485,2021,4,22,23,4,52,3764400,1335,279,31
1,SU-14608,0143071485,2021,4,22,23,4,52,3765000,1335,279,31
1,SU-14608,0143071485,2021,4,22,23,4,52,3765600,1335,279,32
1,SU-14608,0143071485,2021,4,22,23,4,52,3766200,1334,279,31
1,SU-14608,0143071485,2021,4,22,23,4,52,3766800,1334,279,31
1,SU-14608,0143071485,2021,4,22,23,4,52,3767400,1334,279,31
1,SU-14608,0143071485,2021,4,22,23,4,52,3768000,1334,279,31
1,SU-14608,0143071485,2021,4,22,23,4,52,3768600,1333,279,31
1,SU-14608,0143071485,2021,4,22,23,4,52,3769200,1332,279,31
1,SU-14608,0143071485,2021,4,22,23,4,52,3769800,1332,279,32
1,SU-14608,0143071485,2021,4,22,23,4,52,3770400,1332,279,32
1,SU-14608,0143071485,2021,4,22,23,4,52,3771000,1332,279,32
1,SU-14608,0143071485,2021,4,22,23,4,52,3771600,1331,279,32
1,SU-14608,0143071485,2021,4,22,23,4,52,3772200,1330,279,32
1,SU-14608,0143071485,2021,4,22,23,4,52,3772800,1330,279,31
1,SU-14608,0143071485,2021,4,22,23,4,52,3773400,1330,279,32
1,SU-14608,0143071485,2021,4,22,23,4,52,3774000,1329,279,31
1,SU-14608,0143071485,2021,4,22,23,4,52,3774600,1329,279,33
1,SU-14608,0143071485,2021,4,22,23,4,52,3775200,1329,279,32
1,SU-14608,0143071485,2021,4,22,23,4,52,3775800,1328,279,32
1,SU-14608,0143071485,2021,4,22,23,4,52,3776400,1328,279,32
1,SU-14608,0143071485,2021,4,22,23,4,52,3777000,1327,279,33
1,SU-14608,0143071485,2021,4,22,23,4,52,3777600,1327,279,33
1,SU-14608,0143071485,2021,4,22,23,4,52,3778200,1327,279,32
1,SU-14608,0143071485,2021,4,22,23,4,52,3778800,1326,279,33
1,SU-14608,0143071485,2021,4,22,23,4,52,3779400,1326,279,33
1,SU-14608,0143071485,2021,4,22,23,4,52,3780000,1326,279,33
1,SU-14608,0143071485,2021,4,22,23,4,52,3780600,1326,279,33
1,SU-14608,0143071485,2021,4,22,23,4,52,3781200,1326,279,33
1,SU-14608,0143071485,2021,4,22,23,4,52,3781800,1326,279,34
1,SU-14608,0143071485,2021,4,22,23,4,52,3782400,1326,279,34
1,SU-14608,0143071485,2021,4,22,23,4,52,3783000,1326,279,33
1,SU-14608,0143071485,2021,4,22,23,4,52,3783600,1325,279,33
1,SU-14608,0143071485,2021,4,22,23,4,52,3784200,1326,279,34
1,SU-14608,0143071485,2021,4,22,23,4,52,3784800,1326,279,34
1,SU-14608,0143071485,2021,4,22,23,4,52,3785400,1326,279,34
1,SU-14608,0143071485,2021,4,22,23,4,52,3786000,1326,279,34
1,SU-14608,0143071485,2021,4,22,23,4,52,3786600,1326,279,34
1,SU-14608,0143071485,2021,4,22,23,4,52,3787200,1326,279,34
1,SU-14608,0143071485,2021,4,22,23,4,52,3787800,1327,279,34
1,SU-14608,0143071485,2021,4,22,23,4,52,3788400,1326,279,34
1,SU-14608,0143071485,2021,4,22,23,4,52,3789000,1328,279,34
1,SU-14608,0143071485,2021,4,22,23,4,52,3789600,1327,279,34
1,SU-14608,0143071485,2021,4,22,23,4,52,3790200,1328,279,34
1,SU-14608,0143071485,2021,4,22,23,4,52,3790800,1328,279,34
1,SU-14608,0143071485,2021,4,22,23,4,52,3791400,1328,279,34
1,SU-14608,0143071485,2021,4,22,23,4,52,3792000,1329,279,35
1,SU-14608,0143071485,2021,4,22,23,4,52,3792600,1330,279,34
1,SU-14608,0143071485,2021,4,22,23,4,52,3793200,1330,279,35
1,SU-14608,0143071485,2021,4,22,23,4,52,3793800,1329,279,34
1,SU-14608,0143071485,2021,4,22,23,4,52,3794400,1330,279,34
1,SU-14608,0143071485,2021,4,22,23,4,52,3795000,1331,279,34
1,SU-14608,0143071485,2021,4,22,23,4,52,3795600,1331,279,34
1,SU-14608,0143071485,2021,4,22,23,4,52,3796200,1332,279,34
1,SU-14608,0143071485,2021,4,22,23,4,52,3796800,1332,279,34
1,SU-14608,0143071485,2021,4,22,23,4,52,3797400,1335,279,34
1,SU-14608,0143071485,2021,4,22,23,4,52,3798000,1338,279,34
1,SU-14608,0143071485,2021,4,22,23,4,52,3798600,1341,279,34
1,SU-14608,0143071485,2021,4,22,23,4,52,3799200,1347,279,34
1,SU-14608,0143071485,2021,4,22,23,4,52,3799800,1351,279,34
1,SU-14608,0143071485,2021,4,22,23,4,52,3800400,1356,279,34
1,SU-14608,0143071485,2021,4,22,23,4,52,3801000,1361,279,34
1,SU-14608,0143071485,2021,4,22,23,4,52,3801600,1366,279,33
1,SU-14608,0143071485,2021,4,22,23,4,52,3802200,1369,279,33
1,SU-14608,0143071485,2021,4,22,23,4,52,3802800,1373,279,32
1,SU-14608,0143071485,2021,4,22,23,4,52,3803400,1375,279,32
1,SU-14608,0143071485,2021,4,22,23,4,52,3804000,1378,279,31
1,SU-14608,0143071485,2021,4,22,23,4,52,3804600,1381,279,31
1,SU-14608,0143071485,2021,4,22,23,4,52,3805200,1383,279,31
1,SU-14608,0143071485,2021,4,22,23,4,52,3805800,1385,279,31
1,SU-14608,0143071485,2021,4,22,23,4,52,3806400,1387,279,30
1,SU-14608,0143071485,2021,4,22,23,4,52,3807000,1390,279,30
1,SU-14608,0143071485,2021,4,22,23,4,52,3807600,1393,279,29
1,SU-14608,0143071485,2021,4,22,23,4,52,3808200,1395,279,30
1,SU-14608,0143071485,2021,4,22,23,4,52,3808800,1397,279,29
1,SU-14608,0143071485,2021,4,22,23,4,52,3809400,1399,279,28
1,SU-14608,0143071485,2021,4,22,23,4,52,3810000,1400,279,28
1,SU-14608,0143071485,2021,4,22,23,4,52,3810600,1402,279,28
1,SU-14608,0143071485,2021,4,22,23,4,52,3811200,1403,279,28
1,SU-14608,0143071485,2021,4,22,23,4,52,3811800,1404,279,28
1,SU-14608,0143071485,2021,4,22,23,4,52,3812400,1405,279,28
1,SU-14608,0143071485,2021,4,22,23,4,52,3813000,1406,279,28
1,SU-14608,0143071485,2021,4,22,23,4,52,3813600,1407,279,27
1,SU-14608,0143071485,2021,4,22,23,4,52,3814200,1408,279,27
1,SU-14608,0143071485,2021,4,22,23,4,52,3814800,1408,279,25
1,SU-14608,0143071485,2021,4,22,23,4,52,3815400,1407,279,26
1,SU-14608,0143071485,2021,4,22,23,4,52,3816000,1409,279,25
1,SU-14608,0143071485,2021,4,22,23,4,52,3816600,1408,279,25
1,SU-14608,0143071485,2021,4,22,23,4,52,3817200,1409,279,25
1,SU-14608,0143071485,2021,4,22,23,4,52,3817800,1408,279,24
1,SU-14608,0143071485,2021,4,22,23,4,52,3818400,1408,279,25
1,SU-14608,0143071485,2021,4,22,23,4,52,3819000,1408,279,23
1,SU-14608,0143071485,2021,4,22,23,4,52,3819600,1407,279,24
1,SU-14608,0143071485,2021,4,22,23,4,52,3820200,1407,279,22
1,SU-14608,0143071485,2021,4,22,23,4,52,3820800,1407,279,22
1,SU-14608,0143071485,2021,4,22,23,4,52,3821400,1406,279,22
1,SU-14608,0143071485,2021,4,22,23,4,52,3822000,1405,279,22
1,SU-14608,0143071485,2021,4,22,23,4,52,3822600,1405,279,22
1,SU-14608,0143071485,2021,4,22,23,4,52,3823200,1405,279,22
1,SU-14608,0143071485,2021,4,22,23,4,52,3823800,1403,279,22
1,SU-14608,0143071485,2021,4,22,23,4,52,3824400,1403,279,21
1,SU-14608,0143071485,2021,4,22,23,4,52,3825000,1402,279,22
1,SU-14608,0143071485,2021,4,22,23,4,52,3825600,1401,279,22
1,SU-14608,0143071485,2021,4,22,23,4,52,3826200,1400,279,10
1,SU-14608,0143071485,2021,4,22,23,4,52,3826800,1400,279,22
1,SU-14608,0143071485,2021,4,22,23,4,52,3827400,1399,279,21
1,SU-14608,0143071485,2021,4,22,23,4,52,3828000,1398,279,21
1,SU-14608,0143071485,2021,4,22,23,4,52,3828600,1398,279,21
1,SU-14608,0143071485,2021,4,22,23,4,52,3829200,1396,279,10
1,SU-14608,0143071485,2021,4,22,23,4,52,3829800,1396,279,21
1,SU-14608,0143071485,2021,4,22,23,4,52,3830400,1394,279,10
1,SU-14608,0143071485,2021,4,22,23,4,52,3831000,1394,279,21
1,SU-14608,0143071485,2021,4,22,23,4,52,3831600,1392,279,10
1,SU-14608,0143071485,2021,4,22,23,4,52,3832200,1394,279,21
1,SU-14608,0143071485,2021,4,22,23,4,52,3832800,1392,279,21
1,SU-14608,0143071485,2021,4,22,23,4,52,3833400,1392,279,21
1,SU-14608,0143071485,2021,4,22,23,4,52,3834000,1390,279,21
1,SU-14608,0143071485,2021,4,22,23,4,52,3834600,1389,279,21
1,SU-14608,0143071485,2021,4,22,23,4,52,3835200,1389,279,21
1,SU-14608,0143071485,2021,4,22,23,4,52,3835800,1388,279,22
1,SU-14608,0143071485,2021,4,22,23,4,52,3836400,1387,279,21
1,SU-14608,0143071485,2021,4,22,23,4,52,3837000,1387,279,22
1,SU-14608,0143071485,2021,4,22,23,4,52,3837600,1386,279,21
1,SU-14608,0143071485,2021,4,22,23,4,52,3838200,1385,279,22
1,SU-14608,0143071485,2021,4,22,23,4,52,3838800,1384,279,22
1,SU-14608,0143071485,2021,4,22,23,4,52,3839400,1382,279,21
1,SU-14608,0143071485,2021,4,22,23,4,52,3840000,1383,279,22
1,SU-14608,0143071485,2021,4,22,23,4,52,3840600,1382,279,22
1,SU-14608,0143071485,2021,4,22,23,4,52,3841200,1381,279,22
1,SU-14608,0143071485,2021,4,22,23,4,52,3841800,1381,279,22
1,SU-14608,0143071485,2021,4,22,23,4,52,3842400,1381,279,22
1,SU-14608,0143071485,2021,4,22,23,4,52,3843000,1380,279,22
1,SU-14608,0143071485,2021,4,22,23,4,52,3843600,1379,279,22
1,SU-14608,0143071485,2021,4,22,23,4,52,3844200,1378,279,22
1,SU-14608,0143071485,2021,4,22,23,4,52,3844800,1378,279,22
1,SU-14608,0143071485,2021,4,22,23,4,52,3845400,1377,279,22
1,SU-14608,0143071485,2021,4,22,23,4,52,3846000,1377,279,23
1,SU-14608,0143071485,2021,4,22,23,4,52,3846600,1376,279,23
1,SU-14608,0143071485,2021,4,22,23,4,52,3847200,1376,279,23
1,SU-14608,0143071485,2021,4,22,23,4,52,3847800,1375,279,23
1,SU-14608,0143071485,2021,4,22,23,4,52,3848400,1374,279,24
1,SU-14608,0143071485,2021,4,22,23,4,52,3849000,1375,279,24
1,SU-14608,0143071485,2021,4,22,23,4,52,3849600,1373,279,25
1,SU-14608,0143071485,2021,4,22,23,4,52,3850200,1372,279,25
1,SU-14608,0143071485,2021,4,22,23,4,52,3850800,1372,279,25
1,SU-14608,0143071485,2021,4,22,23,4,52,3851400,1371,279,25
1,SU-14608,0143071485,2021,4,22,23,4,52,3852000,1371,279,25
1,SU-14608,0143071485,2021,4,22,23,4,52,3852600,1370,279,25
1,SU-14608,0143071485,2021,4,22,23,4,52,3853200,1370,279,25
1,SU-14608,0143071485,2021,4,22,23,4,52,3853800,1369,279,26
1,SU-14608,0143071485,2021,4,22,23,4,52,3854400,1369,279,26
1,SU-14608,0143071485,2021,4,22,23,4,52,3855000,1368,279,28
1,SU-14608,0143071485,2021,4,22,23,4,52,3855600,1368,279,27
1,SU-14608,0143071485,2021,4,22,23,4,52,3856200,1366,279,28
1,SU-14608,0143071485,2021,4,22,23,4,52,3856800,1366,279,28
1,SU-14608,0143071485,2021,4,22,23,4,52,3857400,1366,279,28
1,SU-14608,0143071485,2021,4,22,23,4,52,3858000,1365,279,28
1,SU-14608,0143071485,2021,4,22,23,4,52,3858600,1365,279,28
1,SU-14608,0143071485,2021,4,22,23,4,52,3859200,1364,279,28
1,SU-14608,0143071485,2021,4,22,23,4,52,3859800,1364,279,28
1,SU-14608,0143071485,2021,4,22,23,4,52,3860400,1363,279,28
1,SU-14608,0143071485,2021,4,22,23,4,52,3861000,1363,279,28
1,SU-14608,0143071485,2021,4,22,23,4,52,3861600,1363,279,29
1,SU-14608,0143071485,2021,4,22,23,4,52,3862200,1361,279,29
1,SU-14608,0143071485,2021,4,22,23,4,52,3862800,1362,279,29
1,SU-14608,0143071485,2021,4,22,23,4,52,3863400,1361,279,30
1,SU-14608,0143071485,2021,4,22,23,4,52,3864000,1361,279,28
1,SU-14608,0143071485,2021,4,22,23,4,52,3864600,1360,279,29
1,SU-14608,0143071485,2021,4,22,23,4,52,3865200,1359,279,29
1,SU-14608,0143071485,2021,4,22,23,4,52,3865800,1359,279,29
1,SU-14608,0143071485,2021,4,22,23,4,52,3866400,1359,279,28
1,SU-14608,0143071485,2021,4,22,23,4,52,3867000,1358,279,29
1,SU-14608,0143071485,2021,4,22,23,4,52,3867600,1357,279,28
1,SU-14608,0143071485,2021,4,22,23,4,52,3868200,1356,279,28
1,SU-14608,0143071485,2021,4,22,23,4,52,3868800,1358,279,29
1,SU-14608,0143071485,2021,4,22,23,4,52,3869400,1356,279,28
1,SU-14608,0143071485,2021,4,22,23,4,52,3870000,1357,279,29
1,SU-14608,0143071485,2021,4,22,23,4,52,3870600,1356,279,29
1,SU-14608,0143071485,2021,4,22,23,4,52,3871200,1355,279,29
1,SU-14608,0143071485,2021,4,22,23,4,52,3871800,1355,279,29
1,SU-14608,0143071485,2021,4,22,23,4,52,3872400,1355,279,28
1,SU-14608,0143071485,2021,4,22,23,4,52,3873000,1355,279,29
1,SU-14608,0143071485,2021,4,22,23,4,52,3873600,1354,279,28
1,SU-14608,0143071485,2021,4,22,23,4,52,3874200,1355,279,28
1,SU-14608,0143071485,2021,4,22,23,4,52,3874800,1354,279,28
1,SU-14608,0143071485,2021,4,22,23,4,52,3875400,1355,279,28
1,SU-14608,0143071485,2021,4,22,23,4,52,3876000,1354,279,28
1,SU-14608,0143071485,2021,4,22,23,4,52,3876600,1354,279,28
1,SU-14608,0143071485,2021,4,22,23,4,52,3877200,1355,279,28
1,SU-14608,0143071485,2021,4,22,23,4,52,3877800,1354,279,28
1,SU-14608,0143071485,2021,4,22,23,4,52,3878400,1354,279,27
1,SU-14608,0143071485,2021,4,22,23,4,52,3879000,1354,279,28
1,SU-14608,0143071485,2021,4,22,23,4,52,3879600,1354,279,28
1,SU-14608,0143071485,2021,4,22,23,4,52,3880200,1354,279,28
1,SU-14608,0143071485,2021,4,22,23,4,52,3880800,1354,279,28
1,SU-14608,0143071485,2021,4,22,23,4,52,3881400,1354,279,27
1,SU-14608,0143071485,2021,4,22,23,4,52,3882000,1355,279,27
1,SU-14608,0143071485,2021,4,22,23,4,52,3882600,1354,279,27
1,SU-14608,0143071485,2021,4,22,23,4,52,3883200,1354,279,26
1,SU-14608,0143071485,2021,4,22,23,4,52,3883800,1354,279,27
1,SU-14608,0143071485,2021,4,22,23,4,52,3884400,1355,279,26
1,SU-14608,0143071485,2021,4,22,23,4,52,3885000,1353,279,26
1,SU-14608,0143071485,2021,4,22,23,4,52,3885600,1354,279,26
1,SU-14608,0143071485,2021,4,22,23,4,52,3886200,1354,279,25
1,SU-14608,0143071485,2021,4,22,23,4,52,3886800,1355,279,26
1,SU-14608,0143071485,2021,4,22,23,4,52,3887400,1353,279,25
1,SU-14608,0143071485,2021,4,22,23,4,52,3888000,1353,279,25
1,SU-14608,0143071485,2021,4,22,23,4,52,3888600,1353,279,26
1,SU-14608,0143071485,2021,4,22,23,4,52,3889200,1354,279,25
1,SU-14608,0143071485,2021,4,22,23,4,52,3889800,1353,279,25
1,SU-14608,0143071485,2021,4,22,23,4,52,3890400,1353,279,25
1,SU-14608,0143071485,2021,4,22,23,4,52,3891000,1352,279,25
1,SU-14608,0143071485,2021,4,22,23,4,52,3891600,1353,279,25
1,SU-14608,0143071485,2021,4,22,23,4,52,3892200,1352,279,25
1,SU-14608,0143071485,2021,4,22,23,4,52,3892800,1352,279,25
1,SU-14608,0143071485,2021,4,22,23,4,52,3893400,1352,279,25
1,SU-14608,0143071485,2021,4,22,23,4,52,3894000,1352,279,25
1,SU-14608,0143071485,2021,4,22,23,4,52,3894600,1352,279,25
1,SU-14608,0143071485,2021,4,22,23,4,52,3895200,1352,279,25
1,SU-14608,0143071485,2021,4,22,23,4,52,3895800,1351,279,25
1,SU-14608,0143071485,2021,4,22,23,4,52,3896400,1351,279,25
1,SU-14608,0143071485,2021,4,22,23,4,52,3897000,1350,279,24
1,SU-14608,0143071485,2021,4,22,23,4,52,3897600,1351,279,25
1,SU-14608,0143071485,2021,4,22,23,4,52,3898200,1351,279,25
1,SU-14608,0143071485,2021,4,22,23,4,52,3898800,1350,279,25
1,SU-14608,0143071485,2021,4,22,23,4,52,3899400,1350,279,25
1,SU-14608,0143071485,2021,4,22,23,4,52,3900000,1349,279,24
1,SU-14608,0143071485,2021,4,22,23,4,52,3900600,1349,279,25
1,SU-14608,0143071485,2021,4,22,23,4,52,3901200,1349,279,24
1,SU-14608,0143071485,2021,4,22,23,4,52,3901800,1349,279,24
1,SU-14608,0143071485,2021,4,22,23,4,52,3902400,1350,279,25
1,SU-14608,0143071485,2021,4,22,23,4,52,3903000,1348,279,25
1,SU-14608,0143071485,2021,4,22,23,4,52,3903600,1349,279,25
1,SU-14608,0143071485,2021,4,22,23,4,52,3904200,1348,279,25
1,SU-14608,0143071485,2021,4,22,23,4,52,3904800,1348,279,25
1,SU-14608,0143071485,2021,4,22,23,4,52,3905400,1347,279,25
1,SU-14608,0143071485,2021,4,22,23,4,52,3906000,1347,279,25
1,SU-14608,0143071485,2021,4,22,23,4,52,3906600,1347,279,25
1,SU-14608,0143071485,2021,4,22,23,4,52,3907200,1347,279,25
1,SU-14608,0143071485,2021,4,22,23,4,52,3907800,1347,279,25
1,SU-14608,0143071485,2021,4,22,23,4,52,3908400,1347,279,25
1,SU-14608,0143071485,2021,4,22,23,4,52,3909000,1346,279,26
1,SU-14608,0143071485,2021,4,22,23,4,52,3909600,1346,279,26
1,SU-14608,0143071485,2021,4,22,23,4,52,3910200,1346,279,25
1,SU-14608,0143071485,2021,4,22,23,4,52,3910800,1344,279,26
1,SU-14608,0143071485,2021,4,22,23,4,52,3911400,1345,279,26
1,SU-14608,0143071485,2021,4,22,23,4,52,3912000,1345,279,25
1,SU-14608,0143071485,2021,4,22,23,4,52,3912600,1345,279,26
1,SU-14608,0143071485,2021,4,22,23,4,52,3913200,1344,279,26
1,SU-14608,0143071485,2021,4,22,23,4,52,3913800,1345,279,26
1,SU-14608,0143071485,2021,4,22,23,4,52,3914400,1344,279,26
1,SU-14608,0143071485,2021,4,22,23,4,52,3915000,1344,279,26
1,SU-14608,0143071485,2021,4,22,23,4,52,3915600,1344,279,26
1,SU-14608,0143071485,2021,4,22,23,4,52,3916200,1342,279,27
1,SU-14608,0143071485,2021,4,22,23,4,52,3916800,1343,279,27
1,SU-14608,0143071485,2021,4,22,23,4,52,3917400,1342,279,27
1,SU-14608,0143071485,2021,4,22,23,4,52,3918000,1342,279,27
1,SU-14608,0143071485,2021,4,22,23,4,52,3918600,1342,279,27
1,SU-14608,0143071485,2021,4,22,23,4,52,3919200,1342,279,28
1,SU-14608,0143071485,2021,4,22,23,4,52,3919800,1342,279,27
1,SU-14608,0143071485,2021,4,22,23,4,52,3920400,1340,279,27
1,SU-14608,0143071485,2021,4,22,23,4,52,3921000,1341,279,28
1,SU-14608,0143071485,2021,4,22,23,4,52,3921600,1341,279,28
1,SU-14608,0143071485,2021,4,22,23,4,52,3922200,1341,279,28
1,SU-14608,0143071485,2021,4,22,23,4,52,3922800,1340,279,28
1,SU-14608,0143071485,2021,4,22,23,4,52,3923400,1339,279,28
1,SU-14608,0143071485,2021,4,22,23,4,52,3924000,1339,279,28
1,SU-14608,0143071485,2021,4,22,23,4,52,3924600,1339,279,28
1,SU-14608,0143071485,2021,4,22,23,4,52,3925200,1339,279,28
1,SU-14608,0143071485,2021,4,22,23,4,52,3925800,1338,279,28
1,SU-14608,0143071485,2021,4,22,23,4,52,3926400,1338,279,28
1,SU-14608,0143071485,2021,4,22,23,4,52,3927000,1337,279,28
1,SU-14608,0143071485,2021,4,22,23,4,52,3927600,1337,279,29
1,SU-14608,0143071485,2021,4,22,23,4,52,3928200,1336,279,28
1,SU-14608,0143071485,2021,4,22,23,4,52,3928800,1336,279,28
1,SU-14608,0143071485,2021,4,22,23,4,52,3929400,1336,279,28
1,SU-14608,0143071485,2021,4,22,23,4,52,3930000,1335,279,29
1,SU-14608,0143071485,2021,4,22,23,4,52,3930600,1335,279,29
1,SU-14608,0143071485,2021,4,22,23,4,52,3931200,1335,279,30
1,SU-14608,0143071485,2021,4,22,23,4,52,3931800,1335,279,30
1,SU-14608,0143071485,2021,4,22,23,4,52,3932400,1334,279,29
1,SU-14608,0143071485,2021,4,22,23,4,52,3933000,1334,279,29
1,SU-14608,0143071485,2021,4,22,23,4,52,3933600,1334,279,29
1,SU-14608,0143071485,2021,4,22,23,4,52,3934200,1333,279,30
1,SU-14608,0143071485,2021,4,22,23,4,52,3934800,1332,279,30
1,SU-14608,0143071485,2021,4,22,23,4,52,3935400,1331,279,30
1,SU-14608,0143071485,2021,4,22,23,4,52,3936000,1332,279,30
1,SU-14608,0143071485,2021,4,22,23,4,52,3936600,1331,279,31
1,SU-14608,0143071485,2021,4,22,23,4,52,3937200,1330,279,31
1,SU-14608,0143071485,2021,4,22,23,4,52,3937800,1329,279,31
1,SU-14608,0143071485,2021,4,22,23,4,52,3938400,1330,279,31
1,SU-14608,0143071485,2021,4,22,23,4,52,3939000,1329,279,31
1,SU-14608,0143071485,2021,4,22,23,4,52,3939600,1328,279,31
1,SU-14608,0143071485,2021,4,22,23,4,52,3940200,1328,279,31
1,SU-14608,0143071485,2021,4,22,23,4,52,3940800,1327,279,31
1,SU-14608,0143071485,2021,4,22,23,4,52,3941400,1327,279,32
1,SU-14608,0143071485,2021,4,22,23,4,52,3942000,1326,279,31
1,SU-14608,0143071485,2021,4,22,23,4,52,3942600,1326,279,32
1,SU-14608,0143071485,2021,4,22,23,4,52,3943200,1324,279,31
1,SU-14608,0143071485,2021,4,22,23,4,52,3943800,1324,279,32
1,SU-14608,0143071485,2021,4,22,23,4,52,3944400,1324,279,32
1,SU-14608,0143071485,2021,4,22,23,4,52,3945000,1323,279,32
1,SU-14608,0143071485,2021,4,22,23,4,52,3945600,1321,279,32
1,SU-14608,0143071485,2021,4,22,23,4,52,3946200,1321,279,32
1,SU-14608,0143071485,2021,4,22,23,4,52,3946800,1321,279,33
1,SU-14608,0143071485,2021,4,22,23,4,52,3947400,1320,279,32
1,SU-14608,0143071485,2021,4,22,23,4,52,3948000,1320,279,32
1,SU-14608,0143071485,2021,4,22,23,4,52,3948600,1319,279,33
1,SU-14608,0143071485,2021,4,22,23,4,52,3949200,1319,279,33
1,SU-14608,0143071485,2021,4,22,23,4,52,3949800,1319,279,33
1,SU-14608,0143071485,2021,4,22,23,4,52,3950400,1318,279,33
1,SU-14608,0143071485,2021,4,22,23,4,52,3951000,1317,279,33
1,SU-14608,0143071485,2021,4,22,23,4,52,3951600,1317,279,34
1,SU-14608,0143071485,2021,4,22,23,4,52,3952200,1316,279,34
1,SU-14608,0143071485,2021,4,22,23,4,52,3952800,1316,279,34
1,SU-14608,0143071485,2021,4,22,23,4,52,3953400,1315,279,34
1,SU-14608,0143071485,2021,4,22,23,4,52,3954000,1316,279,34
1,SU-14608,0143071485,2021,4,22,23,4,52,3954600,1315,279,34
1,SU-14608,0143071485,2021,4,22,23,4,52,3955200,1315,279,35
1,SU-14608,0143071485,2021,4,22,23,4,52,3955800,1313,279,34
1,SU-14608,0143071485,2021,4,22,23,4,52,3956400,1313,279,35
1,SU-14608,0143071485,2021,4,22,23,4,52,3957000,1314,279,35
1,SU-14608,0143071485,2021,4,22,23,4,52,3957600,1314,279,34
1,SU-14608,0143071485,2021,4,22,23,4,52,3958200,1313,279,35
1,SU-14608,0143071485,2021,4,22,23,4,52,3958800,1314,279,35
1,SU-14608,0143071485,2021,4,22,23,4,52,3959400,1314,279,36
1,SU-14608,0143071485,2021,4,22,23,4,52,3960000,1314,279,35
1,SU-14608,0143071485,2021,4,22,23,4,52,3960600,1314,279,36
1,SU-14608,0143071485,2021,4,22,23,4,52,3961200,1314,279,36
1,SU-14608,0143071485,2021,4,22,23,4,52,3961800,1314,279,36
1,SU-14608,0143071485,2021,4,22,23,4,52,3962400,1314,279,36
1,SU-14608,0143071485,2021,4,22,23,4,52,3963000,1315,279,36
1,SU-14608,0143071485,2021,4,22,23,4,52,3963600,1315,279,36
1,SU-14608,0143071485,2021,4,22,23,4,52,3964200,1315,279,35
1,SU-14608,0143071485,2021,4,22,23,4,52,3964800,1315,279,35
1,SU-14608,0143071485,2021,4,22,23,4,52,3965400,1316,279,36
1,SU-14608,0143071485,2021,4,22,23,4,52,3966000,1316,279,36
1,SU-14608,0143071485,2021,4,22,23,4,52,3966600,1317,279,36
1,SU-14608,0143071485,2021,4,22,23,4,52,3967200,1318,279,36
1,SU-14608,0143071485,2021,4,22,23,4,52,3967800,1318,279,36
1,SU-14608,0143071485,2021,4,22,23,4,52,3968400,1318,279,36
1,SU-14608,0143071485,2021,4,22,23,4,52,3969000,1318,279,36
1,SU-14608,0143071485,2021,4,22,23,4,52,3969600,1318,279,36
1,SU-14608,0143071485,2021,4,22,23,4,52,3970200,1319,279,36
1,SU-14608,0143071485,2021,4,22,23,4,52,3970800,1320,279,36
1,SU-14608,0143071485,2021,4,22,23,4,52,3971400,1320,279,36
1,SU-14608,0143071485,2021,4,22,23,4,52,3972000,1320,279,36
1,SU-14608,0143071485,2021,4,22,23,4,52,3972600,1320,279,36
1,SU-14608,0143071485,2021,4,22,23,4,52,3973200,1321,279,36
1,SU-14608,0143071485,2021,4,22,23,4,52,3973800,1321,279,36
1,SU-14608,0143071485,2021,4,22,23,4,52,3974400,1321,279,36
1,SU-14608,0143071485,2021,4,22,23,4,52,3975000,1321,279,36
1,SU-14608,0143071485,2021,4,22,23,4,52,3975600,1322,279,36
1,SU-14608,0143071485,2021,4,22,23,4,52,3976200,1321,279,35
1,SU-14608,0143071485,2021,4,22,23,4,52,3976800,1322,279,35
1,SU-14608,0143071485,2021,4,22,23,4,52,3977400,1322,279,36
1,SU-14608,0143071485,2021,4,22,23,4,52,3978000,1323,279,36
1,SU-14608,0143071485,2021,4,22,23,4,52,3978600,1323,279,36
1,SU-14608,0143071485,2021,4,22,23,4,52,3979200,1323,279,36
1,SU-14608,0143071485,2021,4,22,23,4,52,3979800,1323,279,36
1,SU-14608,0143071485,2021,4,22,23,4,52,3980400,1323,279,36
1,SU-14608,0143071485,2021,4,22,23,4,52,3981000,1323,279,36
1,SU-14608,0143071485,2021,4,22,23,4,52,3981600,1323,279,35
1,SU-14608,0143071485,2021,4,22,23,4,52,3982200,1324,279,36
1,SU-14608,0143071485,2021,4,22,23,4,52,3982800,1324,279,35
1,SU-14608,0143071485,2021,4,22,23,4,52,3983400,1324,279,36
1,SU-14608,0143071485,2021,4,22,23,4,52,3984000,1324,279,37
1,SU-14608,0143071485,2021,4,22,23,4,52,3984600,1324,279,36
1,SU-14608,0143071485,2021,4,22,23,4,52,3985200,1324,279,37
1,SU-14608,0143071485,2021,4,22,23,4,52,3985800,1324,279,37
1,SU-14608,0143071485,2021,4,22,23,4,52,3986400,1325,279,36
1,SU-14608,0143071485,2021,4,22,23,4,52,3987000,1325,279,37
1,SU-14608,0143071485,2021,4,22,23,4,52,3987600,1325,279,37
1,SU-14608,0143071485,2021,4,22,23,4,52,3988200,1325,279,37
1,SU-14608,0143071485,2021,4,22,23,4,52,3988800,1324,279,38
1,SU-14608,0143071485,2021,4,22,23,4,52,3989400,1325,279,37
1,SU-14608,0143071485,2021,4,22,23,4,52,3990000,1324,279,38
1,SU-14608,0143071485,2021,4,22,23,4,52,3990600,1324,279,38
1,SU-14608,0143071485,2021,4,22,23,4,52,3991200,1324,279,38
1,SU-14608,0143071485,2021,4,22,23,4,52,3991800,1324,279,39
1,SU-14608,0143071485,2021,4,22,23,4,52,3992400,1324,279,39
1,SU-14608,0143071485,2021,4,22,23,4,52,3993000,1323,279,39
1,SU-14608,0143071485,2021,4,22,23,4,52,3993600,1324,279,39
1,SU-14608,0143071485,2021,4,22,23,4,52,3994200,1324,279,39
1,SU-14608,0143071485,2021,4,22,23,4,52,3994800,1323,279,39
1,SU-14608,0143071485,2021,4,22,23,4,52,3995400,1323,279,40
1,SU-14608,0143071485,2021,4,22,23,4,52,3996000,1323,279,40
1,SU-14608,0143071485,2021,4,22,23,4,52,3996600,1323,279,39
1,SU-14608,0143071485,2021,4,22,23,4,52,3997200,1323,279,40
1,SU-14608,0143071485,2021,4,22,23,4,52,3997800,1323,279,40
1,SU-14608,0143071485,2021,4,22,23,4,52,3998400,1323,279,40
1,SU-14608,0143071485,2021,4,22,23,4,52,3999000,1323,279,41
1,SU-14608,0143071485,2021,4,22,23,4,52,3999600,1323,279,40
1,SU-14608,0143071485,2021,4,22,23,4,52,4000200,1323,279,40
1,SU-14608,0143071485,2021,4,22,23,4,52,4000800,1322,279,40
1,SU-14608,0143071485,2021,4,22,23,4,52,4001400,1322,279,40
1,SU-14608,0143071485,2021,4,22,23,4,52,4002000,1323,279,40
1,SU-14608,0143071485,2021,4,22,23,4,52,4002600,1321,279,40
1,SU-14608,0143071485,2021,4,22,23,4,52,4003200,1321,279,39
1,SU-14608,0143071485,2021,4,22,23,4,52,4003800,1321,279,39
1,SU-14608,0143071485,2021,4,22,23,4,52,4004400,1320,279,39
1,SU-14608,0143071485,2021,4,22,23,4,52,4005000,1320,279,39
1,SU-14608,0143071485,2021,4,22,23,4,52,4005600,1320,279,39
1,SU-14608,0143071485,2021,4,22,23,4,52,4006200,1319,279,39
1,SU-14608,0143071485,2021,4,22,23,4,52,4006800,1319,279,39
1,SU-14608,0143071485,2021,4,22,23,4,52,4007400,1318,279,39
1,SU-14608,0143071485,2021,4,22,23,4,52,4008000,1318,279,39
1,SU-14608,0143071485,2021,4,22,23,4,52,4008600,1317,279,39
1,SU-14608,0143071485,2021,4,22,23,4,52,4009200,1317,279,39
1,SU-14608,0143071485,2021,4,22,23,4,52,4009800,1317,279,39
1,SU-14608,0143071485,2021,4,22,23,4,52,4010400,1315,279,39
1,SU-14608,0143071485,2021,4,22,23,4,52,4011000,1315,279,39
1,SU-14608,0143071485,2021,4,22,23,4,52,4011600,1316,279,39
1,SU-14608,0143071485,2021,4,22,23,4,52,4012200,1315,279,39
1,SU-14608,0143071485,2021,4,22,23,4,52,4012800,1314,279,39
1,SU-14608,0143071485,2021,4,22,23,4,52,4013400,1313,279,39
1,SU-14608,0143071485,2021,4,22,23,4,52,4014000,1313,279,39
1,SU-14608,0143071485,2021,4,22,23,4,52,4014600,1312,279,39
1,SU-14608,0143071485,2021,4,22,23,4,52,4015200,1312,279,39
1,SU-14608,0143071485,2021,4,22,23,4,52,4015800,1311,279,39
1,SU-14608,0143071485,2021,4,22,23,4,52,4016400,1311,279,39
1,SU-14608,0143071485,2021,4,22,23,4,52,4017000,1311,279,39
1,SU-14608,0143071485,2021,4,22,23,4,52,4017600,1310,279,39
1,SU-14608,0143071485,2021,4,22,23,4,52,4018200,1309,279,39
1,SU-14608,0143071485,2021,4,22,23,4,52,4018800,1309,279,40
1,SU-14608,0143071485,2021,4,22,23,4,52,4019400,1307,279,39
1,SU-14608,0143071485,2021,4,22,23,4,52,4020000,1308,279,39
1,SU-14608,0143071485,2021,4,22,23,4,52,4020600,1307,279,40
1,SU-14608,0143071485,2021,4,22,23,4,52,4021200,1308,279,39
1,SU-14608,0143071485,2021,4,22,23,4,52,4021800,1307,279,39
1,SU-14608,0143071485,2021,4,22,23,4,52,4022400,1307,279,39
1,SU-14608,0143071485,2021,4,22,23,4,52,4023000,1306,279,39
1,SU-14608,0143071485,2021,4,22,23,4,52,4023600,1305,279,39
1,SU-14608,0143071485,2021,4,22,23,4,52,4024200,1305,279,39
1,SU-14608,0143071485,2021,4,22,23,4,52,4024800,1304,279,40
1,SU-14608,0143071485,2021,4,22,23,4,52,4025400,1304,279,40
1,SU-14608,0143071485,2021,4,22,23,4,52,4026000,1303,279,40
1,SU-14608,0143071485,2021,4,22,23,4,52,4026600,1303,279,41
1,SU-14608,0143071485,2021,4,22,23,4,52,4027200,1302,279,40
1,SU-14608,0143071485,2021,4,22,23,4,52,4027800,1302,279,40
1,SU-14608,0143071485,2021,4,22,23,4,52,4028400,1301,279,41
1,SU-14608,0143071485,2021,4,22,23,4,52,4029000,1300,279,40
1,SU-14608,0143071485,2021,4,22,23,4,52,4029600,1299,279,41
1,SU-14608,0143071485,2021,4,22,23,4,52,4030200,1298,279,41
1,SU-14608,0143071485,2021,4,22,23,4,52,4030800,1298,279,40
1,SU-14608,0143071485,2021,4,22,23,4,52,4031400,1297,279,41
1,SU-14608,0143071485,2021,4,22,23,4,52,4032000,1295,279,42
1,SU-14608,0143071485,2021,4,22,23,4,52,4032600,1294,279,42
1,SU-14608,0143071485,2021,4,22,23,4,52,4033200,1293,279,42
1,SU-14608,0143071485,2021,4,22,23,4,52,4033800,1292,279,42
1,SU-14608,0143071485,2021,4,22,23,4,52,4034400,1290,279,41
1,SU-14608,0143071485,2021,4,22,23,4,52,4035000,1290,279,42
1,SU-14608,0143071485,2021,4,22,23,4,52,4035600,1289,279,42
1,SU-14608,0143071485,2021,4,22,23,4,52,4036200,1286,279,42
1,SU-14608,0143071485,2021,4,22,23,4,52,4036800,1284,279,42
1,SU-14608,0143071485,2021,4,22,23,4,52,4037400,1283,279,42
1,SU-14608,0143071485,2021,4,22,23,4,52,4038000,1280,279,42
1,SU-14608,0143071485,2021,4,22,23,4,52,4038600,1278,279,42
1,SU-14608,0143071485,2021,4,22,23,4,52,4039200,1276,279,43
1,SU-14608,0143071485,2021,4,22,23,4,52,4039800,1273,279,43
1,SU-14608,0143071485,2021,4,22,23,4,52,4040400,1271,279,44
1,SU-14608,0143071485,2021,4,22,23,4,52,4041000,1270,279,43
1,SU-14608,0143071485,2021,4,22,23,4,52,4041600,1267,279,44
1,SU-14608,0143071485,2021,4,22,23,4,52,4042200,1266,279,43
1,SU-14608,0143071485,2021,4,22,23,4,52,4042800,1264,279,44
1,SU-14608,0143071485,2021,4,22,23,4,52,4043400,1262,279,43
1,SU-14608,0143071485,2021,4,22,23,4,52,4044000,1260,279,44
1,SU-14608,0143071485,2021,4,22,23,4,52,4044600,1258,279,44
1,SU-14608,0143071485,2021,4,22,23,4,52,4045200,1258,279,45
1,SU-14608,0143071485,2021,4,22,23,4,52,4045800,1255,279,45
1,SU-14608,0143071485,2021,4,22,23,4,52,4046400,1254,279,44
1,SU-14608,0143071485,2021,4,22,23,4,52,4047000,1253,279,45
1,SU-14608,0143071485,2021,4,22,23,4,52,4047600,1252,279,45
1,SU-14608,0143071485,2021,4,22,23,4,52,4048200,1251,279,45
1,SU-14608,0143071485,2021,4,22,23,4,52,4048800,1249,279,45
1,SU-14608,0143071485,2021,4,22,23,4,52,4049400,1249,279,45
1,SU-14608,0143071485,2021,4,22,23,4,52,4050000,1248,279,45
1,SU-14608,0143071485,2021,4,22,23,4,52,4050600,1249,279,45
1,SU-14608,0143071485,2021,4,22,23,4,52,4051200,1248,279,45
1,SU-14608,0143071485,2021,4,22,23,4,52,4051800,1248,279,45
1,SU-14608,0143071485,2021,4,22,23,4,52,4052400,1248,279,45
1,SU-14608,0143071485,2021,4,22,23,4,52,4053000,1249,279,46
1,SU-14608,0143071485,2021,4,22,23,4,52,4053600,1249,279,46
1,SU-14608,0143071485,2021,4,22,23,4,52,4054200,1250,279,46
1,SU-14608,0143071485,2021,4,22,23,4,52,4054800,1250,279,46
1,SU-14608,0143071485,2021,4,22,23,4,52,4055400,1252,279,46
1,SU-14608,0143071485,2021,4,22,23,4,52,4056000,1253,279,46
1,SU-14608,0143071485,2021,4,22,23,4,52,4056600,1255,279,46
1,SU-14608,0143071485,2021,4,22,23,4,52,4057200,1255,279,46
1,SU-14608,0143071485,2021,4,22,23,4,52,4057800,1258,279,47
1,SU-14608,0143071485,2021,4,22,23,4,52,4058400,1259,279,48
1,SU-14608,0143071485,2021,4,22,23,4,52,4059000,1261,279,46
1,SU-14608,0143071485,2021,4,22,23,4,52,4059600,1263,279,47
1,SU-14608,0143071485,2021,4,22,23,4,52,4060200,1265,279,46
1,SU-14608,0143071485,2021,4,22,23,4,52,4060800,1267,279,48
1,SU-14608,0143071485,2021,4,22,23,4,52,4061400,1269,279,47
1,SU-14608,0143071485,2021,4,22,23,4,52,4062000,1272,279,47
1,SU-14608,0143071485,2021,4,22,23,4,52,4062600,1273,279,47
1,SU-14608,0143071485,2021,4,22,23,4,52,4063200,1276,279,47
1,SU-14608,0143071485,2021,4,22,23,4,52,4063800,1278,279,47
1,SU-14608,0143071485,2021,4,22,23,4,52,4064400,1280,279,48
1,SU-14608,0143071485,2021,4,22,23,4,52,4065000,1283,279,47
1,SU-14608,0143071485,2021,4,22,23,4,52,4065600,1284,279,48
1,SU-14608,0143071485,2021,4,22,23,4,52,4066200,1288,279,48
1,SU-14608,0143071485,2021,4,22,23,4,52,4066800,1290,279,48
1,SU-14608,0143071485,2021,4,22,23,4,52,4067400,1292,279,47
1,SU-14608,0143071485,2021,4,22,23,4,52,4068000,1293,279,48
1,SU-14608,0143071485,2021,4,22,23,4,52,4068600,1294,279,48
1,SU-14608,0143071485,2021,4,22,23,4,52,4069200,1296,279,47
1,SU-14608,0143071485,2021,4,22,23,4,52,4069800,1298,279,47
1,SU-14608,0143071485,2021,4,22,23,4,52,4070400,1298,279,47
1,SU-14608,0143071485,2021,4,22,23,4,52,4071000,1299,279,48
1,SU-14608,0143071485,2021,4,22,23,4,52,4071600,1300,279,48
1,SU-14608,0143071485,2021,4,22,23,4,52,4072200,1301,279,47
1,SU-14608,0143071485,2021,4,22,23,4,52,4072800,1301,279,48
1,SU-14608,0143071485,2021,4,22,23,4,52,4073400,1301,279,47
1,SU-14608,0143071485,2021,4,22,23,4,52,4074000,1302,279,48
1,SU-14608,0143071485,2021,4,22,23,4,52,4074600,1302,279,48
1,SU-14608,0143071485,2021,4,22,23,4,52,4075200,1302,279,48
1,SU-14608,0143071485,2021,4,22,23,4,52,4075800,1302,279,48
1,SU-14608,0143071485,2021,4,22,23,4,52,4076400,1302,279,48
1,SU-14608,0143071485,2021,4,22,23,4,52,4077000,1302,279,48
1,SU-14608,0143071485,2021,4,22,23,4,52,4077600,1302,279,48
1,SU-14608,0143071485,2021,4,22,23,4,52,4078200,1301,279,48
1,SU-14608,0143071485,2021,4,22,23,4,52,4078800,1302,279,48
1,SU-14608,0143071485,2021,4,22,23,4,52,4079400,1302,279,47
1,SU-14608,0143071485,2021,4,22,23,4,52,4080000,1302,279,48
1,SU-14608,0143071485,2021,4,22,23,4,52,4080600,1301,279,48
1,SU-14608,0143071485,2021,4,22,23,4,52,4081200,1301,279,47
1,SU-14608,0143071485,2021,4,22,23,4,52,4081800,1301,279,47
1,SU-14608,0143071485,2021,4,22,23,4,52,4082400,1301,279,48
1,SU-14608,0143071485,2021,4,22,23,4,52,4083000,1301,279,48
1,SU-14608,0143071485,2021,4,22,23,4,52,4083600,1301,279,48
1,SU-14608,0143071485,2021,4,22,23,4,52,4084200,1301,279,48
1,SU-14608,0143071485,2021,4,22,23,4,52,4084800,1301,279,48
1,SU-14608,0143071485,2021,4,22,23,4,52,4085400,1300,279,48
1,SU-14608,0143071485,2021,4,22,23,4,52,4086000,1300,279,47
1,SU-14608,0143071485,2021,4,22,23,4,52,4086600,1299,279,48
1,SU-14608,0143071485,2021,4,22,23,4,52,4087200,1299,279,48
1,SU-14608,0143071485,2021,4,22,23,4,52,4087800,1298,279,48
1,SU-14608,0143071485,2021,4,22,23,4,52,4088400,1298,279,47
1,SU-14608,0143071485,2021,4,22,23,4,52,4089000,1297,279,48
1,SU-14608,0143071485,2021,4,22,23,4,52,4089600,1296,279,47
1,SU-14608,0143071485,2021,4,22,23,4,52,4090200,1295,279,48
1,SU-14608,0143071485,2021,4,22,23,4,52,4090800,1295,279,48
1,SU-14608,0143071485,2021,4,22,23,4,52,4091400,1294,279,48
1,SU-14608,0143071485,2021,4,22,23,4,52,4092000,1293,279,47
1,SU-14608,0143071485,2021,4,22,23,4,52,4092600,1293,279,48
1,SU-14608,0143071485,2021,4,22,23,4,52,4093200,1292,279,47
1,SU-14608,0143071485,2021,4,22,23,4,52,4093800,1291,279,48
1,SU-14608,0143071485,2021,4,22,23,4,52,4094400,1290,279,47
1,SU-14608,0143071485,2021,4,22,23,4,52,4095000,1288,279,47
1,SU-14608,0143071485,2021,4,22,23,4,52,4095600,1287,279,48
1,SU-14608,0143071485,2021,4,22,23,4,52,4096200,1284,279,48
1,SU-14608,0143071485,2021,4,22,23,4,52,4096800,1283,279,48
1,SU-14608,0143071485,2021,4,22,23,4,52,4097400,1281,279,48
1,SU-14608,0143071485,2021,4,22,23,4,52,4098000,1279,279,48
1,SU-14608,0143071485,2021,4,22,23,4,52,4098600,1277,279,47
1,SU-14608,0143071485,2021,4,22,23,4,52,4099200,1275,279,48
1,SU-14608,0143071485,2021,4,22,23,4,52,4099800,1271,279,48
1,SU-14608,0143071485,2021,4,22,23,4,52,4100400,1270,279,48
1,SU-14608,0143071485,2021,4,22,23,4,52,4101000,1267,279,48
1,SU-14608,0143071485,2021,4,22,23,4,52,4101600,1265,279,48
1,SU-14608,0143071485,2021,4,22,23,4,52,4102200,1263,279,48
1,SU-14608,0143071485,2021,4,22,23,4,52,4102800,1260,279,48
1,SU-14608,0143071485,2021,4,22,23,4,52,4103400,1259,279,48
1,SU-14608,0143071485,2021,4,22,23,4,52,4104000,1255,279,48
1,SU-14608,0143071485,2021,4,22,23,4,52,4104600,1253,279,48
1,SU-14608,0143071485,2021,4,22,23,4,52,4105200,1250,279,48
1,SU-14608,0143071485,2021,4,22,23,4,52,4105800,1247,279,48
1,SU-14608,0143071485,2021,4,22,23,4,52,4106400,1245,279,47
1,SU-14608,0143071485,2021,4,22,23,4,52,4107000,1242,279,48
1,SU-14608,0143071485,2021,4,22,23,4,52,4107600,1238,279,48
1,SU-14608,0143071485,2021,4,22,23,4,52,4108200,1235,279,48
1,SU-14608,0143071485,2021,4,22,23,4,52,4108800,1232,279,48
1,SU-14608,0143071485,2021,4,22,23,4,52,4109400,1229,279,48
1,SU-14608,0143071485,2021,4,22,23,4,52,4110000,1226,279,48
1,SU-14608,0143071485,2021,4,22,23,4,52,4110600,1224,279,48
1,SU-14608,0143071485,2021,4,22,23,4,52,4111200,1220,279,49
1,SU-14608,0143071485,2021,4,22,23,4,52,4111800,1217,279,48
1,SU-14608,0143071485,2021,4,22,23,4,52,4112400,1215,279,48
1,SU-14608,0143071485,2021,4,22,23,4,52,4113000,1210,279,48
1,SU-14608,0143071485,2021,4,22,23,4,52,4113600,1207,279,48
1,SU-14608,0143071485,2021,4,22,23,4,52,4114200,1204,279,48
1,SU-14608,0143071485,2021,4,22,23,4,52,4114800,1200,279,49
1,SU-14608,0143071485,2021,4,22,23,4,52,4115400,1198,279,49
1,SU-14608,0143071485,2021,4,22,23,4,52,4116000,1194,279,49
1,SU-14608,0143071485,2021,4,22,23,4,52,4116600,1191,279,49
1,SU-14608,0143071485,2021,4,22,23,4,52,4117200,1188,279,49
1,SU-14608,0143071485,2021,4,22,23,4,52,4117800,1183,279,49
1,SU-14608,0143071485,2021,4,22,23,4,52,4118400,1180,279,49
1,SU-14608,0143071485,2021,4,22,23,4,52,4119000,1176,279,50
1,SU-14608,0143071485,2021,4,22,23,4,52,4119600,1173,279,49
1,SU-14608,0143071485,2021,4,22,23,4,52,4120200,1170,279,49
1,SU-14608,0143071485,2021,4,22,23,4,52,4120800,1166,279,50
1,SU-14608,0143071485,2021,4,22,23,4,52,4121400,1163,279,50
1,SU-14608,0143071485,2021,4,22,23,4,52,4122000,1161,279,50
1,SU-14608,0143071485,2021,4,22,23,4,52,4122600,1158,279,50
1,SU-14608,0143071485,2021,4,22,23,4,52,4123200,1155,279,50
1,SU-14608,0143071485,2021,4,22,23,4,52,4123800,1152,279,50
1,SU-14608,0143071485,2021,4,22,23,4,52,4124400,1148,279,50
1,SU-14608,0143071485,2021,4,22,23,4,52,4125000,1144,279,50
1,SU-14608,0143071485,2021,4,22,23,4,52,4125600,1140,279,50
1,SU-14608,0143071485,2021,4,22,23,4,52,4126200,1138,279,50
1,SU-14608,0143071485,2021,4,22,23,4,52,4126800,1135,279,50
1,SU-14608,0143071485,2021,4,22,23,4,52,4127400,1133,279,50
1,SU-14608,0143071485,2021,4,22,23,4,52,4128000,1131,279,51
1,SU-14608,0143071485,2021,4,22,23,4,52,4128600,1129,279,50
1,SU-14608,0143071485,2021,4,22,23,4,52,4129200,1125,279,51
1,SU-14608,0143071485,2021,4,22,23,4,52,4129800,1123,279,51
1,SU-14608,0143071485,2021,4,22,23,4,52,4130400,1121,279,50
1,SU-14608,0143071485,2021,4,22,23,4,52,4131000,1118,279,51
1,SU-14608,0143071485,2021,4,22,23,4,52,4131600,1115,279,51
1,SU-14608,0143071485,2021,4,22,23,4,52,4132200,1113,279,51
1,SU-14608,0143071485,2021,4,22,23,4,52,4132800,1110,279,51
1,SU-14608,0143071485,2021,4,22,23,4,52,4133400,1107,279,51
1,SU-14608,0143071485,2021,4,22,23,4,52,4134000,1104,279,51
1,SU-14608,0143071485,2021,4,22,23,4,52,4134600,1102,279,50
1,SU-14608,0143071485,2021,4,22,23,4,52,4135200,1100,279,50
1,SU-14608,0143071485,2021,4,22,23,4,52,4135800,1097,279,52
1,SU-14608,0143071485,2021,4,22,23,4,52,4136400,1095,279,52
1,SU-14608,0143071485,2021,4,22,23,4,52,4137000,1093,279,51
1,SU-14608,0143071485,2021,4,22,23,4,52,4137600,1092,279,52
1,SU-14608,0143071485,2021,4,22,23,4,52,4138200,1090,279,53
1,SU-14608,0143071485,2021,4,22,23,4,52,4138800,1088,279,52
1,SU-14608,0143071485,2021,4,22,23,4,52,4139400,1086,279,52
1,SU-14608,0143071485,2021,4,22,23,4,52,4140000,1084,279,52
1,SU-14608,0143071485,2021,4,22,23,4,52,4140600,1082,279,52
1,SU-14608,0143071485,2021,4,22,23,4,52,4141200,1080,279,53
1,SU-14608,0143071485,2021,4,22,23,4,52,4141800,1080,279,52
1,SU-14608,0143071485,2021,4,22,23,4,52,4142400,1078,279,52
1,SU-14608,0143071485,2021,4,22,23,4,52,4143000,1077,279,53
1,SU-14608,0143071485,2021,4,22,23,4,52,4143600,1076,279,52
1,SU-14608,0143071485,2021,4,22,23,4,52,4144200,1075,279,52
1,SU-14608,0143071485,2021,4,22,23,4,52,4144800,1074,279,53
1,SU-14608,0143071485,2021,4,22,23,4,52,4145400,1074,279,53
1,SU-14608,0143071485,2021,4,22,23,4,52,4146000,1072,279,52
1,SU-14608,0143071485,2021,4,22,23,4,52,4146600,1073,279,53
1,SU-14608,0143071485,2021,4,22,23,4,52,4147200,1072,279,53
1,SU-14608,0143071485,2021,4,22,23,4,52,4147800,1072,279,53
1,SU-14608,0143071485,2021,4,22,23,4,52,4148400,1071,279,53
1,SU-14608,0143071485,2021,4,22,23,4,52,4149000,1070,279,53
1,SU-14608,0143071485,2021,4,22,23,4,52,4149600,1070,279,53
1,SU-14608,0143071485,2021,4,22,23,4,52,4150200,1070,279,53
1,SU-14608,0143071485,2021,4,22,23,4,52,4150800,1070,279,53
1,SU-14608,0143071485,2021,4,22,23,4,52,4151400,1069,279,53
1,SU-14608,0143071485,2021,4,22,23,4,52,4152000,1068,279,53
1,SU-14608,0143071485,2021,4,22,23,4,52,4152600,1069,279,53
1,SU-14608,0143071485,2021,4,22,23,4,52,4153200,1069,279,53
1,SU-14608,0143071485,2021,4,22,23,4,52,4153800,1068,279,53
1,SU-14608,0143071485,2021,4,22,23,4,52,4154400,1069,279,53
1,SU-14608,0143071485,2021,4,22,23,4,52,4155000,1068,279,53
1,SU-14608,0143071485,2021,4,22,23,4,52,4155600,1068,279,54
1,SU-14608,0143071485,2021,4,22,23,4,52,4156200,1068,279,53
1,SU-14608,0143071485,2021,4,22,23,4,52,4156800,1068,279,53
1,SU-14608,0143071485,2021,4,22,23,4,52,4157400,1068,279,53
1,SU-14608,0143071485,2021,4,22,23,4,52,4158000,1068,279,54
1,SU-14608,0143071485,2021,4,22,23,4,52,4158600,1067,279,54
1,SU-14608,0143071485,2021,4,22,23,4,52,4159200,1067,279,53
1,SU-14608,0143071485,2021,4,22,23,4,52,4159800,1068,279,53
1,SU-14608,0143071485,2021,4,22,23,4,52,4160400,1067,279,53
1,SU-14608,0143071485,2021,4,22,23,4,52,4161000,1068,279,53
1,SU-14608,0143071485,2021,4,22,23,4,52,4161600,1067,279,53
1,SU-14608,0143071485,2021,4,22,23,4,52,4162200,1067,279,53
1,SU-14608,0143071485,2021,4,22,23,4,52,4162800,1067,279,53
1,SU-14608,0143071485,2021,4,22,23,4,52,4163400,1067,279,53
1,SU-14608,0143071485,2021,4,22,23,4,52,4164000,1067,279,53
1,SU-14608,0143071485,2021,4,22,23,4,52,4164600,1067,279,53
1,SU-14608,0143071485,2021,4,22,23,4,52,4165200,1067,279,54
1,SU-14608,0143071485,2021,4,22,23,4,52,4165800,1066,279,53
1,SU-14608,0143071485,2021,4,22,23,4,52,4166400,1066,279,53
1,SU-14608,0143071485,2021,4,22,23,4,52,4167000,1066,279,53
1,SU-14608,0143071485,2021,4,22,23,4,52,4167600,1066,279,53
1,SU-14608,0143071485,2021,4,22,23,4,52,4168200,1066,279,53
1,SU-14608,0143071485,2021,4,22,23,4,52,4168800,1066,279,53
1,SU-14608,0143071485,2021,4,22,23,4,52,4169400,1066,279,53
1,SU-14608,0143071485,2021,4,22,23,4,52,4170000,1065,279,53
1,SU-14608,0143071485,2021,4,22,23,4,52,4170600,1065,279,53
1,SU-14608,0143071485,2021,4,22,23,4,52,4171200,1065,279,53
1,SU-14608,0143071485,2021,4,22,23,4,52,4171800,1066,279,53
1,SU-14608,0143071485,2021,4,22,23,4,52,4172400,1066,279,53
1,SU-14608,0143071485,2021,4,22,23,4,52,4173000,1065,279,53
1,SU-14608,0143071485,2021,4,22,23,4,52,4173600,1065,279,53
1,SU-14608,0143071485,2021,4,22,23,4,52,4174200,1066,279,53
1,SU-14608,0143071485,2021,4,22,23,4,52,4174800,1065,279,53
1,SU-14608,0143071485,2021,4,22,23,4,52,4175400,1065,279,53
1,SU-14608,0143071485,2021,4,22,23,4,52,4176000,1065,279,53
1,SU-14608,0143071485,2021,4,22,23,4,52,4176600,1066,279,53
1,SU-14608,0143071485,2021,4,22,23,4,52,4177200,1065,279,53
1,SU-14608,0143071485,2021,4,22,23,4,52,4177800,1065,279,53
1,SU-14608,0143071485,2021,4,22,23,4,52,4178400,1065,279,53
1,SU-14608,0143071485,2021,4,22,23,4,52,4179000,1065,279,53
1,SU-14608,0143071485,2021,4,22,23,4,52,4179600,1065,279,53
1,SU-14608,0143071485,2021,4,22,23,4,52,4180200,1065,279,53
1,SU-14608,0143071485,2021,4,22,23,4,52,4180800,1065,279,53
1,SU-14608,0143071485,2021,4,22,23,4,52,4181400,1064,279,53
1,SU-14608,0143071485,2021,4,22,23,4,52,4182000,1065,279,53
1,SU-14608,0143071485,2021,4,22,23,4,52,4182600,1064,279,53
1,SU-14608,0143071485,2021,4,22,23,4,52,4183200,1065,279,53
1,SU-14608,0143071485,2021,4,22,23,4,52,4183800,1064,279,53
1,SU-14608,0143071485,2021,4,22,23,4,52,4184400,1063,279,53
1,SU-14608,0143071485,2021,4,22,23,4,52,4185000,1064,279,53
1,SU-14608,0143071485,2021,4,22,23,4,52,4185600,1064,279,53
1,SU-14608,0143071485,2021,4,22,23,4,52,4186200,1063,279,53
1,SU-14608,0143071485,2021,4,22,23,4,52,4186800,1063,279,53
1,SU-14608,0143071485,2021,4,22,23,4,52,4187400,1063,279,53
1,SU-14608,0143071485,2021,4,22,23,4,52,4188000,1064,279,52
1,SU-14608,0143071485,2021,4,22,23,4,52,4188600,1063,279,52
1,SU-14608,0143071485,2021,4,22,23,4,52,4189200,1063,279,53
1,SU-14608,0143071485,2021,4,22,23,4,52,4189800,1062,279,52
1,SU-14608,0143071485,2021,4,22,23,4,52,4190400,1062,279,51
1,SU-14608,0143071485,2021,4,22,23,4,52,4191000,1062,279,53
1,SU-14608,0143071485,2021,4,22,23,4,52,4191600,1062,279,53
1,SU-14608,0143071485,2021,4,22,23,4,52,4192200,1061,279,52
1,SU-14608,0143071485,2021,4,22,23,4,52,4192800,1061,279,52
1,SU-14608,0143071485,2021,4,22,23,4,52,4193400,1061,279,52
1,SU-14608,0143071485,2021,4,22,23,4,52,4194000,1060,279,53
1,SU-14608,0143071485,2021,4,22,23,4,52,4194600,1060,279,52
1,SU-14608,0143071485,2021,4,22,23,4,52,4195200,1060,279,53
1,SU-14608,0143071485,2021,4,22,23,4,52,4195800,1060,279,52
1,SU-14608,0143071485,2021,4,22,23,4,52,4196400,1058,279,52
1,SU-14608,0143071485,2021,4,22,23,4,52,4197000,1059,279,53
1,SU-14608,0143071485,2021,4,22,23,4,52,4197600,1059,279,52
1,SU-14608,0143071485,2021,4,22,23,4,52,4198200,1058,279,52
1,SU-14608,0143071485,2021,4,22,23,4,52,4198800,1058,279,52
1,SU-14608,0143071485,2021,4,22,23,4,52,4199400,1058,279,53
1,SU-14608,0143071485,2021,4,22,23,4,52,4200000,1057,279,52
1,SU-14608,0143071485,2021,4,22,23,4,52,4200600,1057,279,52
1,SU-14608,0143071485,2021,4,22,23,4,52,4201200,1057,279,52
1,SU-14608,0143071485,2021,4,22,23,4,52,4201800,1057,279,52
1,SU-14608,0143071485,2021,4,22,23,4,52,4202400,1056,279,53
1,SU-14608,0143071485,2021,4,22,23,4,52,4203000,1055,279,52
1,SU-14608,0143071485,2021,4,22,23,4,52,4203600,1056,279,52
1,SU-14608,0143071485,2021,4,22,23,4,52,4204200,1055,279,52
1,SU-14608,0143071485,2021,4,22,23,4,52,4204800,1055,279,52
1,SU-14608,0143071485,2021,4,22,23,4,52,4205400,1055,279,52
1,SU-14608,0143071485,2021,4,22,23,4,52,4206000,1055,279,52
1,SU-14608,0143071485,2021,4,22,23,4,52,4206600,1054,279,53
1,SU-14608,0143071485,2021,4,22,23,4,52,4207200,1053,279,52
1,SU-14608,0143071485,2021,4,22,23,4,52,4207800,1053,279,52
1,SU-14608,0143071485,2021,4,22,23,4,52,4208400,1053,279,53
1,SU-14608,0143071485,2021,4,22,23,4,52,4209000,1053,279,51
1,SU-14608,0143071485,2021,4,22,23,4,52,4209600,1052,279,52
1,SU-14608,0143071485,2021,4,22,23,4,52,4210200,1053,279,52
1,SU-14608,0143071485,2021,4,22,23,4,52,4210800,1051,279,52
1,SU-14608,0143071485,2021,4,22,23,4,52,4211400,1052,279,52
1,SU-14608,0143071485,2021,4,22,23,4,52,4212000,1051,279,52
1,SU-14608,0143071485,2021,4,22,23,4,52,4212600,1051,279,52
1,SU-14608,0143071485,2021,4,22,23,4,52,4213200,1050,279,53
1,SU-14608,0143071485,2021,4,22,23,4,52,4213800,1051,279,53
1,SU-14608,0143071485,2021,4,22,23,4,52,4214400,1052,279,52
1,SU-14608,0143071485,2021,4,22,23,4,52,4215000,1051,279,52
1,SU-14608,0143071485,2021,4,22,23,4,52,4215600,1051,279,52
1,SU-14608,0143071485,2021,4,22,23,4,52,4216200,1051,279,52
1,SU-14608,0143071485,2021,4,22,23,4,52,4216800,1051,279,52
1,SU-14608,0143071485,2021,4,22,23,4,52,4217400,1051,279,52
1,SU-14608,0143071485,2021,4,22,23,4,52,4218000,1051,279,52
1,SU-14608,0143071485,2021,4,22,23,4,52,4218600,1051,279,52
1,SU-14608,0143071485,2021,4,22,23,4,52,4219200,1051,279,52
1,SU-14608,0143071485,2021,4,22,23,4,52,4219800,1051,279,51
1,SU-14608,0143071485,2021,4,22,23,4,52,4220400,1052,279,52
1,SU-14608,0143071485,2021,4,22,23,4,52,4221000,1052,279,52
1,SU-14608,0143071485,2021,4,22,23,4,52,4221600,1051,279,51
1,SU-14608,0143071485,2021,4,22,23,4,52,4222200,1052,279,52
1,SU-14608,0143071485,2021,4,22,23,4,52,4222800,1052,279,52
1,SU-14608,0143071485,2021,4,22,23,4,52,4223400,1053,279,51
1,SU-14608,0143071485,2021,4,22,23,4,52,4224000,1053,279,52
1,SU-14608,0143071485,2021,4,22,23,4,52,4224600,1054,279,52
1,SU-14608,0143071485,2021,4,22,23,4,52,4225200,1054,279,51
1,SU-14608,0143071485,2021,4,22,23,4,52,4225800,1055,279,52
1,SU-14608,0143071485,2021,4,22,23,4,52,4226400,1055,279,52
1,SU-14608,0143071485,2021,4,22,23,4,52,4227000,1056,279,52
1,SU-14608,0143071485,2021,4,22,23,4,52,4227600,1056,279,52
1,SU-14608,0143071485,2021,4,22,23,4,52,4228200,1057,279,52
1,SU-14608,0143071485,2021,4,22,23,4,52,4228800,1057,279,52
1,SU-14608,0143071485,2021,4,22,23,4,52,4229400,1057,279,51
1,SU-14608,0143071485,2021,4,22,23,4,52,4230000,1059,279,52
1,SU-14608,0143071485,2021,4,22,23,4,52,4230600,1059,279,51
1,SU-14608,0143071485,2021,4,22,23,4,52,4231200,1059,279,52
1,SU-14608,0143071485,2021,4,22,23,4,52,4231800,1061,279,52
1,SU-14608,0143071485,2021,4,22,23,4,52,4232400,1059,279,53
1,SU-14608,0143071485,2021,4,22,23,4,52,4233000,1060,279,51
1,SU-14608,0143071485,2021,4,22,23,4,52,4233600,1061,279,52
1,SU-14608,0143071485,2021,4,22,23,4,52,4234200,1060,279,51
1,SU-14608,0143071485,2021,4,22,23,4,52,4234800,1061,279,52
1,SU-14608,0143071485,2021,4,22,23,4,52,4235400,1061,279,51
1,SU-14608,0143071485,2021,4,22,23,4,52,4236000,1062,279,53
1,SU-14608,0143071485,2021,4,22,23,4,52,4236600,1062,279,51
1,SU-14608,0143071485,2021,4,22,23,4,52,4237200,1062,279,52
1,SU-14608,0143071485,2021,4,22,23,4,52,4237800,1061,279,51
1,SU-14608,0143071485,2021,4,22,23,4,52,4238400,1062,279,50
1,SU-14608,0143071485,2021,4,22,23,4,52,4239000,1063,279,51
1,SU-14608,0143071485,2021,4,22,23,4,52,4239600,1063,279,51
1,SU-14608,0143071485,2021,4,22,23,4,52,4240200,1063,279,51
1,SU-14608,0143071485,2021,4,22,23,4,52,4240800,1063,279,50
1,SU-14608,0143071485,2021,4,22,23,4,52,4241400,1063,279,51
1,SU-14608,0143071485,2021,4,22,23,4,52,4242000,1064,279,52
1,SU-14608,0143071485,2021,4,22,23,4,52,4242600,1064,279,52
1,SU-14608,0143071485,2021,4,22,23,4,52,4243200,1064,279,51
1,SU-14608,0143071485,2021,4,22,23,4,52,4243800,1065,279,50
1,SU-14608,0143071485,2021,4,22,23,4,52,4244400,1064,279,51
1,SU-14608,0143071485,2021,4,22,23,4,52,4245000,1065,279,51
1,SU-14608,0143071485,2021,4,22,23,4,52,4245600,1065,279,51
1,SU-14608,0143071485,2021,4,22,23,4,52,4246200,1065,279,50
1,SU-14608,0143071485,2021,4,22,23,4,52,4246800,1065,279,51
1,SU-14608,0143071485,2021,4,22,23,4,52,4247400,1066,279,50
1,SU-14608,0143071485,2021,4,22,23,4,52,4248000,1066,279,50
1,SU-14608,0143071485,2021,4,22,23,4,52,4248600,1066,279,50
1,SU-14608,0143071485,2021,4,22,23,4,52,4249200,1068,279,50
1,SU-14608,0143071485,2021,4,22,23,4,52,4249800,1068,279,50
1,SU-14608,0143071485,2021,4,22,23,4,52,4250400,1069,279,50
1,SU-14608,0143071485,2021,4,22,23,4,52,4251000,1070,279,50
1,SU-14608,0143071485,2021,4,22,23,4,52,4251600,1070,279,51
1,SU-14608,0143071485,2021,4,22,23,4,52,4252200,1070,279,50
1,SU-14608,0143071485,2021,4,22,23,4,52,4252800,1070,279,50
1,SU-14608,0143071485,2021,4,22,23,4,52,4253400,1071,279,50
1,SU-14608,0143071485,2021,4,22,23,4,52,4254000,1071,279,50
1,SU-14608,0143071485,2021,4,22,23,4,52,4254600,1072,279,50
1,SU-14608,0143071485,2021,4,22,23,4,52,4255200,1074,279,49
1,SU-14608,0143071485,2021,4,22,23,4,52,4255800,1074,279,50
1,SU-14608,0143071485,2021,4,22,23,4,52,4256400,1073,279,50
1,SU-14608,0143071485,2021,4,22,23,4,52,4257000,1073,279,50
1,SU-14608,0143071485,2021,4,22,23,4,52,4257600,1074,279,49
1,SU-14608,0143071485,2021,4,22,23,4,52,4258200,1075,279,50
1,SU-14608,0143071485,2021,4,22,23,4,52,4258800,1075,279,50
1,SU-14608,0143071485,2021,4,22,23,4,52,4259400,1076,279,50
1,SU-14608,0143071485,2021,4,22,23,4,52,4260000,1075,279,50
1,SU-14608,0143071485,2021,4,22,23,4,52,4260600,1077,279,50
1,SU-14608,0143071485,2021,4,22,23,4,52,4261200,1077,279,50
1,SU-14608,0143071485,2021,4,22,23,4,52,4261800,1079,279,50
1,SU-14608,0143071485,2021,4,22,23,4,52,4262400,1080,279,50
1,SU-14608,0143071485,2021,4,22,23,4,52,4263000,1082,279,50
1,SU-14608,0143071485,2021,4,22,23,4,52,4263600,1086,279,50
1,SU-14608,0143071485,2021,4,22,23,4,52,4264200,1089,279,49
1,SU-14608,0143071485,2021,4,22,23,4,52,4264800,1093,279,50
1,SU-14608,0143071485,2021,4,22,23,4,52,4265400,1097,279,50
1,SU-14608,0143071485,2021,4,22,23,4,52,4266000,1102,279,49
1,SU-14608,0143071485,2021,4,22,23,4,52,4266600,1106,279,49
1,SU-14608,0143071485,2021,4,22,23,4,52,4267200,1111,279,49
1,SU-14608,0143071485,2021,4,22,23,4,52,4267800,1115,279,48
1,SU-14608,0143071485,2021,4,22,23,4,52,4268400,1120,279,49
1,SU-14608,0143071485,2021,4,22,23,4,52,4269000,1124,279,49
1,SU-14608,0143071485,2021,4,22,23,4,52,4269600,1129,279,50
1,SU-14608,0143071485,2021,4,22,23,4,52,4270200,1132,279,48
1,SU-14608,0143071485,2021,4,22,23,4,52,4270800,1136,279,49
1,SU-14608,0143071485,2021,4,22,23,4,52,4271400,1139,279,48
1,SU-14608,0143071485,2021,4,22,23,4,52,4272000,1143,279,48
1,SU-14608,0143071485,2021,4,22,23,4,52,4272600,1147,279,48
1,SU-14608,0143071485,2021,4,22,23,4,52,4273200,1152,279,48
1,SU-14608,0143071485,2021,4,22,23,4,52,4273800,1154,279,48
1,SU-14608,0143071485,2021,4,22,23,4,52,4274400,1158,279,48
1,SU-14608,0143071485,2021,4,22,23,4,52,4275000,1161,279,48
1,SU-14608,0143071485,2021,4,22,23,4,52,4275600,1163,279,48
1,SU-14608,0143071485,2021,4,22,23,4,52,4276200,1166,279,48
1,SU-14608,0143071485,2021,4,22,23,4,52,4276800,1169,279,48
1,SU-14608,0143071485,2021,4,22,23,4,52,4277400,1171,279,48
1,SU-14608,0143071485,2021,4,22,23,4,52,4278000,1174,279,48
1,SU-14608,0143071485,2021,4,22,23,4,52,4278600,1176,279,48
1,SU-14608,0143071485,2021,4,22,23,4,52,4279200,1178,279,48
1,SU-14608,0143071485,2021,4,22,23,4,52,4279800,1181,279,48
1,SU-14608,0143071485,2021,4,22,23,4,52,4280400,1182,279,47
1,SU-14608,0143071485,2021,4,22,23,4,52,4281000,1183,279,48
1,SU-14608,0143071485,2021,4,22,23,4,52,4281600,1185,279,47
1,SU-14608,0143071485,2021,4,22,23,4,52,4282200,1186,279,48
1,SU-14608,0143071485,2021,4,22,23,4,52,4282800,1187,279,48
1,SU-14608,0143071485,2021,4,22,23,4,52,4283400,1188,279,47
1,SU-14608,0143071485,2021,4,22,23,4,52,4284000,1189,279,47
1,SU-14608,0143071485,2021,4,22,23,4,52,4284600,1190,279,47
1,SU-14608,0143071485,2021,4,22,23,4,52,4285200,1190,279,47
1,SU-14608,0143071485,2021,4,22,23,4,52,4285800,1190,279,48
1,SU-14608,0143071485,2021,4,22,23,4,52,4286400,1192,279,47
1,SU-14608,0143071485,2021,4,22,23,4,52,4287000,1193,279,47
1,SU-14608,0143071485,2021,4,22,23,4,52,4287600,1193,279,47
1,SU-14608,0143071485,2021,4,22,23,4,52,4288200,1193,279,48
1,SU-14608,0143071485,2021,4,22,23,4,52,4288800,1193,279,48
1,SU-14608,0143071485,2021,4,22,23,4,52,4289400,1193,279,47
1,SU-14608,0143071485,2021,4,22,23,4,52,4290000,1193,279,46
1,SU-14608,0143071485,2021,4,22,23,4,52,4290600,1193,279,47
1,SU-14608,0143071485,2021,4,22,23,4,52,4291200,1193,279,47
1,SU-14608,0143071485,2021,4,22,23,4,52,4291800,1192,279,47
1,SU-14608,0143071485,2021,4,22,23,4,52,4292400,1192,279,48
1,SU-14608,0143071485,2021,4,22,23,4,52,4293000,1191,279,47
1,SU-14608,0143071485,2021,4,22,23,4,52,4293600,1190,279,47
1,SU-14608,0143071485,2021,4,22,23,4,52,4294200,1189,279,47
1,SU-14608,0143071485,2021,4,22,23,4,52,4294800,1188,279,47
1,SU-14608,0143071485,2021,4,22,23,4,52,4295400,1188,279,47
1,SU-14608,0143071485,2021,4,22,23,4,52,4296000,1188,279,46
1,SU-14608,0143071485,2021,4,22,23,4,52,4296600,1187,279,47
1,SU-14608,0143071485,2021,4,22,23,4,52,4297200,1185,279,46
1,SU-14608,0143071485,2021,4,22,23,4,52,4297800,1185,279,45
1,SU-14608,0143071485,2021,4,22,23,4,52,4298400,1183,279,47
1,SU-14608,0143071485,2021,4,22,23,4,52,4299000,1182,279,45
1,SU-14608,0143071485,2021,4,22,23,4,52,4299600,1181,279,45
1,SU-14608,0143071485,2021,4,22,23,4,52,4300200,1181,279,46
1,SU-14608,0143071485,2021,4,22,23,4,52,4300800,1180,279,46
1,SU-14608,0143071485,2021,4,22,23,4,52,4301400,1178,279,45
1,SU-14608,0143071485,2021,4,22,23,4,52,4302000,1177,279,45
1,SU-14608,0143071485,2021,4,22,23,4,52,4302600,1176,279,46
1,SU-14608,0143071485,2021,4,22,23,4,52,4303200,1174,279,46
1,SU-14608,0143071485,2021,4,22,23,4,52,4303800,1174,279,45
1,SU-14608,0143071485,2021,4,22,23,4,52,4304400,1173,279,46
1,SU-14608,0143071485,2021,4,22,23,4,52,4305000,1172,279,45
1,SU-14608,0143071485,2021,4,22,23,4,52,4305600,1171,279,45
1,SU-14608,0143071485,2021,4,22,23,4,52,4306200,1169,279,46
1,SU-14608,0143071485,2021,4,22,23,4,52,4306800,1168,279,45
1,SU-14608,0143071485,2021,4,22,23,4,52,4307400,1167,279,45
1,SU-14608,0143071485,2021,4,22,23,4,52,4308000,1167,279,45
1,SU-14608,0143071485,2021,4,22,23,4,52,4308600,1165,279,45
1,SU-14608,0143071485,2021,4,22,23,4,52,4309200,1165,279,45
1,SU-14608,0143071485,2021,4,22,23,4,52,4309800,1165,279,45
1,SU-14608,0143071485,2021,4,22,23,4,52,4310400,1163,279,46
1,SU-14608,0143071485,2021,4,22,23,4,52,4311000,1162,279,45
1,SU-14608,0143071485,2021,4,22,23,4,52,4311600,1162,279,45
1,SU-14608,0143071485,2021,4,22,23,4,52,4312200,1162,279,45
1,SU-14608,0143071485,2021,4,22,23,4,52,4312800,1162,279,45
1,SU-14608,0143071485,2021,4,22,23,4,52,4313400,1161,279,45
1,SU-14608,0143071485,2021,4,22,23,4,52,4314000,1161,279,45
1,SU-14608,0143071485,2021,4,22,23,4,52,4314600,1161,279,45
1,SU-14608,0143071485,2021,4,22,23,4,52,4315200,1160,279,45
1,SU-14608,0143071485,2021,4,22,23,4,52,4315800,1160,279,45
1,SU-14608,0143071485,2021,4,22,23,4,52,4316400,1160,279,45
1,SU-14608,0143071485,2021,4,22,23,4,52,4317000,1160,279,45
1,SU-14608,0143071485,2021,4,22,23,4,52,4317600,1160,279,45
1,SU-14608,0143071485,2021,4,22,23,4,52,4318200,1159,279,45
1,SU-14608,0143071485,2021,4,22,23,4,52,4318800,1159,279,45
1,SU-14608,0143071485,2021,4,22,23,4,52,4319400,1160,279,45
1,SU-14608,0143071485,2021,4,22,23,4,52,4320000,1159,279,45
1,SU-14608,0143071485,2021,4,22,23,4,52,4320600,1159,279,45
1,SU-14608,0143071485,2021,4,22,23,4,52,4321200,1159,279,44
1,SU-14608,0143071485,2021,4,22,23,4,52,4321800,1159,279,45
1,SU-14608,0143071485,2021,4,22,23,4,52,4322400,1159,279,45
1,SU-14608,0143071485,2021,4,22,23,4,52,4323000,1159,279,45
1,SU-14608,0143071485,2021,4,22,23,4,52,4323600,1159,279,45
1,SU-14608,0143071485,2021,4,22,23,4,52,4324200,1160,279,45
1,SU-14608,0143071485,2021,4,22,23,4,52,4324800,1160,279,45
1,SU-14608,0143071485,2021,4,22,23,4,52,4325400,1160,279,45
1,SU-14608,0143071485,2021,4,22,23,4,52,4326000,1161,279,45
1,SU-14608,0143071485,2021,4,22,23,4,52,4326600,1161,279,45
1,SU-14608,0143071485,2021,4,22,23,4,52,4327200,1161,279,45
1,SU-14608,0143071485,2021,4,22,23,4,52,4327800,1161,279,44
1,SU-14608,0143071485,2021,4,22,23,4,52,4328400,1161,279,44
1,SU-14608,0143071485,2021,4,22,23,4,52,4329000,1161,279,45
1,SU-14608,0143071485,2021,4,22,23,4,52,4329600,1161,279,44
1,SU-14608,0143071485,2021,4,22,23,4,52,4330200,1161,279,44
1,SU-14608,0143071485,2021,4,22,23,4,52,4330800,1161,279,44
1,SU-14608,0143071485,2021,4,22,23,4,52,4331400,1161,279,44
1,SU-14608,0143071485,2021,4,22,23,4,52,4332000,1161,279,44
1,SU-14608,0143071485,2021,4,22,23,4,52,4332600,1161,279,45
1,SU-14608,0143071485,2021,4,22,23,4,52,4333200,1161,279,45
1,SU-14608,0143071485,2021,4,22,23,4,52,4333800,1161,279,45
1,SU-14608,0143071485,2021,4,22,23,4,52,4334400,1161,279,44
1,SU-14608,0143071485,2021,4,22,23,4,52,4335000,1161,279,45
1,SU-14608,0143071485,2021,4,22,23,4,52,4335600,1161,279,44
1,SU-14608,0143071485,2021,4,22,23,4,52,4336200,1161,279,43
1,SU-14608,0143071485,2021,4,22,23,4,52,4336800,1161,279,43
1,SU-14608,0143071485,2021,4,22,23,4,52,4337400,1161,279,44
1,SU-14608,0143071485,2021,4,22,23,4,52,4338000,1161,279,44
1,SU-14608,0143071485,2021,4,22,23,4,52,4338600,1160,279,44
1,SU-14608,0143071485,2021,4,22,23,4,52,4339200,1160,279,43
1,SU-14608,0143071485,2021,4,22,23,4,52,4339800,1160,279,44
1,SU-14608,0143071485,2021,4,22,23,4,52,4340400,1158,279,44
1,SU-14608,0143071485,2021,4,22,23,4,52,4341000,1158,279,43
1,SU-14608,0143071485,2021,4,22,23,4,52,4341600,1156,279,44
1,SU-14608,0143071485,2021,4,22,23,4,52,4342200,1157,279,44
1,SU-14608,0143071485,2021,4,22,23,4,52,4342800,1156,279,44
1,SU-14608,0143071485,2021,4,22,23,4,52,4343400,1155,279,44
1,SU-14608,0143071485,2021,4,22,23,4,52,4344000,1154,279,44
1,SU-14608,0143071485,2021,4,22,23,4,52,4344600,1153,279,44
1,SU-14608,0143071485,2021,4,22,23,4,52,4345200,1152,279,44
1,SU-14608,0143071485,2021,4,22,23,4,52,4345800,1151,279,43
1,SU-14608,0143071485,2021,4,22,23,4,52,4346400,1149,279,45
1,SU-14608,0143071485,2021,4,22,23,4,52,4347000,1149,279,43
1,SU-14608,0143071485,2021,4,22,23,4,52,4347600,1148,279,44
1,SU-14608,0143071485,2021,4,22,23,4,52,4348200,1147,279,44
1,SU-14608,0143071485,2021,4,22,23,4,52,4348800,1145,279,44
1,SU-14608,0143071485,2021,4,22,23,4,52,4349400,1144,279,44
1,SU-14608,0143071485,2021,4,22,23,4,52,4350000,1143,279,44
1,SU-14608,0143071485,2021,4,22,23,4,52,4350600,1141,279,44
1,SU-14608,0143071485,2021,4,22,23,4,52,4351200,1140,279,44
1,SU-14608,0143071485,2021,4,22,23,4,52,4351800,1138,279,45
1,SU-14608,0143071485,2021,4,22,23,4,52,4352400,1137,279,44
1,SU-14608,0143071485,2021,4,22,23,4,52,4353000,1136,279,44
1,SU-14608,0143071485,2021,4,22,23,4,52,4353600,1134,279,44
1,SU-14608,0143071485,2021,4,22,23,4,52,4354200,1134,279,44
1,SU-14608,0143071485,2021,4,22,23,4,52,4354800,1131,279,44
1,SU-14608,0143071485,2021,4,22,23,4,52,4355400,1129,279,44
1,SU-14608,0143071485,2021,4,22,23,4,52,4356000,1129,279,43
1,SU-14608,0143071485,2021,4,22,23,4,52,4356600,1127,279,44
1,SU-14608,0143071485,2021,4,22,23,4,52,4357200,1126,279,44
1,SU-14608,0143071485,2021,4,22,23,4,52,4357800,1124,279,44
1,SU-14608,0143071485,2021,4,22,23,4,52,4358400,1123,279,44
1,SU-14608,0143071485,2021,4,22,23,4,52,4359000,1121,279,44
1,SU-14608,0143071485,2021,4,22,23,4,52,4359600,1120,279,44
1,SU-14608,0143071485,2021,4,22,23,4,52,4360200,1118,279,43
1,SU-14608,0143071485,2021,4,22,23,4,52,4360800,1115,279,44
1,SU-14608,0143071485,2021,4,22,23,4,52,4361400,1114,279,43
1,SU-14608,0143071485,2021,4,22,23,4,52,4362000,1113,279,44
1,SU-14608,0143071485,2021,4,22,23,4,52,4362600,1111,279,44
1,SU-14608,0143071485,2021,4,22,23,4,52,4363200,1108,279,43
1,SU-14608,0143071485,2021,4,22,23,4,52,4363800,1105,279,44
1,SU-14608,0143071485,2021,4,22,23,4,52,4364400,1104,279,43
1,SU-14608,0143071485,2021,4,22,23,4,52,4365000,1102,279,43
1,SU-14608,0143071485,2021,4,22,23,4,52,4365600,1101,279,44
1,SU-14608,0143071485,2021,4,22,23,4,52,4366200,1098,279,44
1,SU-14608,0143071485,2021,4,22,23,4,52,4366800,1096,279,43
1,SU-14608,0143071485,2021,4,22,23,4,52,4367400,1095,279,44
1,SU-14608,0143071485,2021,4,22,23,4,52,4368000,1094,279,44
1,SU-14608,0143071485,2021,4,22,23,4,52,4368600,1092,279,43
1,SU-14608,0143071485,2021,4,22,23,4,52,4369200,1089,279,43
1,SU-14608,0143071485,2021,4,22,23,4,52,4369800,1088,279,43
1,SU-14608,0143071485,2021,4,22,23,4,52,4370400,1085,279,43
1,SU-14608,0143071485,2021,4,22,23,4,52,4371000,1082,279,43
1,SU-14608,0143071485,2021,4,22,23,4,52,4371600,1081,279,44
1,SU-14608,0143071485,2021,4,22,23,4,52,4372200,1079,279,43
1,SU-14608,0143071485,2021,4,22,23,4,52,4372800,1077,279,43
1,SU-14608,0143071485,2021,4,22,23,4,52,4373400,1076,279,43
1,SU-14608,0143071485,2021,4,22,23,4,52,4374000,1074,279,42
1,SU-14608,0143071485,2021,4,22,23,4,52,4374600,1073,279,43
1,SU-14608,0143071485,2021,4,22,23,4,52,4375200,1073,279,43
1,SU-14608,0143071485,2021,4,22,23,4,52,4375800,1070,279,43
1,SU-14608,0143071485,2021,4,22,23,4,52,4376400,1069,279,42
1,SU-14608,0143071485,2021,4,22,23,4,52,4377000,1068,279,43
1,SU-14608,0143071485,2021,4,22,23,4,52,4377600,1067,279,43
1,SU-14608,0143071485,2021,4,22,23,4,52,4378200,1065,279,42
1,SU-14608,0143071485,2021,4,22,23,4,52,4378800,1065,279,42
1,SU-14608,0143071485,2021,4,22,23,4,52,4379400,1064,279,43
1,SU-14608,0143071485,2021,4,22,23,4,52,4380000,1064,279,42
1,SU-14608,0143071485,2021,4,22,23,4,52,4380600,1064,279,42
1,SU-14608,0143071485,2021,4,22,23,4,52,4381200,1063,279,42
1,SU-14608,0143071485,2021,4,22,23,4,52,4381800,1063,279,43
1,SU-14608,0143071485,2021,4,22,23,4,52,4382400,1062,279,42
1,SU-14608,0143071485,2021,4,22,23,4,52,4383000,1062,279,42
1,SU-14608,0143071485,2021,4,22,23,4,52,4383600,1061,279,42
1,SU-14608,0143071485,2021,4,22,23,4,52,4384200,1061,279,42
1,SU-14608,0143071485,2021,4,22,23,4,52,4384800,1061,279,43
1,SU-14608,0143071485,2021,4,22,23,4,52,4385400,1061,279,43
1,SU-14608,0143071485,2021,4,22,23,4,52,4386000,1061,279,42
1,SU-14608,0143071485,2021,4,22,23,4,52,4386600,1060,279,43
1,SU-14608,0143071485,2021,4,22,23,4,52,4387200,1060,279,43
1,SU-14608,0143071485,2021,4,22,23,4,52,4387800,1060,279,43
1,SU-14608,0143071485,2021,4,22,23,4,52,4388400,1060,279,42
1,SU-14608,0143071485,2021,4,22,23,4,52,4389000,1059,279,43
1,SU-14608,0143071485,2021,4,22,23,4,52,4389600,1059,279,42
1,SU-14608,0143071485,2021,4,22,23,4,52,4390200,1059,279,43
1,SU-14608,0143071485,2021,4,22,23,4,52,4390800,1058,279,43
1,SU-14608,0143071485,2021,4,22,23,4,52,4391400,1059,279,43
1,SU-14608,0143071485,2021,4,22,23,4,52,4392000,1058,279,42
1,SU-14608,0143071485,2021,4,22,23,4,52,4392600,1059,279,44
1,SU-14608,0143071485,2021,4,22,23,4,52,4393200,1058,279,44
1,SU-14608,0143071485,2021,4,22,23,4,52,4393800,1058,279,43
1,SU-14608,0143071485,2021,4,22,23,4,52,4394400,1058,279,42
1,SU-14608,0143071485,2021,4,22,23,4,52,4395000,1058,279,44
1,SU-14608,0143071485,2021,4,22,23,4,52,4395600,1058,279,43
1,SU-14608,0143071485,2021,4,22,23,4,52,4396200,1058,279,43
1,SU-14608,0143071485,2021,4,22,23,4,52,4396800,1058,279,43
1,SU-14608,0143071485,2021,4,22,23,4,52,4397400,1058,279,43
1,SU-14608,0143071485,2021,4,22,23,4,52,4398000,1058,279,42
1,SU-14608,0143071485,2021,4,22,23,4,52,4398600,1058,279,43
1,SU-14608,0143071485,2021,4,22,23,4,52,4399200,1057,279,43
1,SU-14608,0143071485,2021,4,22,23,4,52,4399800,1057,279,43
1,SU-14608,0143071485,2021,4,22,23,4,52,4400400,1058,279,42
1,SU-14608,0143071485,2021,4,22,23,4,52,4401000,1058,279,43
1,SU-14608,0143071485,2021,4,22,23,4,52,4401600,1057,279,43
1,SU-14608,0143071485,2021,4,22,23,4,52,4402200,1058,279,42
1,SU-14608,0143071485,2021,4,22,23,4,52,4402800,1058,279,43
1,SU-14608,0143071485,2021,4,22,23,4,52,4403400,1057,279,43
1,SU-14608,0143071485,2021,4,22,23,4,52,4404000,1058,279,42
1,SU-14608,0143071485,2021,4,22,23,4,52,4404600,1058,279,42
1,SU-14608,0143071485,2021,4,22,23,4,52,4405200,1059,279,42
1,SU-14608,0143071485,2021,4,22,23,4,52,4405800,1058,279,42
1,SU-14608,0143071485,2021,4,22,23,4,52,4406400,1059,279,43
1,SU-14608,0143071485,2021,4,22,23,4,52,4407000,1058,279,43
1,SU-14608,0143071485,2021,4,22,23,4,52,4407600,1058,279,43
1,SU-14608,0143071485,2021,4,22,23,4,52,4408200,1058,279,42
1,SU-14608,0143071485,2021,4,22,23,4,52,4408800,1058,279,43
1,SU-14608,0143071485,2021,4,22,23,4,52,4409400,1059,279,43
1,SU-14608,0143071485,2021,4,22,23,4,52,4410000,1059,279,42
1,SU-14608,0143071485,2021,4,22,23,4,52,4410600,1059,279,42
1,SU-14608,0143071485,2021,4,22,23,4,52,4411200,1059,279,42
1,SU-14608,0143071485,2021,4,22,23,4,52,4411800,1059,279,43
1,SU-14608,0143071485,2021,4,22,23,4,52,4412400,1060,279,42
1,SU-14608,0143071485,2021,4,22,23,4,52,4413000,1059,279,42
1,SU-14608,0143071485,2021,4,22,23,4,52,4413600,1059,279,43
1,SU-14608,0143071485,2021,4,22,23,4,52,4414200,1059,279,42
1,SU-14608,0143071485,2021,4,22,23,4,52,4414800,1060,279,42
1,SU-14608,0143071485,2021,4,22,23,4,52,4415400,1060,279,42
1,SU-14608,0143071485,2021,4,22,23,4,52,4416000,1061,279,42
1,SU-14608,0143071485,2021,4,22,23,4,52,4416600,1059,279,42
1,SU-14608,0143071485,2021,4,22,23,4,52,4417200,1060,279,43
1,SU-14608,0143071485,2021,4,22,23,4,52,4417800,1060,279,42
1,SU-14608,0143071485,2021,4,22,23,4,52,4418400,1060,279,42
1,SU-14608,0143071485,2021,4,22,23,4,52,4419000,1060,279,42
1,SU-14608,0143071485,2021,4,22,23,4,52,4419600,1060,279,42
1,SU-14608,0143071485,2021,4,22,23,4,52,4420200,1060,279,42
1,SU-14608,0143071485,2021,4,22,23,4,52,4420800,1060,279,42
1,SU-14608,0143071485,2021,4,22,23,4,52,4421400,1060,279,42
1,SU-14608,0143071485,2021,4,22,23,4,52,4422000,1060,279,42
1,SU-14608,0143071485,2021,4,22,23,4,52,4422600,1060,279,42
1,SU-14608,0143071485,2021,4,22,23,4,52,4423200,1060,279,42
1,SU-14608,0143071485,2021,4,22,23,4,52,4423800,1060,279,42
1,SU-14608,0143071485,2021,4,22,23,4,52,4424400,1060,279,42
1,SU-14608,0143071485,2021,4,22,23,4,52,4425000,1059,279,42
1,SU-14608,0143071485,2021,4,22,23,4,52,4425600,1060,279,42
1,SU-14608,0143071485,2021,4,22,23,4,52,4426200,1059,279,42
1,SU-14608,0143071485,2021,4,22,23,4,52,4426800,1060,279,42
1,SU-14608,0143071485,2021,4,22,23,4,52,4427400,1060,279,42
1,SU-14608,0143071485,2021,4,22,23,4,52,4428000,1060,279,42
1,SU-14608,0143071485,2021,4,22,23,4,52,4428600,1059,279,41
1,SU-14608,0143071485,2021,4,22,23,4,52,4429200,1060,279,42
1,SU-14608,0143071485,2021,4,22,23,4,52,4429800,1059,279,42
1,SU-14608,0143071485,2021,4,22,23,4,52,4430400,1059,279,42
1,SU-14608,0143071485,2021,4,22,23,4,52,4431000,1059,279,42
1,SU-14608,0143071485,2021,4,22,23,4,52,4431600,1058,279,42
1,SU-14608,0143071485,2021,4,22,23,4,52,4432200,1059,279,42
1,SU-14608,0143071485,2021,4,22,23,4,52,4432800,1058,279,42
1,SU-14608,0143071485,2021,4,22,23,4,52,4433400,1059,279,42
1,SU-14608,0143071485,2021,4,22,23,4,52,4434000,1058,279,41
1,SU-14608,0143071485,2021,4,22,23,4,52,4434600,1059,279,42
1,SU-14608,0143071485,2021,4,22,23,4,52,4435200,1058,279,41
1,SU-14608,0143071485,2021,4,22,23,4,52,4435800,1058,279,42
1,SU-14608,0143071485,2021,4,22,23,4,52,4436400,1057,279,41
1,SU-14608,0143071485,2021,4,22,23,4,52,4437000,1057,279,42
1,SU-14608,0143071485,2021,4,22,23,4,52,4437600,1057,279,42
1,SU-14608,0143071485,2021,4,22,23,4,52,4438200,1057,279,42
1,SU-14608,0143071485,2021,4,22,23,4,52,4438800,1057,279,42
1,SU-14608,0143071485,2021,4,22,23,4,52,4439400,1056,279,41
1,SU-14608,0143071485,2021,4,22,23,4,52,4440000,1056,279,41
1,SU-14608,0143071485,2021,4,22,23,4,52,4440600,1056,279,41
1,SU-14608,0143071485,2021,4,22,23,4,52,4441200,1056,279,42
1,SU-14608,0143071485,2021,4,22,23,4,52,4441800,1056,279,41
1,SU-14608,0143071485,2021,4,22,23,4,52,4442400,1055,279,41
1,SU-14608,0143071485,2021,4,22,23,4,52,4443000,1055,279,41
1,SU-14608,0143071485,2021,4,22,23,4,52,4443600,1055,279,41
1,SU-14608,0143071485,2021,4,22,23,4,52,4444200,1054,279,41
1,SU-14608,0143071485,2021,4,22,23,4,52,4444800,1054,279,40
1,SU-14608,0143071485,2021,4,22,23,4,52,4445400,1054,279,42
1,SU-14608,0143071485,2021,4,22,23,4,52,4446000,1054,279,42
1,SU-14608,0143071485,2021,4,22,23,4,52,4446600,1053,279,41
1,SU-14608,0143071485,2021,4,22,23,4,52,4447200,1053,279,40
1,SU-14608,0143071485,2021,4,22,23,4,52,4447800,1052,279,41
1,SU-14608,0143071485,2021,4,22,23,4,52,4448400,1051,279,42
1,SU-14608,0143071485,2021,4,22,23,4,52,4449000,1050,279,41
1,SU-14608,0143071485,2021,4,22,23,4,52,4449600,1050,279,41
1,SU-14608,0143071485,2021,4,22,23,4,52,4450200,1051,279,41
1,SU-14608,0143071485,2021,4,22,23,4,52,4450800,1050,279,41
1,SU-14608,0143071485,2021,4,22,23,4,52,4451400,1048,279,41
1,SU-14608,0143071485,2021,4,22,23,4,52,4452000,1049,279,41
1,SU-14608,0143071485,2021,4,22,23,4,52,4452600,1048,279,41
1,SU-14608,0143071485,2021,4,22,23,4,52,4453200,1047,279,41
1,SU-14608,0143071485,2021,4,22,23,4,52,4453800,1046,279,41
1,SU-14608,0143071485,2021,4,22,23,4,52,4454400,1046,279,41
1,SU-14608,0143071485,2021,4,22,23,4,52,4455000,1046,279,42
1,SU-14608,0143071485,2021,4,22,23,4,52,4455600,1044,279,41
1,SU-14608,0143071485,2021,4,22,23,4,52,4456200,1044,279,40
1,SU-14608,0143071485,2021,4,22,23,4,52,4456800,1042,279,41
1,SU-14608,0143071485,2021,4,22,23,4,52,4457400,1042,279,41
1,SU-14608,0143071485,2021,4,22,23,4,52,4458000,1041,279,40
1,SU-14608,0143071485,2021,4,22,23,4,52,4458600,1040,279,41
1,SU-14608,0143071485,2021,4,22,23,4,52,4459200,1039,279,41
1,SU-14608,0143071485,2021,4,22,23,4,52,4459800,1038,279,41
1,SU-14608,0143071485,2021,4,22,23,4,52,4460400,1037,279,41
1,SU-14608,0143071485,2021,4,22,23,4,52,4461000,1035,279,41
1,SU-14608,0143071485,2021,4,22,23,4,52,4461600,1035,279,41
1,SU-14608,0143071485,2021,4,22,23,4,52,4462200,1034,279,41
1,SU-14608,0143071485,2021,4,22,23,4,52,4462800,1033,279,41
1,SU-14608,0143071485,2021,4,22,23,4,52,4463400,1032,279,41
1,SU-14608,0143071485,2021,4,22,23,4,52,4464000,1031,279,40
1,SU-14608,0143071485,2021,4,22,23,4,52,4464600,1030,279,40
1,SU-14608,0143071485,2021,4,22,23,4,52,4465200,1030,279,41
1,SU-14608,0143071485,2021,4,22,23,4,52,4465800,1029,279,40
1,SU-14608,0143071485,2021,4,22,23,4,52,4466400,1028,279,41
1,SU-14608,0143071485,2021,4,22,23,4,52,4467000,1026,279,40
1,SU-14608,0143071485,2021,4,22,23,4,52,4467600,1026,279,40
1,SU-14608,0143071485,2021,4,22,23,4,52,4468200,1025,279,41
1,SU-14608,0143071485,2021,4,22,23,4,52,4468800,1024,279,40
1,SU-14608,0143071485,2021,4,22,23,4,52,4469400,1023,279,40
1,SU-14608,0143071485,2021,4,22,23,4,52,4470000,1021,279,42
1,SU-14608,0143071485,2021,4,22,23,4,52,4470600,1021,279,42
1,SU-14608,0143071485,2021,4,22,23,4,52,4471200,1020,279,40
1,SU-14608,0143071485,2021,4,22,23,4,52,4471800,1020,279,41
1,SU-14608,0143071485,2021,4,22,23,4,52,4472400,1019,279,41
1,SU-14608,0143071485,2021,4,22,23,4,52,4473000,1018,279,41
1,SU-14608,0143071485,2021,4,22,23,4,52,4473600,1016,279,42
1,SU-14608,0143071485,2021,4,22,23,4,52,4474200,1016,279,41
1,SU-14608,0143071485,2021,4,22,23,4,52,4474800,1015,279,41
1,SU-14608,0143071485,2021,4,22,23,4,52,4475400,1016,279,40
1,SU-14608,0143071485,2021,4,22,23,4,52,4476000,1014,279,40
1,SU-14608,0143071485,2021,4,22,23,4,52,4476600,1014,279,41
1,SU-14608,0143071485,2021,4,22,23,4,52,4477200,1013,279,41
1,SU-14608,0143071485,2021,4,22,23,4,52,4477800,1010,279,41
1,SU-14608,0143071485,2021,4,22,23,4,52,4478400,1009,279,40
1,SU-14608,0143071485,2021,4,22,23,4,52,4479000,1006,279,41
1,SU-14608,0143071485,2021,4,22,23,4,52,4479600,1006,279,40
1,SU-14608,0143071485,2021,4,22,23,4,52,4480200,1004,279,41
1,SU-14608,0143071485,2021,4,22,23,4,52,4480800,1004,279,41
1,SU-14608,0143071485,2021,4,22,23,4,52,4481400,1003,279,40
1,SU-14608,0143071485,2021,4,22,23,4,52,4482000,1003,279,41
1,SU-14608,0143071485,2021,4,22,23,4,52,4482600,1002,279,40
1,SU-14608,0143071485,2021,4,22,23,4,52,4483200,1001,279,41
1,SU-14608,0143071485,2021,4,22,23,4,52,4483800,1001,279,41
1,SU-14608,0143071485,2021,4,22,23,4,52,4484400,1000,279,41
1,SU-14608,0143071485,2021,4,22,23,4,52,4485000,1000,279,40
1,SU-14608,0143071485,2021,4,22,23,4,52,4485600,1000,279,41
1,SU-14608,0143071485,2021,4,22,23,4,52,4486200,1000,279,40
1,SU-14608,0143071485,2021,4,22,23,4,52,4486800,1000,279,40
1,SU-14608,0143071485,2021,4,22,23,4,52,4487400,1000,279,41
1,SU-14608,0143071485,2021,4,22,23,4,52,4488000,1000,279,41
1,SU-14608,0143071485,2021,4,22,23,4,52,4488600,1000,279,41
1,SU-14608,0143071485,2021,4,22,23,4,52,4489200,1000,279,40
1,SU-14608,0143071485,2021,4,22,23,4,52,4489800,1000,279,41
1,SU-14608,0143071485,2021,4,22,23,4,52,4490400,1000,279,41
1,SU-14608,0143071485,2021,4,22,23,4,52,4491000,1000,279,42
1,SU-14608,0143071485,2021,4,22,23,4,52,4491600,1001,279,40
1,SU-14608,0143071485,2021,4,22,23,4,52,4492200,1001,279,40
1,SU-14608,0143071485,2021,4,22,23,4,52,4492800,1002,279,42
1,SU-14608,0143071485,2021,4,22,23,4,52,4493400,1001,279,42
1,SU-14608,0143071485,2021,4,22,23,4,52,4494000,1003,279,41
1,SU-14608,0143071485,2021,4,22,23,4,52,4494600,1003,279,41
1,SU-14608,0143071485,2021,4,22,23,4,52,4495200,1003,279,41
1,SU-14608,0143071485,2021,4,22,23,4,52,4495800,1004,279,41
1,SU-14608,0143071485,2021,4,22,23,4,52,4496400,1005,279,41
1,SU-14608,0143071485,2021,4,22,23,4,52,4497000,1006,279,41
1,SU-14608,0143071485,2021,4,22,23,4,52,4497600,1006,279,40
1,SU-14608,0143071485,2021,4,22,23,4,52,4498200,1007,279,41
1,SU-14608,0143071485,2021,4,22,23,4,52,4498800,1007,279,41
1,SU-14608,0143071485,2021,4,22,23,4,52,4499400,1007,279,41
1,SU-14608,0143071485,2021,4,22,23,4,52,4500000,1008,279,41
1,SU-14608,0143071485,2021,4,22,23,4,52,4500600,1009,279,41
1,SU-14608,0143071485,2021,4,22,23,4,52,4501200,1009,279,42
1,SU-14608,0143071485,2021,4,22,23,4,52,4501800,1011,279,41
1,SU-14608,0143071485,2021,4,22,23,4,52,4502400,1010,279,40
1,SU-14608,0143071485,2021,4,22,23,4,52,4503000,1010,279,41
1,SU-14608,0143071485,2021,4,22,23,4,52,4503600,1012,279,41
1,SU-14608,0143071485,2021,4,22,23,4,52,4504200,1011,279,41
1,SU-14608,0143071485,2021,4,22,23,4,52,4504800,1012,279,41
1,SU-14608,0143071485,2021,4,22,23,4,52,4505400,1012,279,41
1,SU-14608,0143071485,2021,4,22,23,4,52,4506000,1012,279,40
1,SU-14608,0143071485,2021,4,22,23,4,52,4506600,1013,279,41
1,SU-14608,0143071485,2021,4,22,23,4,52,4507200,1013,279,41
1,SU-14608,0143071485,2021,4,22,23,4,52,4507800,1013,279,42
1,SU-14608,0143071485,2021,4,22,23,4,52,4508400,1015,279,41
1,SU-14608,0143071485,2021,4,22,23,4,52,4509000,1014,279,41
1,SU-14608,0143071485,2021,4,22,23,4,52,4509600,1014,279,42
1,SU-14608,0143071485,2021,4,22,23,4,52,4510200,1015,279,42
1,SU-14608,0143071485,2021,4,22,23,4,52,4510800,1015,279,42
1,SU-14608,0143071485,2021,4,22,23,4,52,4511400,1016,279,42
1,SU-14608,0143071485,2021,4,22,23,4,52,4512000,1015,279,42
1,SU-14608,0143071485,2021,4,22,23,4,52,4512600,1016,279,42
1,SU-14608,0143071485,2021,4,22,23,4,52,4513200,1016,279,42
1,SU-14608,0143071485,2021,4,22,23,4,52,4513800,1016,279,42
1,SU-14608,0143071485,2021,4,22,23,4,52,4514400,1016,279,42
1,SU-14608,0143071485,2021,4,22,23,4,52,4515000,1016,279,43
1,SU-14608,0143071485,2021,4,22,23,4,52,4515600,1016,279,42
1,SU-14608,0143071485,2021,4,22,23,4,52,4516200,1016,279,43
1,SU-14608,0143071485,2021,4,22,23,4,52,4516800,1016,279,43
1,SU-14608,0143071485,2021,4,22,23,4,52,4517400,1016,279,43
1,SU-14608,0143071485,2021,4,22,23,4,52,4518000,1016,279,44
1,SU-14608,0143071485,2021,4,22,23,4,52,4518600,1016,279,43
1,SU-14608,0143071485,2021,4,22,23,4,52,4519200,1016,279,43
1,SU-14608,0143071485,2021,4,22,23,4,52,4519800,1017,279,44
1,SU-14608,0143071485,2021,4,22,23,4,52,4520400,1017,279,44
1,SU-14608,0143071485,2021,4,22,23,4,52,4521000,1017,279,44
1,SU-14608,0143071485,2021,4,22,23,4,52,4521600,1017,279,44
1,SU-14608,0143071485,2021,4,22,23,4,52,4522200,1017,279,44
1,SU-14608,0143071485,2021,4,22,23,4,52,4522800,1017,279,44
1,SU-14608,0143071485,2021,4,22,23,4,52,4523400,1018,279,44
1,SU-14608,0143071485,2021,4,22,23,4,52,4524000,1017,279,44
1,SU-14608,0143071485,2021,4,22,23,4,52,4524600,1017,279,45
1,SU-14608,0143071485,2021,4,22,23,4,52,4525200,1017,279,44
1,SU-14608,0143071485,2021,4,22,23,4,52,4525800,1016,279,45
1,SU-14608,0143071485,2021,4,22,23,4,52,4526400,1016,279,44
1,SU-14608,0143071485,2021,4,22,23,4,52,4527000,1017,279,44
1,SU-14608,0143071485,2021,4,22,23,4,52,4527600,1016,279,45
1,SU-14608,0143071485,2021,4,22,23,4,52,4528200,1015,279,45
1,SU-14608,0143071485,2021,4,22,23,4,52,4528800,1015,279,45
1,SU-14608,0143071485,2021,4,22,23,4,52,4529400,1014,279,44
1,SU-14608,0143071485,2021,4,22,23,4,52,4530000,1015,279,45
1,SU-14608,0143071485,2021,4,22,23,4,52,4530600,1014,279,44
1,SU-14608,0143071485,2021,4,22,23,4,52,4531200,1013,279,45
1,SU-14608,0143071485,2021,4,22,23,4,52,4531800,1013,279,45
1,SU-14608,0143071485,2021,4,22,23,4,52,4532400,1013,279,45
1,SU-14608,0143071485,2021,4,22,23,4,52,4533000,1012,279,45
1,SU-14608,0143071485,2021,4,22,23,4,52,4533600,1011,279,45
1,SU-14608,0143071485,2021,4,22,23,4,52,4534200,1010,279,44
1,SU-14608,0143071485,2021,4,22,23,4,52,4534800,1010,279,45
1,SU-14608,0143071485,2021,4,22,23,4,52,4535400,1009,279,45
1,SU-14608,0143071485,2021,4,22,23,4,52,4536000,1009,279,45
1,SU-14608,0143071485,2021,4,22,23,4,52,4536600,1009,279,44
1,SU-14608,0143071485,2021,4,22,23,4,52,4537200,1007,279,44
1,SU-14608,0143071485,2021,4,22,23,4,52,4537800,1007,279,44
1,SU-14608,0143071485,2021,4,22,23,4,52,4538400,1007,279,45
1,SU-14608,0143071485,2021,4,22,23,4,52,4539000,1005,279,45
1,SU-14608,0143071485,2021,4,22,23,4,52,4539600,1004,279,44
1,SU-14608,0143071485,2021,4,22,23,4,52,4540200,1004,279,45
1,SU-14608,0143071485,2021,4,22,23,4,52,4540800,1004,279,44
1,SU-14608,0143071485,2021,4,22,23,4,52,4541400,1003,279,43
1,SU-14608,0143071485,2021,4,22,23,4,52,4542000,1002,279,45
1,SU-14608,0143071485,2021,4,22,23,4,52,4542600,1000,279,44
1,SU-14608,0143071485,2021,4,22,23,4,52,4543200,1000,279,44
1,SU-14608,0143071485,2021,4,22,23,4,52,4543800,1000,279,45
1,SU-14608,0143071485,2021,4,22,23,4,52,4544400,998,279,43
1,SU-14608,0143071485,2021,4,22,23,4,52,4545000,997,279,43
1,SU-14608,0143071485,2021,4,22,23,4,52,4545600,997,279,43
1,SU-14608,0143071485,2021,4,22,23,4,52,4546200,995,279,44
1,SU-14608,0143071485,2021,4,22,23,4,52,4546800,993,279,43
1,SU-14608,0143071485,2021,4,22,23,4,52,4547400,992,279,44
1,SU-14608,0143071485,2021,4,22,23,4,52,4548000,990,279,44
1,SU-14608,0143071485,2021,4,22,23,4,52,4548600,987,279,44
1,SU-14608,0143071485,2021,4,22,23,4,52,4549200,986,279,45
1,SU-14608,0143071485,2021,4,22,23,4,52,4549800,983,279,44
1,SU-14608,0143071485,2021,4,22,23,4,52,4550400,981,279,45
1,SU-14608,0143071485,2021,4,22,23,4,52,4551000,978,279,45
1,SU-14608,0143071485,2021,4,22,23,4,52,4551600,976,279,44
1,SU-14608,0143071485,2021,4,22,23,4,52,4552200,973,279,45
1,SU-14608,0143071485,2021,4,22,23,4,52,4552800,971,279,45
1,SU-14608,0143071485,2021,4,22,23,4,52,4553400,967,279,45
1,SU-14608,0143071485,2021,4,22,23,4,52,4554000,965,279,45
1,SU-14608,0143071485,2021,4,22,23,4,52,4554600,962,279,45
1,SU-14608,0143071485,2021,4,22,23,4,52,4555200,959,279,45
1,SU-14608,0143071485,2021,4,22,23,4,52,4555800,956,279,45
1,SU-14608,0143071485,2021,4,22,23,4,52,4556400,952,279,45
1,SU-14608,0143071485,2021,4,22,23,4,52,4557000,949,279,45
1,SU-14608,0143071485,2021,4,22,23,4,52,4557600,945,279,46
1,SU-14608,0143071485,2021,4,22,23,4,52,4558200,942,279,46
1,SU-14608,0143071485,2021,4,22,23,4,52,4558800,940,279,45
1,SU-14608,0143071485,2021,4,22,23,4,52,4559400,935,279,45
1,SU-14608,0143071485,2021,4,22,23,4,52,4560000,932,279,45
1,SU-14608,0143071485,2021,4,22,23,4,52,4560600,929,279,45
1,SU-14608,0143071485,2021,4,22,23,4,52,4561200,925,279,42
1,SU-14608,0143071485,2021,4,22,23,4,52,4561800,924,279,42
1,SU-14608,0143071485,2021,4,22,23,4,52,4562400,924,279,42
1,SU-14608,0143071485,2021,4,22,23,4,52,4563000,925,279,42
1,SU-14608,0143071485,2021,4,22,23,4,52,4563600,924,279,43
1,SU-14608,0143071485,2021,4,22,23,4,52,4564200,924,279,44
1,SU-14608,0143071485,2021,4,22,23,4,52,4564800,924,279,44
1,SU-14608,0143071485,2021,4,22,23,4,52,4565400,924,279,44
1,SU-14608,0143071485,2021,4,22,23,4,52,4566000,923,279,44
